Timestamp,Battery_ID,SOC_percent,Voltage_V,Current_A,Temperature_C,Vibration_g,Capacity_Ah,Anomaly,Failure
2026-01-01 08:00:00,EV_BAT_01,80.8,391.38,39.7,26.62,0.188,99.8,0,0
2026-01-01 08:01:00,EV_BAT_01,83.24,392.07,28.01,25.88,0.1624,99.88,0,0
2026-01-01 08:02:00,EV_BAT_01,84.36,391.16,34.74,26.76,0.2011,99.82,0,0
2026-01-01 08:03:00,EV_BAT_01,89.55,386.9,36.4,28.16,0.171,99.89,0,0
2026-01-01 08:04:00,EV_BAT_01,86.76,390.25,37.15,25.62,0.2063,99.94,0,0
2026-01-01 08:05:00,EV_BAT_01,82.73,388.59,38.33,25.61,0.1826,100.13,0,0
2026-01-01 08:06:00,EV_BAT_01,86.87,390.44,40.56,28.64,0.1483,99.92,0,0
2026-01-01 08:07:00,EV_BAT_01,82.52,392.7,38.49,26.66,0.1685,99.68,0,0
2026-01-01 08:08:00,EV_BAT_01,88.44,391.61,37.66,25.15,0.1841,100.17,0,0
2026-01-01 08:09:00,EV_BAT_01,85.16,393.26,38.0,26.51,0.2308,99.81,0,0
2026-01-01 08:10:00,EV_BAT_01,86.12,391.94,37.68,25.94,0.2208,99.94,0,0
2026-01-01 08:11:00,EV_BAT_01,89.37,389.12,43.77,27.68,0.2405,100.03,0,0
2026-01-01 08:12:00,EV_BAT_01,83.75,387.05,38.51,27.51,0.2429,99.98,0,0
2026-01-01 08:13:00,EV_BAT_01,83.64,391.99,44.96,26.42,0.1897,100.14,0,0
2026-01-01 08:14:00,EV_BAT_01,85.56,391.47,42.12,26.22,0.1998,100.02,0,0
2026-01-01 08:15:00,EV_BAT_01,89.26,390.22,40.41,27.09,0.1957,99.78,0,0
2026-01-01 08:16:00,EV_BAT_01,83.77,389.05,45.42,25.67,0.1905,100.32,0,0
2026-01-01 08:17:00,EV_BAT_01,81.01,390.91,40.48,26.83,0.1625,99.96,0,0
2026-01-01 08:18:00,EV_BAT_01,86.37,392.01,46.37,25.57,0.2094,99.89,0,0
2026-01-01 08:19:00,EV_BAT_01,88.71,393.69,45.09,25.82,0.1787,100.09,0,0
2026-01-01 08:20:00,EV_BAT_01,90.26,392.96,42.26,28.47,0.2111,99.95,0,0
2026-01-01 08:21:00,EV_BAT_01,86.73,395.64,47.15,27.04,0.2658,99.98,0,0
2026-01-01 08:22:00,EV_BAT_01,86.97,391.0,47.61,28.22,0.201,100.35,0,0
2026-01-01 08:23:00,EV_BAT_01,90.54,394.57,50.42,25.34,0.2194,99.85,0,0
2026-01-01 08:24:00,EV_BAT_01,84.02,393.2,50.01,27.27,0.2379,99.83,0,0
2026-01-01 08:25:00,EV_BAT_01,87.4,394.48,48.46,26.3,0.2228,99.91,0,0
2026-01-01 08:26:00,EV_BAT_01,88.8,392.57,42.31,26.29,0.2236,100.08,0,0
2026-01-01 08:27:00,EV_BAT_01,89.5,395.4,56.93,28.41,0.2077,99.61,0,0
2026-01-01 08:28:00,EV_BAT_01,87.51,394.12,41.82,26.46,0.2113,99.52,0,0
2026-01-01 08:29:00,EV_BAT_01,88.83,392.48,51.52,27.65,0.1933,99.76,0,0
2026-01-01 08:30:00,EV_BAT_01,83.4,393.8,49.72,26.18,0.2386,99.57,0,0
2026-01-01 08:31:00,EV_BAT_01,87.55,393.5,43.55,27.14,0.1739,99.78,0,0
2026-01-01 08:32:00,EV_BAT_01,90.12,394.93,47.98,27.78,0.2416,99.95,0,0
2026-01-01 08:33:00,EV_BAT_01,87.08,392.04,48.39,28.04,0.1821,99.69,0,0
2026-01-01 08:34:00,EV_BAT_01,89.49,394.22,54.13,27.38,0.241,99.59,0,0
2026-01-01 08:35:00,EV_BAT_01,90.46,395.09,46.24,27.47,0.2078,99.85,0,0
2026-01-01 08:36:00,EV_BAT_01,88.84,394.55,48.22,27.62,0.1854,99.99,0,0
2026-01-01 08:37:00,EV_BAT_01,90.09,397.02,40.07,24.73,0.2301,99.53,0,0
2026-01-01 08:38:00,EV_BAT_01,87.71,396.09,56.49,25.94,0.2382,99.98,0,0
2026-01-01 08:39:00,EV_BAT_01,89.49,394.79,45.39,27.55,0.2034,99.97,0,0
2026-01-01 08:40:00,EV_BAT_01,91.4,395.29,51.08,27.82,0.2315,99.99,0,0
2026-01-01 08:41:00,EV_BAT_01,90.52,395.53,49.45,26.66,0.1555,100.03,0,0
2026-01-01 08:42:00,EV_BAT_01,89.0,395.83,49.53,26.17,0.1787,100.21,0,0
2026-01-01 08:43:00,EV_BAT_01,90.89,391.91,53.2,26.87,0.243,99.74,0,0
2026-01-01 08:44:00,EV_BAT_01,92.08,394.75,56.68,27.02,0.2039,99.82,0,0
2026-01-01 08:45:00,EV_BAT_01,86.11,392.71,51.01,27.21,0.1618,99.72,0,0
2026-01-01 08:46:00,EV_BAT_01,93.28,397.78,52.61,27.08,0.1896,99.79,0,0
2026-01-01 08:47:00,EV_BAT_01,90.1,395.46,51.28,28.68,0.1827,100.06,0,0
2026-01-01 08:48:00,EV_BAT_01,91.88,395.31,53.99,28.96,0.2003,99.54,0,0
2026-01-01 08:49:00,EV_BAT_01,93.68,397.36,48.0,26.78,0.1937,99.62,0,0
2026-01-01 08:50:00,EV_BAT_01,88.14,396.59,54.07,28.06,0.206,100.02,0,0
2026-01-01 08:51:00,EV_BAT_01,89.7,393.88,54.11,28.43,0.1982,99.95,0,0
2026-01-01 08:52:00,EV_BAT_01,90.72,395.86,53.88,26.73,0.2324,99.7,0,0
2026-01-01 08:53:00,EV_BAT_01,89.74,395.47,46.78,27.99,0.2074,99.92,0,0
2026-01-01 08:54:00,EV_BAT_01,95.38,393.01,48.59,28.38,0.2066,99.82,0,0
2026-01-01 08:55:00,EV_BAT_01,89.77,394.98,50.05,27.56,0.2226,100.02,0,0
2026-01-01 08:56:00,EV_BAT_01,90.53,395.97,43.42,26.76,0.182,99.76,0,0
2026-01-01 08:57:00,EV_BAT_01,92.3,396.16,55.08,26.24,0.1585,99.93,0,0
2026-01-01 08:58:00,EV_BAT_01,89.3,393.77,48.43,29.66,0.2185,100.21,0,0
2026-01-01 08:59:00,EV_BAT_01,91.17,398.58,49.38,27.89,0.1899,99.84,0,0
2026-01-01 09:00:00,EV_BAT_01,92.83,396.38,45.68,28.78,0.1883,99.74,0,0
2026-01-01 09:01:00,EV_BAT_01,91.49,396.7,42.41,27.65,0.1672,99.86,0,0
2026-01-01 09:02:00,EV_BAT_01,92.11,397.41,45.02,27.54,0.1659,99.66,0,0
2026-01-01 09:03:00,EV_BAT_01,91.24,395.33,48.01,26.76,0.2007,100.15,0,0
2026-01-01 09:04:00,EV_BAT_01,89.16,397.63,49.51,28.79,0.2025,99.74,0,0
2026-01-01 09:05:00,EV_BAT_01,93.29,396.2,47.14,29.47,0.1957,99.66,0,0
2026-01-01 09:06:00,EV_BAT_01,96.52,395.3,47.53,28.51,0.1943,99.55,0,0
2026-01-01 09:07:00,EV_BAT_01,92.79,397.99,44.44,29.27,0.187,99.9,0,0
2026-01-01 09:08:00,EV_BAT_01,93.32,399.69,47.4,28.03,0.1745,99.85,0,0
2026-01-01 09:09:00,EV_BAT_01,94.43,398.36,50.97,27.38,0.1652,99.6,0,0
2026-01-01 09:10:00,EV_BAT_01,90.19,398.76,47.46,27.09,0.1984,99.79,0,0
2026-01-01 09:11:00,EV_BAT_01,96.81,396.2,47.47,29.62,0.1573,99.41,0,0
2026-01-01 09:12:00,EV_BAT_01,93.58,394.3,44.99,28.9,0.1744,99.71,0,0
2026-01-01 09:13:00,EV_BAT_01,96.8,399.89,37.38,30.2,0.1437,99.75,0,0
2026-01-01 09:14:00,EV_BAT_01,91.67,400.94,38.77,26.3,0.146,99.97,0,0
2026-01-01 09:15:00,EV_BAT_01,97.36,400.05,44.32,28.06,0.1553,99.52,0,0
2026-01-01 09:16:00,EV_BAT_01,95.13,396.7,42.0,26.74,0.14,99.43,0,0
2026-01-01 09:17:00,EV_BAT_01,94.71,395.25,43.33,28.73,0.1789,99.49,0,0
2026-01-01 09:18:00,EV_BAT_01,94.08,395.44,47.81,26.91,0.1242,99.41,0,0
2026-01-01 09:19:00,EV_BAT_01,93.08,394.35,43.52,26.49,0.1594,99.89,0,0
2026-01-01 09:20:00,EV_BAT_01,96.33,397.21,45.17,27.9,0.1594,99.92,0,0
2026-01-01 09:21:00,EV_BAT_01,94.06,400.31,40.01,28.26,0.11,99.69,0,0
2026-01-01 09:22:00,EV_BAT_01,89.49,397.18,35.91,29.01,0.1436,99.85,0,0
2026-01-01 09:23:00,EV_BAT_01,91.42,397.99,38.4,27.8,0.1604,99.65,0,0
2026-01-01 09:24:00,EV_BAT_01,93.52,399.93,34.9,25.45,0.1642,99.6,0,0
2026-01-01 09:25:00,EV_BAT_01,94.67,396.73,43.84,27.94,0.1479,99.56,0,0
2026-01-01 09:26:00,EV_BAT_01,93.92,401.13,40.25,27.03,0.1696,99.56,0,0
2026-01-01 09:27:00,EV_BAT_01,96.77,401.05,38.65,28.96,0.1497,99.33,0,0
2026-01-01 09:28:00,EV_BAT_01,89.85,397.23,40.99,27.43,0.1526,99.65,0,0
2026-01-01 09:29:00,EV_BAT_01,94.51,396.43,27.44,26.42,0.1585,99.59,0,0
2026-01-01 09:30:00,EV_BAT_01,90.24,398.72,37.35,27.57,0.1754,99.73,0,0
2026-01-01 09:31:00,EV_BAT_01,95.95,396.83,29.23,28.11,0.1354,99.61,0,0
2026-01-01 09:32:00,EV_BAT_01,94.12,395.36,33.92,28.53,0.1404,99.56,0,0
2026-01-01 09:33:00,EV_BAT_01,95.29,399.74,32.19,27.96,0.1361,99.42,0,0
2026-01-01 09:34:00,EV_BAT_01,92.51,399.61,35.56,28.17,0.145,99.59,0,0
2026-01-01 09:35:00,EV_BAT_01,97.26,397.68,33.31,28.03,0.1894,99.71,0,0
2026-01-01 09:36:00,EV_BAT_01,96.78,395.11,37.26,28.4,0.1687,99.36,0,0
2026-01-01 09:37:00,EV_BAT_01,95.8,395.15,28.96,28.78,0.1268,99.58,0,0
2026-01-01 09:38:00,EV_BAT_01,94.27,397.53,33.7,28.73,0.1409,99.6,0,0
2026-01-01 09:39:00,EV_BAT_01,95.86,396.41,31.01,26.91,0.1661,99.43,0,0
2026-01-01 09:40:00,EV_BAT_01,93.06,396.66,23.33,28.04,0.135,99.44,0,0
2026-01-01 09:41:00,EV_BAT_01,96.52,399.09,25.71,26.53,0.1406,99.59,0,0
2026-01-01 09:42:00,EV_BAT_01,98.3,398.53,28.3,28.56,0.1935,99.34,0,0
2026-01-01 09:43:00,EV_BAT_01,97.05,399.66,32.87,26.47,0.1457,99.6,0,0
2026-01-01 09:44:00,EV_BAT_01,93.11,395.36,29.81,28.53,0.1862,99.37,0,0
2026-01-01 09:45:00,EV_BAT_01,95.53,396.48,22.83,29.71,0.195,99.72,0,0
2026-01-01 09:46:00,EV_BAT_01,91.91,398.42,26.49,29.23,0.1467,99.94,0,0
2026-01-01 09:47:00,EV_BAT_01,96.03,397.81,34.68,28.31,0.1443,99.36,0,0
2026-01-01 09:48:00,EV_BAT_01,95.77,399.72,26.63,28.79,0.1612,99.61,0,0
2026-01-01 09:49:00,EV_BAT_01,90.68,397.67,24.46,27.75,0.1424,99.38,0,0
2026-01-01 09:50:00,EV_BAT_01,92.25,400.18,27.33,28.3,0.1743,99.69,0,0
2026-01-01 09:51:00,EV_BAT_01,94.19,397.77,28.02,28.37,0.1678,99.27,0,0
2026-01-01 09:52:00,EV_BAT_01,94.16,398.66,22.76,27.85,0.1837,99.58,0,0
2026-01-01 09:53:00,EV_BAT_01,92.17,396.1,26.22,29.5,0.2114,99.33,0,0
2026-01-01 09:54:00,EV_BAT_01,95.69,396.65,22.54,27.22,0.1987,99.45,0,0
2026-01-01 09:55:00,EV_BAT_01,95.39,398.2,26.39,27.96,0.1924,99.3,0,0
2026-01-01 09:56:00,EV_BAT_01,94.41,399.4,23.86,27.88,0.1329,99.63,0,0
2026-01-01 09:57:00,EV_BAT_01,93.17,397.74,24.79,27.02,0.195,99.32,0,0
2026-01-01 09:58:00,EV_BAT_01,97.14,396.21,19.53,28.34,0.2288,99.57,0,0
2026-01-01 09:59:00,EV_BAT_01,98.47,398.76,18.99,30.27,0.1124,99.4,0,0
2026-01-01 10:00:00,EV_BAT_01,93.75,392.26,25.79,28.05,0.2068,99.44,0,0
2026-01-01 10:01:00,EV_BAT_01,93.46,393.57,21.44,27.67,0.1875,99.48,0,0
2026-01-01 10:02:00,EV_BAT_01,95.88,397.28,22.66,29.71,0.1722,99.31,0,0
2026-01-01 10:03:00,EV_BAT_01,93.99,396.0,20.07,27.7,0.2153,99.48,0,0
2026-01-01 10:04:00,EV_BAT_01,94.46,396.98,24.69,28.72,0.2399,99.72,0,0
2026-01-01 10:05:00,EV_BAT_01,96.38,395.92,,29.5,0.2184,99.3,0,0
2026-01-01 10:06:00,EV_BAT_01,90.53,396.74,20.19,27.91,0.1916,99.64,0,0
2026-01-01 10:07:00,EV_BAT_01,97.61,394.16,23.73,28.2,0.1791,99.7,0,0
2026-01-01 10:08:00,EV_BAT_01,94.85,396.56,25.14,28.31,0.2081,99.28,0,0
2026-01-01 10:09:00,EV_BAT_01,93.76,397.23,18.23,26.62,0.228,99.16,0,0
2026-01-01 10:10:00,EV_BAT_01,94.44,397.55,28.07,27.13,0.1982,99.47,0,0
2026-01-01 10:11:00,EV_BAT_01,94.53,398.88,21.4,27.5,0.2023,99.31,0,0
2026-01-01 10:12:00,EV_BAT_01,90.77,395.59,15.91,26.92,0.2817,99.74,0,0
2026-01-01 10:13:00,EV_BAT_01,97.83,395.55,21.51,28.77,0.2396,99.41,0,0
2026-01-01 10:14:00,EV_BAT_01,94.6,392.21,18.48,27.97,0.2429,99.25,0,0
2026-01-01 10:15:00,EV_BAT_01,95.45,393.89,21.74,30.96,0.179,99.19,0,0
2026-01-01 10:16:00,EV_BAT_01,96.53,394.39,19.84,27.43,0.1992,99.58,0,0
2026-01-01 10:17:00,EV_BAT_01,92.15,396.52,20.33,28.84,0.22,99.28,0,0
2026-01-01 10:18:00,EV_BAT_01,95.4,393.43,16.44,29.14,0.1943,99.39,0,0
2026-01-01 10:19:00,EV_BAT_01,93.72,395.85,24.11,28.79,0.2605,99.55,0,0
2026-01-01 10:20:00,EV_BAT_01,96.13,394.3,15.6,28.95,0.2568,99.28,0,0
2026-01-01 10:21:00,EV_BAT_01,89.54,393.87,15.89,28.47,0.2091,99.36,0,0
2026-01-01 10:22:00,EV_BAT_01,93.95,394.52,21.92,26.08,0.2679,99.36,0,0
2026-01-01 10:23:00,EV_BAT_01,92.79,393.25,26.99,29.16,0.224,99.48,0,0
2026-01-01 10:24:00,EV_BAT_01,95.02,393.07,19.32,28.29,0.2895,99.46,0,0
2026-01-01 10:25:00,EV_BAT_01,95.05,390.65,23.71,28.47,0.229,99.31,0,0
2026-01-01 10:26:00,EV_BAT_01,92.4,393.15,25.39,26.9,0.2403,99.35,0,0
2026-01-01 10:27:00,EV_BAT_01,92.33,392.61,24.56,27.97,0.2613,99.27,0,0
2026-01-01 10:28:00,EV_BAT_01,93.59,392.42,20.27,30.21,0.2586,99.07,0,0
2026-01-01 10:29:00,EV_BAT_01,91.8,393.98,17.39,28.43,0.2396,99.38,0,0
2026-01-01 10:30:00,EV_BAT_01,95.57,394.29,13.18,29.07,0.2235,99.67,0,0
2026-01-01 10:31:00,EV_BAT_01,92.83,393.39,21.23,28.88,0.2399,99.16,0,0
2026-01-01 10:32:00,EV_BAT_01,87.18,394.64,27.28,27.44,0.2066,99.18,0,0
2026-01-01 10:33:00,EV_BAT_01,92.69,393.75,18.37,29.41,0.2306,99.15,0,0
2026-01-01 10:34:00,EV_BAT_01,91.16,392.05,25.98,28.27,0.1988,99.44,0,0
2026-01-01 10:35:00,EV_BAT_01,89.78,391.62,19.71,28.25,0.1817,99.38,0,0
2026-01-01 10:36:00,EV_BAT_01,90.57,392.88,24.28,29.95,0.227,99.27,0,0
2026-01-01 10:37:00,EV_BAT_01,93.46,393.22,27.04,30.07,0.2568,99.13,0,0
2026-01-01 10:38:00,EV_BAT_01,96.06,394.56,21.94,27.18,0.2478,99.31,0,0
2026-01-01 10:39:00,EV_BAT_01,93.75,394.06,25.64,29.78,0.2219,99.0,0,0
2026-01-01 10:40:00,EV_BAT_01,91.64,390.8,23.7,27.61,0.2668,99.31,0,0
2026-01-01 10:41:00,EV_BAT_01,93.9,391.45,28.59,29.29,0.208,99.43,0,0
2026-01-01 10:42:00,EV_BAT_01,91.8,392.71,27.12,27.02,0.1733,99.05,0,0
2026-01-01 10:43:00,EV_BAT_01,91.2,393.28,26.84,30.22,0.1657,98.99,0,0
2026-01-01 10:44:00,EV_BAT_01,90.1,392.91,33.28,30.48,0.1896,99.55,0,0
2026-01-01 10:45:00,EV_BAT_01,88.69,390.97,30.15,28.95,0.2384,99.15,0,0
2026-01-01 10:46:00,EV_BAT_01,91.6,388.68,25.2,28.79,0.2008,99.46,0,0
2026-01-01 10:47:00,EV_BAT_01,92.71,389.0,28.08,30.16,0.2269,99.22,0,0
2026-01-01 10:48:00,EV_BAT_01,92.05,391.15,28.6,29.67,0.2552,99.21,0,0
2026-01-01 10:49:00,EV_BAT_01,91.25,391.13,29.7,27.28,0.1851,99.32,0,0
2026-01-01 10:50:00,EV_BAT_01,89.99,388.39,39.97,28.96,0.2231,99.08,0,0
2026-01-01 10:51:00,EV_BAT_01,93.31,390.31,31.85,30.27,0.223,99.25,0,0
2026-01-01 10:52:00,EV_BAT_01,88.97,391.22,22.72,28.16,0.1865,99.16,0,0
2026-01-01 10:53:00,EV_BAT_01,93.48,387.86,29.2,29.67,0.2402,98.98,0,0
2026-01-01 10:54:00,EV_BAT_01,89.46,391.78,24.15,31.16,0.1975,99.28,0,0
2026-01-01 10:55:00,EV_BAT_01,89.9,388.97,31.08,30.55,0.1935,99.17,0,0
2026-01-01 10:56:00,EV_BAT_01,88.22,391.77,24.96,29.38,0.2541,99.18,0,0
2026-01-01 10:57:00,EV_BAT_01,90.24,388.4,29.95,30.88,0.2127,98.99,0,0
2026-01-01 10:58:00,EV_BAT_01,93.38,387.36,27.87,28.9,0.221,99.49,0,0
2026-01-01 10:59:00,EV_BAT_01,92.25,388.24,36.01,32.65,0.23,99.35,0,0
2026-01-01 11:00:00,EV_BAT_01,93.16,388.75,35.0,29.8,0.1781,99.36,0,0
2026-01-01 11:01:00,EV_BAT_01,92.04,388.08,36.74,27.59,0.2239,99.13,0,0
2026-01-01 11:02:00,EV_BAT_01,88.35,388.24,35.63,28.67,0.1784,98.87,0,0
2026-01-01 11:03:00,EV_BAT_01,89.93,389.08,30.99,29.15,0.1755,99.53,0,0
2026-01-01 11:04:00,EV_BAT_01,88.82,388.03,39.14,29.51,0.1806,99.16,0,0
2026-01-01 11:05:00,EV_BAT_01,93.34,388.07,45.29,30.41,0.1702,99.03,0,0
2026-01-01 11:06:00,EV_BAT_01,87.66,384.97,39.76,31.23,0.2046,99.24,0,0
2026-01-01 11:07:00,EV_BAT_01,92.14,388.61,36.93,30.37,0.1891,99.37,0,0
2026-01-01 11:08:00,EV_BAT_01,92.01,387.6,33.42,29.37,0.1685,99.15,0,0
2026-01-01 11:09:00,EV_BAT_01,93.95,390.51,36.0,28.8,0.1961,99.38,0,0
2026-01-01 11:10:00,EV_BAT_01,88.89,385.78,41.94,28.92,0.1708,99.34,0,0
2026-01-01 11:11:00,EV_BAT_01,91.23,384.07,44.91,29.06,0.168,98.95,0,0
2026-01-01 11:12:00,EV_BAT_01,94.56,388.3,42.14,40.74,0.668,99.01,1,0
2026-01-01 11:13:00,EV_BAT_01,88.05,387.67,44.78,29.99,0.185,99.3,0,0
2026-01-01 11:14:00,EV_BAT_01,85.9,385.09,44.87,30.28,0.1818,98.64,0,0
2026-01-01 11:15:00,EV_BAT_01,85.0,384.01,44.53,30.09,0.1618,99.1,0,0
2026-01-01 11:16:00,EV_BAT_01,90.57,389.39,40.31,29.87,0.1908,98.86,0,0
2026-01-01 11:17:00,EV_BAT_01,84.73,389.02,44.08,30.3,0.163,99.03,0,0
2026-01-01 11:18:00,EV_BAT_01,87.91,381.86,40.42,31.54,0.1511,99.06,0,0
2026-01-01 11:19:00,EV_BAT_01,89.55,385.38,44.3,30.49,0.1299,99.04,0,0
2026-01-01 11:20:00,EV_BAT_01,88.86,389.06,45.97,31.39,0.1903,99.0,0,0
2026-01-01 11:21:00,EV_BAT_01,89.25,385.07,51.75,31.59,0.1652,98.9,0,0
2026-01-01 11:22:00,EV_BAT_01,88.66,384.91,40.18,29.93,0.1695,99.5,0,0
2026-01-01 11:23:00,EV_BAT_01,90.84,385.15,47.72,31.75,0.1897,99.42,0,0
2026-01-01 11:24:00,EV_BAT_01,85.79,383.5,52.07,29.98,0.1511,98.87,0,0
2026-01-01 11:25:00,EV_BAT_01,86.25,382.32,49.53,30.4,0.1282,99.36,0,0
2026-01-01 11:26:00,EV_BAT_01,85.89,387.15,50.15,31.36,0.164,99.0,0,0
2026-01-01 11:27:00,EV_BAT_01,89.27,381.81,49.49,31.32,0.1697,99.09,0,0
2026-01-01 11:28:00,EV_BAT_01,89.28,385.44,52.63,33.24,0.1553,99.05,0,0
2026-01-01 11:29:00,EV_BAT_01,88.14,386.46,43.37,39.33,0.4658,98.94,1,0
2026-01-01 11:30:00,EV_BAT_01,89.6,382.13,42.45,31.54,0.0996,99.23,0,0
2026-01-01 11:31:00,EV_BAT_01,84.26,382.95,48.22,31.03,0.1899,99.07,0,0
2026-01-01 11:32:00,EV_BAT_01,90.37,386.67,39.84,31.63,0.1819,98.96,0,0
2026-01-01 11:33:00,EV_BAT_01,89.9,385.32,53.63,40.64,0.5618,98.81,1,0
2026-01-01 11:34:00,EV_BAT_01,88.01,383.13,53.79,30.92,0.0795,98.88,0,0
2026-01-01 11:35:00,EV_BAT_01,90.16,386.29,47.36,32.5,0.1955,98.74,0,0
2026-01-01 11:36:00,EV_BAT_01,82.44,386.17,47.78,29.42,0.1383,99.03,0,0
2026-01-01 11:37:00,EV_BAT_01,84.78,384.37,49.13,30.17,0.152,98.81,0,0
2026-01-01 11:38:00,EV_BAT_01,84.15,382.15,49.76,30.59,0.1612,98.97,0,0
2026-01-01 11:39:00,EV_BAT_01,87.2,382.91,50.18,31.55,0.1765,99.26,0,0
2026-01-01 11:40:00,EV_BAT_01,83.15,384.05,52.01,32.63,0.1833,99.23,0,0
2026-01-01 11:41:00,EV_BAT_01,86.97,383.09,49.16,30.5,0.1906,99.0,0,0
2026-01-01 11:42:00,EV_BAT_01,88.15,385.01,53.69,30.9,0.1898,98.99,0,0
2026-01-01 11:43:00,EV_BAT_01,86.51,380.45,51.75,28.86,0.177,99.33,0,0
2026-01-01 11:44:00,EV_BAT_01,85.44,380.41,47.56,30.68,0.1823,99.09,0,0
2026-01-01 11:45:00,EV_BAT_01,82.48,383.32,55.34,31.75,0.146,98.93,0,0
2026-01-01 11:46:00,EV_BAT_01,82.63,382.0,44.56,31.17,0.1559,98.73,0,0
2026-01-01 11:47:00,EV_BAT_01,87.08,381.66,49.59,30.1,0.1985,99.05,0,0
2026-01-01 11:48:00,EV_BAT_01,85.89,379.5,53.79,30.26,0.1986,99.12,0,0
2026-01-01 11:49:00,EV_BAT_01,83.92,382.62,46.96,31.23,0.1974,98.86,0,0
2026-01-01 11:50:00,EV_BAT_01,82.92,382.4,51.01,30.48,0.168,99.02,0,0
2026-01-01 11:51:00,EV_BAT_01,79.22,383.57,51.85,30.91,0.2054,98.9,0,0
2026-01-01 11:52:00,EV_BAT_01,81.16,382.43,46.11,30.69,0.1553,98.92,0,0
2026-01-01 11:53:00,EV_BAT_01,87.56,381.97,49.13,30.16,0.213,98.5,0,0
2026-01-01 11:54:00,EV_BAT_01,80.37,384.24,48.64,33.12,0.1814,98.91,0,0
2026-01-01 11:55:00,EV_BAT_01,83.44,379.67,46.89,31.48,0.2318,99.12,0,0
2026-01-01 11:56:00,EV_BAT_01,85.07,382.92,58.11,31.68,0.1536,98.82,0,0
2026-01-01 11:57:00,EV_BAT_01,79.92,378.86,45.65,31.12,0.2376,98.94,0,0
2026-01-01 11:58:00,EV_BAT_01,82.93,380.28,52.5,30.21,0.1863,98.79,0,0
2026-01-01 11:59:00,EV_BAT_01,84.41,379.53,46.67,33.66,0.1878,98.99,0,0
2026-01-01 12:00:00,EV_BAT_01,82.21,383.04,43.64,30.61,0.2041,98.88,0,0
2026-01-01 12:01:00,EV_BAT_01,88.33,381.44,48.13,31.71,0.1837,98.75,0,0
2026-01-01 12:02:00,EV_BAT_01,78.18,381.46,50.03,31.91,0.2012,99.15,0,0
2026-01-01 12:03:00,EV_BAT_01,84.01,379.42,50.82,32.22,0.1865,99.07,0,0
2026-01-01 12:04:00,EV_BAT_01,81.13,380.81,53.07,30.8,0.1893,98.79,0,0
2026-01-01 12:05:00,EV_BAT_01,83.04,379.91,58.27,30.29,0.2208,98.99,0,0
2026-01-01 12:06:00,EV_BAT_01,82.15,381.91,47.15,30.99,0.188,98.99,0,0
2026-01-01 12:07:00,EV_BAT_01,79.39,379.37,43.14,29.38,0.1931,99.0,0,0
2026-01-01 12:08:00,EV_BAT_01,81.34,383.49,47.23,32.15,0.1798,98.58,0,0
2026-01-01 12:09:00,EV_BAT_01,76.58,378.02,43.97,30.65,0.2032,99.06,0,0
2026-01-01 12:10:00,EV_BAT_01,81.83,379.53,48.35,30.52,0.2503,98.77,0,0
2026-01-01 12:11:00,EV_BAT_01,80.99,383.95,39.05,31.71,0.198,98.81,0,0
2026-01-01 12:12:00,EV_BAT_01,81.57,380.1,53.29,33.18,0.2024,99.34,0,0
2026-01-01 12:13:00,EV_BAT_01,82.32,378.46,46.81,32.05,0.2271,98.92,0,0
2026-01-01 12:14:00,EV_BAT_01,80.63,381.18,36.21,29.19,0.2145,98.79,0,0
2026-01-01 12:15:00,EV_BAT_01,79.98,379.89,39.66,30.32,0.2809,98.46,0,0
2026-01-01 12:16:00,EV_BAT_01,77.55,379.2,45.31,32.7,0.2224,99.1,0,0
2026-01-01 12:17:00,EV_BAT_01,77.75,378.69,46.28,31.48,0.2361,98.6,0,0
2026-01-01 12:18:00,EV_BAT_01,81.76,385.61,36.01,30.17,0.2525,98.66,0,0
2026-01-01 12:19:00,EV_BAT_01,82.14,380.14,43.47,30.36,0.2532,98.77,0,0
2026-01-01 12:20:00,EV_BAT_01,78.29,377.1,32.34,29.44,0.2369,99.08,0,0
2026-01-01 12:21:00,EV_BAT_01,78.75,383.22,39.28,31.72,0.228,98.96,0,0
2026-01-01 12:22:00,EV_BAT_01,76.49,381.61,43.58,29.79,0.2835,98.79,0,0
2026-01-01 12:23:00,EV_BAT_01,80.89,379.1,36.42,29.39,0.2312,98.87,0,0
2026-01-01 12:24:00,EV_BAT_01,79.61,378.78,32.09,30.77,0.2234,98.7,0,0
2026-01-01 12:25:00,EV_BAT_01,82.25,381.65,38.19,31.52,0.2189,98.83,0,0
2026-01-01 12:26:00,EV_BAT_01,75.88,379.98,34.67,32.29,0.1923,98.82,0,0
2026-01-01 12:27:00,EV_BAT_01,76.82,376.94,39.09,31.11,0.2565,98.97,0,0
2026-01-01 12:28:00,EV_BAT_01,77.99,383.61,32.51,31.25,0.1775,98.97,0,0
2026-01-01 12:29:00,EV_BAT_01,78.74,379.61,32.43,30.13,0.2363,98.88,0,0
2026-01-01 12:30:00,EV_BAT_01,76.68,383.07,26.92,31.44,0.2315,98.72,0,0
2026-01-01 12:31:00,EV_BAT_01,75.07,382.68,35.16,29.9,0.2926,98.91,0,0
2026-01-01 12:32:00,EV_BAT_01,78.77,378.57,33.31,31.72,0.1908,98.76,0,0
2026-01-01 12:33:00,EV_BAT_01,78.25,382.23,28.68,31.41,0.2139,98.58,0,0
2026-01-01 12:34:00,EV_BAT_01,74.49,379.2,33.69,30.5,0.2328,98.69,0,0
2026-01-01 12:35:00,EV_BAT_01,79.32,377.02,36.5,28.94,0.2309,98.78,0,0
2026-01-01 12:36:00,EV_BAT_01,78.76,379.62,31.02,29.88,0.2216,98.92,0,0
2026-01-01 12:37:00,EV_BAT_01,76.32,381.11,32.44,28.68,0.2328,98.72,0,0
2026-01-01 12:38:00,EV_BAT_01,76.04,379.58,31.96,31.03,0.2027,98.53,0,0
2026-01-01 12:39:00,EV_BAT_01,76.92,379.87,25.55,30.55,0.2424,98.75,0,0
2026-01-01 12:40:00,EV_BAT_01,73.65,382.5,38.1,31.38,0.1747,98.76,0,0
2026-01-01 12:41:00,EV_BAT_01,75.45,380.65,27.5,38.24,0.7464,98.77,1,0
2026-01-01 12:42:00,EV_BAT_01,70.49,378.96,31.52,32.51,0.2159,98.9,0,0
2026-01-01 12:43:00,EV_BAT_01,77.0,381.77,31.5,30.58,0.2552,98.91,0,0
2026-01-01 12:44:00,EV_BAT_01,71.48,380.89,27.4,31.22,0.2726,98.62,0,0
2026-01-01 12:45:00,EV_BAT_01,78.07,376.02,29.93,28.29,0.2193,98.61,0,0
2026-01-01 12:46:00,EV_BAT_01,73.88,381.36,28.03,30.67,0.2611,98.53,0,0
2026-01-01 12:47:00,EV_BAT_01,73.99,381.33,20.94,32.38,0.2171,98.83,0,0
2026-01-01 12:48:00,EV_BAT_01,72.92,380.7,24.85,32.24,0.1995,98.96,0,0
2026-01-01 12:49:00,EV_BAT_01,73.52,382.31,23.31,30.65,0.2658,98.64,0,0
2026-01-01 12:50:00,EV_BAT_01,77.12,379.53,23.51,29.92,0.2337,98.65,0,0
2026-01-01 12:51:00,EV_BAT_01,68.38,381.39,19.75,30.89,0.2193,98.95,0,0
2026-01-01 12:52:00,EV_BAT_01,76.51,378.01,29.09,30.09,0.2348,98.78,0,0
2026-01-01 12:53:00,EV_BAT_01,74.3,381.61,30.62,30.91,0.2228,98.76,0,0
2026-01-01 12:54:00,EV_BAT_01,70.75,384.44,27.76,29.37,0.2126,98.46,0,0
2026-01-01 12:55:00,EV_BAT_01,70.89,379.19,28.59,30.47,0.1795,98.79,0,0
2026-01-01 12:56:00,EV_BAT_01,76.8,379.67,21.8,30.77,0.2042,98.5,0,0
2026-01-01 12:57:00,EV_BAT_01,70.89,379.81,20.32,30.89,0.2248,98.46,0,0
2026-01-01 12:58:00,EV_BAT_01,70.29,381.38,19.45,34.71,0.6207,98.6,1,0
2026-01-01 12:59:00,EV_BAT_01,75.19,379.3,24.86,31.35,0.2283,98.55,0,0
2026-01-01 13:00:00,EV_BAT_01,73.29,382.03,22.92,28.19,0.2136,98.61,0,0
2026-01-01 13:01:00,EV_BAT_01,70.34,382.86,21.45,31.15,0.1803,98.39,0,0
2026-01-01 13:02:00,EV_BAT_01,72.75,382.37,26.7,31.8,,98.81,0,0
2026-01-01 13:03:00,EV_BAT_01,69.88,378.29,22.92,30.94,0.1948,98.84,0,0
2026-01-01 13:04:00,EV_BAT_01,74.42,383.34,17.74,31.0,0.1839,98.28,0,0
2026-01-01 13:05:00,EV_BAT_01,74.2,383.3,18.18,29.89,0.2037,98.8,0,0
2026-01-01 13:06:00,EV_BAT_01,72.9,383.19,23.46,31.73,0.1757,98.48,0,0
2026-01-01 13:07:00,EV_BAT_01,72.39,382.44,24.75,31.06,0.1766,98.77,0,0
2026-01-01 13:08:00,EV_BAT_01,75.34,382.24,22.65,28.68,0.2167,98.6,0,0
2026-01-01 13:09:00,EV_BAT_01,71.33,383.79,27.92,30.46,0.1925,98.61,0,0
2026-01-01 13:10:00,EV_BAT_01,68.61,385.47,26.77,30.76,0.1697,98.57,0,0
2026-01-01 13:11:00,EV_BAT_01,72.07,380.38,21.91,31.38,0.1863,98.82,0,0
2026-01-01 13:12:00,EV_BAT_01,75.54,384.12,16.73,32.33,0.2189,98.37,0,0
2026-01-01 13:13:00,EV_BAT_01,68.6,382.12,14.8,30.2,0.1904,98.7,0,0
2026-01-01 13:14:00,EV_BAT_01,69.91,382.13,18.46,31.08,0.1965,98.79,0,0
2026-01-01 13:15:00,EV_BAT_01,71.5,379.69,23.01,29.31,0.1616,98.71,0,0
2026-01-01 13:16:00,EV_BAT_01,70.34,382.03,27.32,32.67,0.2049,99.0,0,0
2026-01-01 13:17:00,EV_BAT_01,68.18,380.85,21.71,30.38,0.2361,98.48,0,0
2026-01-01 13:18:00,EV_BAT_01,72.69,381.9,24.76,30.79,0.1573,98.74,0,0
2026-01-01 13:19:00,EV_BAT_01,75.21,380.86,19.16,30.59,0.1466,98.55,0,0
2026-01-01 13:20:00,EV_BAT_01,70.43,382.13,22.72,31.43,0.1797,98.78,0,0
2026-01-01 13:21:00,EV_BAT_01,67.89,382.31,23.62,31.59,0.1964,98.55,0,0
2026-01-01 13:22:00,EV_BAT_01,66.36,383.32,12.53,32.06,0.1715,98.48,0,0
2026-01-01 13:23:00,EV_BAT_01,70.23,380.34,18.93,32.57,0.1468,98.78,0,0
2026-01-01 13:24:00,EV_BAT_01,71.98,380.75,24.53,29.87,0.1699,98.45,0,0
2026-01-01 13:25:00,EV_BAT_01,70.49,384.11,22.0,29.56,0.1871,98.28,0,0
2026-01-01 13:26:00,EV_BAT_01,69.33,382.14,16.31,31.16,0.1617,98.44,0,0
2026-01-01 13:27:00,EV_BAT_01,67.94,385.62,11.58,29.86,0.1868,98.64,0,0
2026-01-01 13:28:00,EV_BAT_01,66.73,384.2,20.05,40.07,0.5799,98.77,1,0
2026-01-01 13:29:00,EV_BAT_01,70.86,385.0,21.47,31.93,0.1774,98.54,0,0
2026-01-01 13:30:00,EV_BAT_01,70.94,386.56,18.47,30.27,0.1707,98.75,0,0
2026-01-01 13:31:00,EV_BAT_01,65.43,383.58,22.85,29.65,0.1923,98.27,0,0
2026-01-01 13:32:00,EV_BAT_01,72.23,383.22,24.59,32.26,0.1503,98.43,0,0
2026-01-01 13:33:00,EV_BAT_01,69.9,385.94,25.55,29.42,0.1482,98.45,0,0
2026-01-01 13:34:00,EV_BAT_01,71.62,385.41,13.76,29.65,0.1658,98.48,0,0
2026-01-01 13:35:00,EV_BAT_01,65.5,384.27,18.25,29.76,0.1607,98.51,0,0
2026-01-01 13:36:00,EV_BAT_01,65.36,387.23,22.63,29.14,0.1535,98.61,0,0
2026-01-01 13:37:00,EV_BAT_01,67.95,384.47,26.5,31.17,0.22,98.4,0,0
2026-01-01 13:38:00,EV_BAT_01,69.3,385.03,26.54,31.09,0.2294,98.5,0,0
2026-01-01 13:39:00,EV_BAT_01,72.06,385.14,26.85,30.54,0.1671,98.47,0,0
2026-01-01 13:40:00,EV_BAT_01,69.58,383.54,23.82,31.36,0.1792,98.3,0,0
2026-01-01 13:41:00,EV_BAT_01,67.41,385.49,24.45,30.65,0.1732,98.45,0,0
2026-01-01 13:42:00,EV_BAT_01,65.6,387.99,23.27,31.79,0.2067,98.44,0,0
2026-01-01 13:43:00,EV_BAT_01,70.49,386.4,29.68,32.08,0.2129,98.43,0,0
2026-01-01 13:44:00,EV_BAT_01,65.58,385.79,23.37,30.32,0.1371,98.46,0,0
2026-01-01 13:45:00,EV_BAT_01,71.22,385.57,30.9,32.03,0.1948,98.46,0,0
2026-01-01 13:46:00,EV_BAT_01,66.93,386.58,28.79,30.0,0.1516,98.37,0,0
2026-01-01 13:47:00,EV_BAT_01,70.99,387.47,28.24,30.95,0.2297,98.67,0,0
2026-01-01 13:48:00,EV_BAT_01,68.91,387.35,26.27,29.37,0.1983,98.22,0,0
2026-01-01 13:49:00,EV_BAT_01,67.05,385.78,23.96,29.59,0.1683,98.3,0,0
2026-01-01 13:50:00,EV_BAT_01,66.14,387.1,27.28,42.89,0.6421,98.93,1,0
2026-01-01 13:51:00,EV_BAT_01,66.47,387.51,29.04,31.56,0.185,98.23,0,0
2026-01-01 13:52:00,EV_BAT_01,68.1,384.96,21.39,31.17,0.2071,98.17,0,0
2026-01-01 13:53:00,EV_BAT_01,67.27,387.21,30.58,31.02,0.2217,98.54,0,0
2026-01-01 13:54:00,EV_BAT_01,65.74,383.15,35.58,32.05,0.1688,98.03,0,0
2026-01-01 13:55:00,EV_BAT_01,66.62,388.04,34.66,,0.2453,98.36,0,0
2026-01-01 13:56:00,EV_BAT_01,67.11,388.49,30.93,30.66,0.2413,98.78,0,0
2026-01-01 13:57:00,EV_BAT_01,62.2,388.78,33.62,30.94,0.1812,98.12,0,0
2026-01-01 13:58:00,EV_BAT_01,67.84,386.86,31.73,30.97,0.2068,98.03,0,0
2026-01-01 13:59:00,EV_BAT_01,64.62,388.26,35.07,30.16,0.2497,98.11,0,0
2026-01-01 14:00:00,EV_BAT_01,64.2,390.4,41.16,30.77,0.2396,98.54,0,0
2026-01-01 14:01:00,EV_BAT_01,62.98,390.52,39.4,32.77,0.2023,98.58,0,0
2026-01-01 14:02:00,EV_BAT_01,62.7,388.05,38.13,31.07,0.233,98.28,0,0
2026-01-01 14:03:00,EV_BAT_01,63.62,388.49,34.6,32.54,0.2894,98.49,0,0
2026-01-01 14:04:00,EV_BAT_01,65.0,390.37,40.09,31.0,0.219,98.61,0,0
2026-01-01 14:05:00,EV_BAT_01,70.82,385.81,30.86,30.64,0.2024,98.68,0,0
2026-01-01 14:06:00,EV_BAT_01,65.33,388.06,37.11,33.19,0.2244,98.31,0,0
2026-01-01 14:07:00,EV_BAT_01,66.85,391.18,40.96,30.97,0.2281,97.93,0,0
2026-01-01 14:08:00,EV_BAT_01,67.3,390.66,42.1,31.64,0.2106,98.2,0,0
2026-01-01 14:09:00,EV_BAT_01,66.68,389.7,42.31,30.26,0.2365,98.26,0,0
2026-01-01 14:10:00,EV_BAT_01,66.19,386.46,41.31,30.68,0.1957,98.29,0,0
2026-01-01 14:11:00,EV_BAT_01,63.71,389.21,39.84,33.27,0.2121,98.3,0,0
2026-01-01 14:12:00,EV_BAT_01,69.5,388.37,43.25,32.96,0.2493,98.53,0,0
2026-01-01 14:13:00,EV_BAT_01,70.27,390.16,37.76,32.4,0.188,98.55,0,0
2026-01-01 14:14:00,EV_BAT_01,62.57,388.23,38.66,31.8,0.2559,98.29,0,0
2026-01-01 14:15:00,EV_BAT_01,64.0,387.97,42.75,31.55,0.1844,98.51,0,0
2026-01-01 14:16:00,EV_BAT_01,65.62,386.23,43.64,33.37,0.1928,98.37,0,0
2026-01-01 14:17:00,EV_BAT_01,64.1,392.28,36.09,32.62,0.2249,98.32,0,0
2026-01-01 14:18:00,EV_BAT_01,67.32,389.48,45.64,33.98,0.2457,98.46,0,0
2026-01-01 14:19:00,EV_BAT_01,64.59,390.61,47.33,30.5,0.2728,98.31,0,0
2026-01-01 14:20:00,EV_BAT_01,70.95,390.45,44.33,31.53,0.2422,98.66,0,0
2026-01-01 14:21:00,EV_BAT_01,68.8,388.66,54.53,32.34,0.2355,98.03,0,0
2026-01-01 14:22:00,EV_BAT_01,66.64,388.44,42.69,28.89,0.257,98.19,0,0
2026-01-01 14:23:00,EV_BAT_01,68.43,389.02,44.35,30.61,0.2215,98.25,0,0
2026-01-01 14:24:00,EV_BAT_01,68.6,389.65,44.57,32.06,0.2475,98.35,0,0
2026-01-01 14:25:00,EV_BAT_01,64.92,391.73,46.19,32.75,0.2146,98.5,0,0
2026-01-01 14:26:00,EV_BAT_01,64.37,389.76,45.51,30.92,0.2472,98.26,0,0
2026-01-01 14:27:00,EV_BAT_01,66.34,394.45,41.51,33.73,0.2423,98.0,0,0
2026-01-01 14:28:00,EV_BAT_01,68.07,393.28,45.25,32.65,0.2257,98.41,0,0
2026-01-01 14:29:00,EV_BAT_01,66.49,393.0,47.33,32.21,0.2502,98.39,0,0
2026-01-01 14:30:00,EV_BAT_01,62.72,391.44,52.9,31.05,0.2502,97.9,0,0
2026-01-01 14:31:00,EV_BAT_01,64.44,394.5,57.05,33.19,0.2756,98.24,0,0
2026-01-01 14:32:00,EV_BAT_01,66.05,391.49,53.82,31.97,0.206,97.95,0,0
2026-01-01 14:33:00,EV_BAT_01,66.07,391.94,45.6,32.93,0.2441,98.11,0,0
2026-01-01 14:34:00,EV_BAT_01,70.59,392.42,46.12,32.79,0.2267,98.06,0,0
2026-01-01 14:35:00,EV_BAT_01,63.22,393.48,48.46,31.18,0.2672,98.37,0,0
2026-01-01 14:36:00,EV_BAT_01,67.4,393.47,56.4,32.43,0.2638,98.24,0,0
2026-01-01 14:37:00,EV_BAT_01,69.59,391.58,48.76,32.9,0.2571,97.98,0,0
2026-01-01 14:38:00,EV_BAT_01,71.33,391.58,44.24,31.07,0.2262,98.37,0,0
2026-01-01 14:39:00,EV_BAT_01,65.47,393.79,47.67,32.3,0.2652,97.95,0,0
2026-01-01 14:40:00,EV_BAT_01,67.47,394.03,52.8,31.17,0.2041,98.26,0,0
2026-01-01 14:41:00,EV_BAT_01,67.67,392.13,52.61,32.36,0.1981,98.05,0,0
2026-01-01 14:42:00,EV_BAT_01,66.88,390.08,49.12,30.99,0.2086,98.13,0,0
2026-01-01 14:43:00,EV_BAT_01,66.26,392.66,52.7,33.7,0.2386,98.28,0,0
2026-01-01 14:44:00,EV_BAT_01,67.48,394.26,40.9,31.7,0.2552,98.28,0,0
2026-01-01 14:45:00,EV_BAT_01,60.98,396.48,50.42,32.91,0.1627,98.42,0,0
2026-01-01 14:46:00,EV_BAT_01,68.09,391.16,53.43,31.39,0.269,98.16,0,0
2026-01-01 14:47:00,EV_BAT_01,66.91,392.64,46.63,31.89,0.2379,98.22,0,0
2026-01-01 14:48:00,EV_BAT_01,66.18,392.8,46.57,31.94,0.194,98.09,0,0
2026-01-01 14:49:00,EV_BAT_01,71.22,396.02,42.39,33.0,0.2343,98.19,0,0
2026-01-01 14:50:00,EV_BAT_01,65.28,393.61,56.13,32.8,0.2576,98.23,0,0
2026-01-01 14:51:00,EV_BAT_01,65.92,392.12,46.79,31.8,0.2438,98.13,0,0
2026-01-01 14:52:00,EV_BAT_01,71.24,394.84,50.52,30.69,0.2547,97.82,0,0
2026-01-01 14:53:00,EV_BAT_01,65.08,393.18,51.83,33.2,0.1914,98.2,0,0
2026-01-01 14:54:00,EV_BAT_01,65.75,391.78,55.31,31.86,0.2136,98.2,0,0
2026-01-01 14:55:00,EV_BAT_01,66.69,392.46,48.48,32.48,0.1991,98.01,0,0
2026-01-01 14:56:00,EV_BAT_01,68.92,397.26,,32.39,0.2635,97.9,0,0
2026-01-01 14:57:00,EV_BAT_01,67.58,394.9,49.4,31.89,0.2348,98.39,0,0
2026-01-01 14:58:00,EV_BAT_01,64.34,394.47,53.62,32.79,0.2883,98.21,0,0
2026-01-01 14:59:00,EV_BAT_01,66.08,393.89,47.56,31.76,0.2037,98.07,0,0
2026-01-01 15:00:00,EV_BAT_01,65.97,394.93,44.17,33.9,0.1955,97.91,0,0
2026-01-01 15:01:00,EV_BAT_01,67.2,394.98,41.56,32.76,0.2083,97.96,0,0
2026-01-01 15:02:00,EV_BAT_01,68.37,395.06,42.55,32.76,0.2446,98.34,0,0
2026-01-01 15:03:00,EV_BAT_01,68.42,394.8,50.59,32.13,0.1992,98.12,0,0
2026-01-01 15:04:00,EV_BAT_01,63.66,396.21,45.54,32.51,0.2098,97.99,0,0
2026-01-01 15:05:00,EV_BAT_01,69.98,394.74,44.06,32.21,0.2074,98.18,0,0
2026-01-01 15:06:00,EV_BAT_01,68.27,392.99,43.28,31.5,0.2043,97.94,0,0
2026-01-01 15:07:00,EV_BAT_01,70.83,393.7,46.13,32.41,0.1853,98.35,0,0
2026-01-01 15:08:00,EV_BAT_01,68.84,391.29,44.46,32.5,0.1966,98.32,0,0
2026-01-01 15:09:00,EV_BAT_01,70.36,398.54,43.94,31.58,0.1939,97.99,0,0
2026-01-01 15:10:00,EV_BAT_01,69.04,396.49,50.04,42.55,0.5244,97.95,1,0
2026-01-01 15:11:00,EV_BAT_01,71.05,393.48,50.39,31.12,0.219,97.59,0,0
2026-01-01 15:12:00,EV_BAT_01,69.32,394.51,37.38,30.82,0.238,97.79,0,0
2026-01-01 15:13:00,EV_BAT_01,68.04,393.91,44.7,32.47,0.1716,97.81,0,0
2026-01-01 15:14:00,EV_BAT_01,73.34,397.86,39.84,31.8,0.1815,98.07,0,0
2026-01-01 15:15:00,EV_BAT_01,70.38,392.56,41.51,31.28,0.1694,97.98,0,0
2026-01-01 15:16:00,EV_BAT_01,69.77,395.35,43.28,32.9,0.1935,97.8,0,0
2026-01-01 15:17:00,EV_BAT_01,65.79,394.98,40.72,32.22,0.1743,97.98,0,0
2026-01-01 15:18:00,EV_BAT_01,65.85,396.69,42.02,30.66,0.1927,98.12,0,0
2026-01-01 15:19:00,EV_BAT_01,69.42,395.03,43.31,33.1,0.2134,98.12,0,0
2026-01-01 15:20:00,EV_BAT_01,69.19,392.07,41.31,32.19,0.1217,97.68,0,0
2026-01-01 15:21:00,EV_BAT_01,67.61,394.8,37.05,31.26,0.1964,97.99,0,0
2026-01-01 15:22:00,EV_BAT_01,69.36,393.52,36.62,31.36,0.1719,97.76,0,0
2026-01-01 15:23:00,EV_BAT_01,72.64,395.43,32.87,31.73,0.1943,98.17,0,0
2026-01-01 15:24:00,EV_BAT_01,70.77,397.87,34.7,30.08,0.1598,98.14,0,0
2026-01-01 15:25:00,EV_BAT_01,66.83,392.17,45.45,32.72,,97.84,0,0
2026-01-01 15:26:00,EV_BAT_01,69.19,393.86,33.92,41.28,0.461,97.86,1,0
2026-01-01 15:27:00,EV_BAT_01,67.77,394.31,31.79,29.14,0.1954,97.91,0,0
2026-01-01 15:28:00,EV_BAT_01,68.79,394.62,37.33,31.97,0.2009,97.58,0,0
2026-01-01 15:29:00,EV_BAT_01,68.83,396.64,35.08,31.64,0.1623,98.04,0,0
2026-01-01 15:30:00,EV_BAT_01,68.8,394.99,34.22,32.89,0.1655,97.93,0,0
2026-01-01 15:31:00,EV_BAT_01,67.19,396.04,40.11,32.68,0.1999,98.15,0,0
2026-01-01 15:32:00,EV_BAT_01,69.78,394.16,36.15,30.64,0.1622,97.77,0,0
2026-01-01 15:33:00,EV_BAT_01,68.93,395.68,31.31,32.38,0.2178,97.85,0,0
2026-01-01 15:34:00,EV_BAT_01,63.83,396.66,31.21,31.66,0.174,97.69,0,0
2026-01-01 15:35:00,EV_BAT_01,74.9,393.92,30.38,32.07,0.1951,97.77,0,0
2026-01-01 15:36:00,EV_BAT_01,72.89,396.63,35.38,31.38,0.2357,97.74,0,0
2026-01-01 15:37:00,EV_BAT_01,69.77,395.29,30.14,30.44,0.1662,98.12,0,0
2026-01-01 15:38:00,EV_BAT_01,70.75,397.06,23.69,30.11,0.1864,97.81,0,0
2026-01-01 15:39:00,EV_BAT_01,68.25,394.78,30.17,30.89,0.2119,97.96,0,0
2026-01-01 15:40:00,EV_BAT_01,74.67,395.8,23.72,31.2,0.2103,97.86,0,0
2026-01-01 15:41:00,EV_BAT_01,75.23,395.01,38.12,32.21,0.1793,97.7,0,0
2026-01-01 15:42:00,EV_BAT_01,71.51,394.88,25.04,31.08,0.1757,97.89,0,0
2026-01-01 15:43:00,EV_BAT_01,73.54,395.48,27.78,31.81,0.184,98.02,0,0
2026-01-01 15:44:00,EV_BAT_01,71.79,395.94,28.99,31.27,0.2273,97.69,0,0
2026-01-01 15:45:00,EV_BAT_01,68.58,392.69,26.35,32.21,0.1855,98.05,0,0
2026-01-01 15:46:00,EV_BAT_01,70.73,397.47,25.89,32.24,0.1958,97.75,0,0
2026-01-01 15:47:00,EV_BAT_01,72.05,391.5,28.3,31.24,0.1847,97.81,0,0
2026-01-01 15:48:00,EV_BAT_01,70.88,393.57,32.29,30.49,0.2145,97.99,0,0
2026-01-01 15:49:00,EV_BAT_01,71.52,394.58,28.84,30.1,0.2023,97.77,0,0
2026-01-01 15:50:00,EV_BAT_01,71.92,395.44,31.27,31.54,0.175,97.89,0,0
2026-01-01 15:51:00,EV_BAT_01,72.07,397.48,20.78,28.5,0.1776,97.82,0,0
2026-01-01 15:52:00,EV_BAT_01,72.48,391.24,25.85,40.17,0.5093,97.9,1,0
2026-01-01 15:53:00,EV_BAT_01,70.16,393.61,24.83,33.06,0.1845,97.44,0,0
2026-01-01 15:54:00,EV_BAT_01,71.04,390.64,25.26,31.51,0.227,97.54,0,0
2026-01-01 15:55:00,EV_BAT_01,69.92,394.46,29.01,30.86,0.242,97.97,0,0
2026-01-01 15:56:00,EV_BAT_01,75.02,394.82,22.3,31.36,0.2279,98.04,0,0
2026-01-01 15:57:00,EV_BAT_01,68.36,397.13,21.24,31.83,0.2266,97.69,0,0
2026-01-01 15:58:00,EV_BAT_01,75.66,394.41,24.7,34.46,0.2114,97.81,0,0
2026-01-01 15:59:00,EV_BAT_01,76.3,396.0,15.17,30.12,0.2359,97.9,0,0
2026-01-01 16:00:00,EV_BAT_01,72.71,395.1,21.06,30.54,0.2256,97.96,0,0
2026-01-01 16:01:00,EV_BAT_01,67.78,393.19,21.22,30.0,0.2654,97.47,0,0
2026-01-01 16:02:00,EV_BAT_01,72.84,391.36,17.84,28.51,0.2198,97.67,0,0
2026-01-01 16:03:00,EV_BAT_01,73.62,394.31,25.53,30.78,0.2577,97.77,0,0
2026-01-01 16:04:00,EV_BAT_01,71.67,391.04,16.84,30.52,0.2478,97.95,0,0
2026-01-01 16:05:00,EV_BAT_01,72.89,395.97,20.36,29.61,0.2462,98.27,0,0
2026-01-01 16:06:00,EV_BAT_01,77.52,393.26,21.91,29.19,0.1794,97.77,0,0
2026-01-01 16:07:00,EV_BAT_01,75.75,395.62,25.99,32.56,0.2547,97.56,0,0
2026-01-01 16:08:00,EV_BAT_01,72.38,392.51,20.4,32.21,0.2301,97.88,0,0
2026-01-01 16:09:00,EV_BAT_01,71.03,393.77,24.07,31.64,0.2239,98.04,0,0
2026-01-01 16:10:00,EV_BAT_01,73.96,393.57,23.03,30.01,0.1996,97.81,0,0
2026-01-01 16:11:00,EV_BAT_01,74.34,393.01,20.64,32.05,0.2382,97.63,0,0
2026-01-01 16:12:00,EV_BAT_01,76.03,392.21,15.72,30.55,0.2408,97.96,0,0
2026-01-01 16:13:00,EV_BAT_01,73.89,393.6,14.3,28.46,0.2089,97.9,0,0
2026-01-01 16:14:00,EV_BAT_01,76.33,391.12,20.44,30.99,0.2061,97.59,0,0
2026-01-01 16:15:00,EV_BAT_01,79.59,390.51,17.83,31.7,0.2565,97.84,0,0
2026-01-01 16:16:00,EV_BAT_01,77.26,394.82,23.69,31.71,0.2675,97.95,0,0
2026-01-01 16:17:00,EV_BAT_01,75.5,393.78,23.02,31.01,0.2517,97.98,0,0
2026-01-01 16:18:00,EV_BAT_01,75.33,392.48,19.34,30.99,0.2769,97.75,0,0
2026-01-01 16:19:00,EV_BAT_01,75.08,395.25,15.52,29.48,0.2471,97.69,0,0
2026-01-01 16:20:00,EV_BAT_01,78.6,391.66,22.27,31.39,0.249,97.97,0,0
2026-01-01 16:21:00,EV_BAT_01,74.75,394.41,16.26,32.8,0.2283,97.53,0,0
2026-01-01 16:22:00,EV_BAT_01,76.37,392.23,17.41,30.97,0.2131,97.82,0,0
2026-01-01 16:23:00,EV_BAT_01,76.51,389.95,16.66,32.02,0.2993,97.49,0,0
2026-01-01 16:24:00,EV_BAT_01,75.43,395.0,20.18,29.4,0.2819,97.92,0,0
2026-01-01 16:25:00,EV_BAT_01,73.64,393.34,25.59,30.49,0.2194,97.68,0,0
2026-01-01 16:26:00,EV_BAT_01,77.51,391.22,21.07,30.53,0.2586,97.95,0,0
2026-01-01 16:27:00,EV_BAT_01,76.79,392.62,19.52,29.85,0.2526,97.81,0,0
2026-01-01 16:28:00,EV_BAT_01,78.16,390.46,15.42,30.86,0.2486,97.49,0,0
2026-01-01 16:29:00,EV_BAT_01,76.02,392.56,23.96,30.88,0.2454,97.97,0,0
2026-01-01 16:30:00,EV_BAT_01,80.01,386.64,18.89,31.61,0.2653,97.98,0,0
2026-01-01 16:31:00,EV_BAT_01,75.53,388.98,22.75,32.06,0.2763,97.86,0,0
2026-01-01 16:32:00,EV_BAT_01,81.35,392.45,21.15,30.25,0.2658,97.56,0,0
2026-01-01 16:33:00,EV_BAT_01,73.87,390.1,26.22,29.13,0.2526,97.64,0,0
2026-01-01 16:34:00,EV_BAT_01,78.8,390.8,22.55,30.6,0.2514,97.71,0,0
2026-01-01 16:35:00,EV_BAT_01,79.02,387.87,23.27,32.77,0.2784,97.56,0,0
2026-01-01 16:36:00,EV_BAT_01,76.36,393.48,25.8,30.79,0.2662,97.98,0,0
2026-01-01 16:37:00,EV_BAT_01,79.17,392.17,32.64,30.91,0.2559,97.7,0,0
2026-01-01 16:38:00,EV_BAT_01,81.18,389.53,28.13,31.51,,97.18,0,0
2026-01-01 16:39:00,EV_BAT_01,73.62,389.02,24.61,31.43,0.2613,97.73,0,0
2026-01-01 16:40:00,EV_BAT_01,79.73,391.47,25.37,29.61,0.2402,97.6,0,0
2026-01-01 16:41:00,EV_BAT_01,73.27,393.05,23.67,30.35,0.2716,97.64,0,0
2026-01-01 16:42:00,EV_BAT_01,76.75,391.06,22.38,28.36,0.2232,97.58,0,0
2026-01-01 16:43:00,EV_BAT_01,82.59,393.11,24.4,30.22,0.2388,97.79,0,0
2026-01-01 16:44:00,EV_BAT_01,77.85,387.4,23.96,29.85,0.2632,97.84,0,0
2026-01-01 16:45:00,EV_BAT_01,76.68,387.45,30.11,30.51,0.2184,97.69,0,0
2026-01-01 16:46:00,EV_BAT_01,78.95,386.64,23.67,29.44,0.2062,97.57,0,0
2026-01-01 16:47:00,EV_BAT_01,84.06,389.43,33.76,30.63,0.2458,97.62,0,0
2026-01-01 16:48:00,EV_BAT_01,75.6,388.81,31.91,30.41,0.2004,97.63,0,0
2026-01-01 16:49:00,EV_BAT_01,77.44,388.08,29.46,30.74,0.2089,97.48,0,0
2026-01-01 16:50:00,EV_BAT_01,83.17,389.67,29.87,32.38,0.2588,97.72,0,0
2026-01-01 16:51:00,EV_BAT_01,84.09,390.28,28.14,30.47,0.2333,97.69,0,0
2026-01-01 16:52:00,EV_BAT_01,79.89,385.18,31.95,31.34,0.2689,97.88,0,0
2026-01-01 16:53:00,EV_BAT_01,77.51,386.7,35.72,29.0,0.2051,97.83,0,0
2026-01-01 16:54:00,EV_BAT_01,84.97,389.11,29.07,30.05,0.2312,97.47,0,0
2026-01-01 16:55:00,EV_BAT_01,83.99,386.65,26.26,32.27,0.2418,97.74,0,0
2026-01-01 16:56:00,EV_BAT_01,82.09,385.91,35.73,31.3,0.2009,97.42,0,0
2026-01-01 16:57:00,EV_BAT_01,78.93,389.03,34.73,29.46,0.2542,97.71,0,0
2026-01-01 16:58:00,EV_BAT_01,80.72,384.73,29.47,31.43,0.2395,97.49,0,0
2026-01-01 16:59:00,EV_BAT_01,80.59,386.36,31.54,30.72,0.1847,97.39,0,0
2026-01-01 17:00:00,EV_BAT_01,81.79,387.35,31.56,30.8,0.2223,97.62,0,0
2026-01-01 17:01:00,EV_BAT_01,84.37,385.58,32.63,28.21,0.2311,97.08,0,0
2026-01-01 17:02:00,EV_BAT_01,83.22,387.88,34.75,31.37,0.205,97.25,0,0
2026-01-01 17:03:00,EV_BAT_01,79.03,385.3,35.5,31.31,0.181,97.52,0,0
2026-01-01 17:04:00,EV_BAT_01,84.54,388.71,34.48,28.53,0.2232,97.57,0,0
2026-01-01 17:05:00,EV_BAT_01,82.31,385.81,34.57,30.04,0.2698,97.48,0,0
2026-01-01 17:06:00,EV_BAT_01,83.24,387.1,37.2,31.26,0.2032,97.26,0,0
2026-01-01 17:07:00,EV_BAT_01,85.06,387.09,39.3,30.88,0.2504,97.39,0,0
2026-01-01 17:08:00,EV_BAT_01,79.5,384.47,37.87,30.52,0.1908,97.6,0,0
2026-01-01 17:09:00,EV_BAT_01,81.97,381.76,44.27,30.59,0.2134,97.63,0,0
2026-01-01 17:10:00,EV_BAT_01,80.98,385.96,42.16,29.76,0.2258,97.52,0,0
2026-01-01 17:11:00,EV_BAT_01,78.81,385.3,34.26,30.96,0.2048,97.73,0,0
2026-01-01 17:12:00,EV_BAT_01,83.12,386.03,43.2,29.65,0.1961,97.59,0,0
2026-01-01 17:13:00,EV_BAT_01,87.99,384.47,44.0,31.09,0.2204,97.38,0,0
2026-01-01 17:14:00,EV_BAT_01,78.51,383.97,40.3,31.97,0.2482,97.46,0,0
2026-01-01 17:15:00,EV_BAT_01,82.59,388.21,36.52,29.72,0.2072,97.25,0,0
2026-01-01 17:16:00,EV_BAT_01,84.17,381.81,42.98,31.31,0.1856,97.48,0,0
2026-01-01 17:17:00,EV_BAT_01,83.12,385.64,43.36,31.7,0.1926,97.69,0,0
2026-01-01 17:18:00,EV_BAT_01,82.7,383.15,39.33,28.56,0.2593,97.61,0,0
2026-01-01 17:19:00,EV_BAT_01,80.18,383.44,38.43,30.47,0.1987,97.74,0,0
2026-01-01 17:20:00,EV_BAT_01,83.65,383.33,44.29,28.98,0.1796,97.43,0,0
2026-01-01 17:21:00,EV_BAT_01,81.56,382.32,44.1,32.42,0.1651,97.72,0,0
2026-01-01 17:22:00,EV_BAT_01,78.5,384.66,43.75,31.65,0.1473,97.44,0,0
2026-01-01 17:23:00,EV_BAT_01,86.03,386.0,45.46,28.88,0.2015,97.73,0,0
2026-01-01 17:24:00,EV_BAT_01,85.6,384.21,41.74,33.33,0.2082,97.46,0,0
2026-01-01 17:25:00,EV_BAT_01,83.69,383.42,44.75,30.99,0.1815,97.58,0,0
2026-01-01 17:26:00,EV_BAT_01,84.17,381.32,48.95,29.08,0.1907,97.72,0,0
2026-01-01 17:27:00,EV_BAT_01,86.11,383.9,45.74,31.53,0.1615,97.41,0,0
2026-01-01 17:28:00,EV_BAT_01,84.32,386.72,40.75,28.13,0.194,97.48,0,0
2026-01-01 17:29:00,EV_BAT_01,85.9,382.02,45.83,29.82,0.2026,97.67,0,0
2026-01-01 17:30:00,EV_BAT_01,83.33,381.9,43.71,29.13,0.1772,97.41,0,0
2026-01-01 17:31:00,EV_BAT_01,86.95,381.44,49.31,33.76,0.233,97.19,0,0
2026-01-01 17:32:00,EV_BAT_01,84.85,381.45,49.76,31.65,0.17,97.81,0,0
2026-01-01 17:33:00,EV_BAT_01,84.64,377.26,42.07,31.25,0.1984,97.34,0,0
2026-01-01 17:34:00,EV_BAT_01,81.49,382.81,51.94,32.03,0.2129,97.45,0,0
2026-01-01 17:35:00,EV_BAT_01,84.99,380.44,44.65,29.85,0.1903,97.62,0,0
2026-01-01 17:36:00,EV_BAT_01,82.6,378.94,55.5,39.59,0.4481,97.3,1,0
2026-01-01 17:37:00,EV_BAT_01,83.09,383.08,49.22,31.84,0.1578,97.22,0,0
2026-01-01 17:38:00,EV_BAT_01,82.77,379.66,44.57,29.96,0.2282,97.44,0,0
2026-01-01 17:39:00,EV_BAT_01,82.28,380.88,45.1,31.23,0.1909,97.07,0,0
2026-01-01 17:40:00,EV_BAT_01,89.37,384.02,51.16,31.31,0.2095,97.34,0,0
2026-01-01 17:41:00,EV_BAT_01,87.68,378.73,48.29,30.93,0.2139,97.43,0,0
2026-01-01 17:42:00,EV_BAT_01,89.04,378.4,49.53,31.57,0.1825,97.33,0,0
2026-01-01 17:43:00,EV_BAT_01,82.18,381.53,56.41,31.67,0.1945,97.1,0,0
2026-01-01 17:44:00,EV_BAT_01,85.09,383.01,47.19,29.98,0.2341,97.66,0,0
2026-01-01 17:45:00,EV_BAT_01,82.14,378.0,50.24,32.07,0.1741,97.39,0,0
2026-01-01 17:46:00,EV_BAT_01,83.51,381.46,55.67,30.64,0.2567,97.62,0,0
2026-01-01 17:47:00,EV_BAT_01,83.07,381.67,51.05,30.91,0.1863,97.31,0,0
2026-01-01 17:48:00,EV_BAT_01,87.87,376.82,43.49,30.47,0.177,97.2,0,0
2026-01-01 17:49:00,EV_BAT_01,84.32,381.87,51.88,29.26,0.2114,97.4,0,0
2026-01-01 17:50:00,EV_BAT_01,87.59,381.91,45.12,30.17,0.2649,97.31,0,0
2026-01-01 17:51:00,EV_BAT_01,86.61,379.68,55.3,30.63,0.1636,97.13,0,0
2026-01-01 17:52:00,EV_BAT_01,90.39,382.4,46.26,30.61,0.2096,97.6,0,0
2026-01-01 17:53:00,EV_BAT_01,82.11,382.1,61.3,32.59,0.2268,97.22,0,0
2026-01-01 17:54:00,EV_BAT_01,88.18,380.15,55.14,31.97,0.2175,97.0,0,0
2026-01-01 17:55:00,EV_BAT_01,87.97,379.06,45.91,31.89,0.2281,97.56,0,0
2026-01-01 17:56:00,EV_BAT_01,83.34,378.04,48.99,31.0,0.2025,97.23,0,0
2026-01-01 17:57:00,EV_BAT_01,87.73,379.64,51.72,28.33,0.2073,97.2,0,0
2026-01-01 17:58:00,EV_BAT_01,86.29,380.65,51.62,31.46,0.2205,96.99,0,0
2026-01-01 17:59:00,EV_BAT_01,85.08,378.97,50.01,29.92,0.1978,97.62,0,0
2026-01-01 18:00:00,EV_BAT_01,83.8,375.52,53.0,31.67,0.2269,97.07,0,0
2026-01-01 18:01:00,EV_BAT_01,84.06,381.68,47.23,29.48,0.2202,97.31,0,0
2026-01-01 18:02:00,EV_BAT_01,90.18,379.67,45.97,33.01,0.2201,97.46,0,0
2026-01-01 18:03:00,EV_BAT_01,85.69,378.57,45.75,32.77,0.2417,97.36,0,0
2026-01-01 18:04:00,EV_BAT_01,87.43,380.73,50.25,30.51,0.1901,97.27,0,0
2026-01-01 18:05:00,EV_BAT_01,83.99,381.86,47.95,31.93,0.2317,96.97,0,0
2026-01-01 18:06:00,EV_BAT_01,84.04,374.01,47.31,30.34,0.2972,97.13,0,0
2026-01-01 18:07:00,EV_BAT_01,88.15,379.78,48.97,30.55,0.214,97.3,0,0
2026-01-01 18:08:00,EV_BAT_01,82.81,376.37,37.22,29.09,0.275,97.12,0,0
2026-01-01 18:09:00,EV_BAT_01,84.88,379.78,46.28,30.84,0.246,97.3,0,0
2026-01-01 18:10:00,EV_BAT_01,85.88,379.05,45.52,30.46,0.2312,97.38,0,0
2026-01-01 18:11:00,EV_BAT_01,86.06,379.91,50.91,30.71,0.2149,97.42,0,0
2026-01-01 18:12:00,EV_BAT_01,85.43,377.82,37.7,31.46,0.253,97.03,0,0
2026-01-01 18:13:00,EV_BAT_01,86.7,375.3,49.62,30.24,0.2874,97.64,0,0
2026-01-01 18:14:00,EV_BAT_01,87.36,377.82,43.25,31.54,0.2428,97.38,0,0
2026-01-01 18:15:00,EV_BAT_01,87.45,379.31,44.46,31.09,0.2519,97.23,0,0
2026-01-01 18:16:00,EV_BAT_01,83.67,380.37,48.75,30.38,0.2805,97.42,0,0
2026-01-01 18:17:00,EV_BAT_01,85.21,376.39,43.82,31.65,0.2651,97.65,0,0
2026-01-01 18:18:00,EV_BAT_01,88.46,380.32,42.7,32.74,0.2184,96.96,0,0
2026-01-01 18:19:00,EV_BAT_01,87.79,377.27,41.59,30.2,0.2613,97.17,0,0
2026-01-01 18:20:00,EV_BAT_01,82.8,379.05,38.2,30.29,0.2977,96.78,0,0
2026-01-01 18:21:00,EV_BAT_01,86.58,377.45,39.52,29.97,0.2599,97.24,0,0
2026-01-01 18:22:00,EV_BAT_01,81.44,378.67,36.27,31.33,0.1932,97.27,0,0
2026-01-01 18:23:00,EV_BAT_01,85.89,379.93,38.45,31.13,0.2722,97.19,0,0
2026-01-01 18:24:00,EV_BAT_01,89.94,376.09,28.77,30.78,0.2582,97.07,0,0
2026-01-01 18:25:00,EV_BAT_01,83.66,377.06,39.32,31.79,0.2181,96.82,0,0
2026-01-01 18:26:00,EV_BAT_01,83.9,378.6,36.6,29.13,0.2223,97.25,0,0
2026-01-01 18:27:00,EV_BAT_01,87.39,382.57,35.22,30.39,0.2891,97.44,0,0
2026-01-01 18:28:00,EV_BAT_01,82.29,376.68,36.93,28.55,0.2467,97.07,0,0
2026-01-01 18:29:00,EV_BAT_01,84.27,381.9,29.79,30.9,0.2426,97.25,0,0
2026-01-01 18:30:00,EV_BAT_01,86.95,381.83,42.72,29.96,0.2645,96.88,0,0
2026-01-01 18:31:00,EV_BAT_01,84.21,378.04,34.07,30.56,0.2493,97.24,0,0
2026-01-01 18:32:00,EV_BAT_01,85.06,377.68,33.37,27.76,0.2679,97.09,0,0
2026-01-01 18:33:00,EV_BAT_01,87.18,376.97,29.57,29.4,0.2601,97.01,0,0
2026-01-01 18:34:00,EV_BAT_01,86.44,378.09,33.01,29.15,0.235,97.01,0,0
2026-01-01 18:35:00,EV_BAT_01,86.06,375.69,37.94,29.42,0.2518,97.07,0,0
2026-01-01 18:36:00,EV_BAT_01,84.69,378.09,36.02,32.11,0.2752,97.21,0,0
2026-01-01 18:37:00,EV_BAT_01,86.21,380.93,34.79,29.61,0.2647,96.9,0,0
2026-01-01 18:38:00,EV_BAT_01,85.08,377.15,33.05,28.2,0.261,97.06,0,0
2026-01-01 18:39:00,EV_BAT_01,86.32,377.83,28.93,27.79,0.3107,97.12,0,0
2026-01-01 18:40:00,EV_BAT_01,84.17,375.22,24.07,29.37,0.2798,96.92,0,0
2026-01-01 18:41:00,EV_BAT_01,84.82,378.97,28.58,31.15,0.2819,97.44,0,0
2026-01-01 18:42:00,EV_BAT_01,82.99,378.8,27.96,28.94,0.2555,96.96,0,0
2026-01-01 18:43:00,EV_BAT_01,85.04,378.46,32.62,29.28,0.2641,96.99,0,0
2026-01-01 18:44:00,EV_BAT_01,83.28,377.98,29.2,29.78,0.2468,96.93,0,0
2026-01-01 18:45:00,EV_BAT_01,82.56,377.88,33.95,29.58,0.2758,97.42,0,0
2026-01-01 18:46:00,EV_BAT_01,85.53,379.34,31.84,27.03,0.2523,97.19,0,0
2026-01-01 18:47:00,EV_BAT_01,85.37,378.42,24.79,28.96,0.2593,96.92,0,0
2026-01-01 18:48:00,EV_BAT_01,86.56,379.07,19.0,34.52,0.5244,97.28,1,0
2026-01-01 18:49:00,EV_BAT_01,83.83,378.93,31.31,30.26,0.2505,97.12,0,0
2026-01-01 18:50:00,EV_BAT_01,85.61,380.6,30.8,30.87,0.323,97.12,0,0
2026-01-01 18:51:00,EV_BAT_01,85.86,379.84,19.5,30.09,0.2313,97.01,0,0
2026-01-01 18:52:00,EV_BAT_01,85.56,379.02,30.62,29.74,0.2295,96.93,0,0
2026-01-01 18:53:00,EV_BAT_01,82.69,381.45,25.74,28.87,0.2621,97.12,0,0
2026-01-01 18:54:00,EV_BAT_01,84.77,379.52,24.5,31.0,0.2283,96.96,0,0
2026-01-01 18:55:00,EV_BAT_01,85.17,381.17,29.97,29.54,0.2342,97.38,0,0
2026-01-01 18:56:00,EV_BAT_01,84.31,379.97,28.56,28.28,0.2126,96.82,0,0
2026-01-01 18:57:00,EV_BAT_01,79.63,375.61,25.47,28.79,0.2503,97.32,0,0
2026-01-01 18:58:00,EV_BAT_01,84.49,381.34,24.46,29.41,0.2489,97.02,0,0
2026-01-01 18:59:00,EV_BAT_01,88.93,379.29,24.74,28.53,0.2267,97.09,0,0
2026-01-01 19:00:00,EV_BAT_01,83.19,379.02,20.41,29.35,0.2507,97.18,0,0
2026-01-01 19:01:00,EV_BAT_01,82.29,379.68,21.54,28.18,0.1846,96.91,0,0
2026-01-01 19:02:00,EV_BAT_01,84.63,378.62,17.91,29.1,0.2116,97.18,0,0
2026-01-01 19:03:00,EV_BAT_01,84.41,379.72,19.96,28.72,0.2233,96.53,0,0
2026-01-01 19:04:00,EV_BAT_01,86.26,378.32,19.63,29.08,0.1965,96.88,0,0
2026-01-01 19:05:00,EV_BAT_01,80.78,381.75,18.36,29.72,0.1804,96.84,0,0
2026-01-01 19:06:00,EV_BAT_01,85.06,379.33,21.28,29.39,0.2148,96.78,0,0
2026-01-01 19:07:00,EV_BAT_01,84.66,378.92,19.29,28.29,0.2382,96.96,0,0
2026-01-01 19:08:00,EV_BAT_01,82.95,378.02,22.45,28.12,0.2513,97.06,0,0
2026-01-01 19:09:00,EV_BAT_01,83.92,380.25,13.84,30.69,0.2039,97.12,0,0
2026-01-01 19:10:00,EV_BAT_01,85.34,380.19,19.77,29.39,0.2344,97.03,0,0
2026-01-01 19:11:00,EV_BAT_01,84.89,380.64,20.67,27.66,0.2305,96.86,0,0
2026-01-01 19:12:00,EV_BAT_01,80.36,378.17,18.84,27.89,0.2437,97.04,0,0
2026-01-01 19:13:00,EV_BAT_01,84.57,377.23,19.35,27.03,0.2031,96.99,0,0
2026-01-01 19:14:00,EV_BAT_01,82.52,381.33,13.67,27.06,0.1655,97.14,0,0
2026-01-01 19:15:00,EV_BAT_01,82.72,382.97,21.43,27.92,0.211,97.1,0,0
2026-01-01 19:16:00,EV_BAT_01,82.61,378.54,22.6,27.86,0.1827,96.96,0,0
2026-01-01 19:17:00,EV_BAT_01,82.01,383.34,22.01,29.35,0.1889,96.79,0,0
2026-01-01 19:18:00,EV_BAT_01,84.85,381.09,24.24,29.02,0.1984,96.83,0,0
2026-01-01 19:19:00,EV_BAT_01,81.94,380.66,20.95,29.7,0.1965,96.85,0,0
2026-01-01 19:20:00,EV_BAT_01,79.54,380.06,22.14,28.74,0.2076,96.88,0,0
2026-01-01 19:21:00,EV_BAT_01,81.03,378.39,20.95,28.44,0.2209,96.98,0,0
2026-01-01 19:22:00,EV_BAT_01,82.17,382.76,23.2,29.04,0.1934,97.06,0,0
2026-01-01 19:23:00,EV_BAT_01,84.36,379.69,14.27,30.78,0.2119,96.92,0,0
2026-01-01 19:24:00,EV_BAT_01,82.86,379.79,17.16,28.67,0.2018,96.92,0,0
2026-01-01 19:25:00,EV_BAT_01,79.55,383.09,27.25,29.65,0.2244,96.94,0,0
2026-01-01 19:26:00,EV_BAT_01,86.76,378.02,11.25,27.72,0.1959,96.82,0,0
2026-01-01 19:27:00,EV_BAT_01,81.75,378.78,20.74,28.68,0.1984,96.74,0,0
2026-01-01 19:28:00,EV_BAT_01,83.85,381.6,26.21,29.64,0.1909,96.59,0,0
2026-01-01 19:29:00,EV_BAT_01,80.59,382.27,21.38,,0.1961,96.77,0,0
2026-01-01 19:30:00,EV_BAT_01,81.97,382.73,20.39,29.03,0.1806,96.98,0,0
2026-01-01 19:31:00,EV_BAT_01,82.51,381.43,22.8,28.41,0.1783,96.76,0,0
2026-01-01 19:32:00,EV_BAT_01,83.22,386.65,21.15,27.7,0.2199,96.84,0,0
2026-01-01 19:33:00,EV_BAT_01,82.73,381.8,22.99,29.58,0.1738,96.97,0,0
2026-01-01 19:34:00,EV_BAT_01,82.19,381.91,20.45,28.78,0.1933,96.97,0,0
2026-01-01 19:35:00,EV_BAT_01,79.45,381.01,27.94,28.46,0.2272,96.68,0,0
2026-01-01 19:36:00,EV_BAT_01,78.75,382.79,29.55,29.01,0.1936,97.05,0,0
2026-01-01 19:37:00,EV_BAT_01,80.6,383.8,23.68,33.99,0.4926,97.07,1,0
2026-01-01 19:38:00,EV_BAT_01,81.78,384.98,19.03,30.08,0.1891,96.66,0,0
2026-01-01 19:39:00,EV_BAT_01,79.1,380.26,22.87,27.67,0.1785,96.71,0,0
2026-01-01 19:40:00,EV_BAT_01,81.8,382.62,24.62,28.55,0.1658,97.06,0,0
2026-01-01 19:41:00,EV_BAT_01,82.51,383.99,27.79,29.82,0.2395,96.82,0,0
2026-01-01 19:42:00,EV_BAT_01,77.16,384.37,22.15,27.29,0.1794,96.44,0,0
2026-01-01 19:43:00,EV_BAT_01,77.19,383.45,23.54,27.65,0.2277,96.58,0,0
2026-01-01 19:44:00,EV_BAT_01,78.58,384.55,29.09,26.94,0.1853,96.79,0,0
2026-01-01 19:45:00,EV_BAT_01,79.42,382.24,31.26,30.36,0.2446,96.62,0,0
2026-01-01 19:46:00,EV_BAT_01,77.44,386.63,25.47,26.8,0.2682,96.75,0,0
2026-01-01 19:47:00,EV_BAT_01,81.42,385.75,23.09,29.21,0.1724,96.82,0,0
2026-01-01 19:48:00,EV_BAT_01,79.23,381.67,42.04,26.72,0.1889,97.08,0,0
2026-01-01 19:49:00,EV_BAT_01,78.24,382.28,32.51,28.91,0.237,96.76,0,0
2026-01-01 19:50:00,EV_BAT_01,74.84,382.47,28.8,30.09,0.2321,97.0,0,0
2026-01-01 19:51:00,EV_BAT_01,74.96,385.7,33.84,29.2,0.2404,97.06,0,0
2026-01-01 19:52:00,EV_BAT_01,78.32,382.3,30.37,28.43,0.2084,97.05,0,0
2026-01-01 19:53:00,EV_BAT_01,72.85,384.15,34.84,28.59,0.2742,96.84,0,0
2026-01-01 19:54:00,EV_BAT_01,79.62,385.7,32.52,29.44,0.2293,96.43,0,0
2026-01-01 19:55:00,EV_BAT_01,76.89,384.89,32.76,28.85,0.1977,96.87,0,0
2026-01-01 19:56:00,EV_BAT_01,84.22,385.61,32.46,29.43,0.2237,96.97,0,0
2026-01-01 19:57:00,EV_BAT_01,82.01,383.36,27.64,27.94,0.2018,96.76,0,0
2026-01-01 19:58:00,EV_BAT_01,76.37,386.48,41.71,33.3,0.7239,97.08,1,0
2026-01-01 19:59:00,EV_BAT_01,76.38,384.44,30.71,29.18,0.2192,96.92,0,0
2026-01-01 20:00:00,EV_BAT_01,78.65,385.1,29.56,29.46,0.2499,96.86,0,0
2026-01-01 20:01:00,EV_BAT_01,80.05,386.24,34.67,28.0,0.2277,96.95,0,0
2026-01-01 20:02:00,EV_BAT_01,72.54,386.13,32.2,26.84,0.226,96.81,0,0
2026-01-01 20:03:00,EV_BAT_01,72.05,386.12,36.36,28.91,0.1956,96.3,0,0
2026-01-01 20:04:00,EV_BAT_01,74.45,384.86,39.84,29.1,0.2602,96.65,0,0
2026-01-01 20:05:00,EV_BAT_01,76.94,385.81,41.59,28.1,0.2795,96.95,0,0
2026-01-01 20:06:00,EV_BAT_01,76.59,386.48,41.38,29.99,0.226,96.59,0,0
2026-01-01 20:07:00,EV_BAT_01,77.69,384.14,37.41,,0.2121,96.69,0,0
2026-01-01 20:08:00,EV_BAT_01,72.53,385.91,39.33,27.78,0.2726,96.54,0,0
2026-01-01 20:09:00,EV_BAT_01,69.91,387.58,41.27,27.89,0.2131,97.04,0,0
2026-01-01 20:10:00,EV_BAT_01,76.73,384.71,33.1,26.4,0.2864,97.02,0,0
2026-01-01 20:11:00,EV_BAT_01,72.86,389.22,42.9,27.07,0.2349,96.55,0,0
2026-01-01 20:12:00,EV_BAT_01,70.07,389.56,35.27,29.37,0.2316,96.73,0,0
2026-01-01 20:13:00,EV_BAT_01,74.67,385.16,49.74,27.91,0.2669,96.58,0,0
2026-01-01 20:14:00,EV_BAT_01,75.93,389.98,40.42,30.72,0.2362,96.81,0,0
2026-01-01 20:15:00,EV_BAT_01,73.75,387.4,41.76,30.34,0.2459,96.78,0,0
2026-01-01 20:16:00,EV_BAT_01,72.85,388.54,39.87,29.22,0.2737,96.83,0,0
2026-01-01 20:17:00,EV_BAT_01,73.34,387.02,40.87,29.65,0.2054,96.74,0,0
2026-01-01 20:18:00,EV_BAT_01,72.7,389.71,52.91,30.34,0.3084,97.21,0,0
2026-01-01 20:19:00,EV_BAT_01,70.39,388.9,48.0,27.52,0.2696,96.49,0,0
2026-01-01 20:20:00,EV_BAT_01,71.61,386.83,38.45,26.18,0.2372,96.36,0,0
2026-01-01 20:21:00,EV_BAT_01,74.16,386.32,51.05,28.2,0.245,96.59,0,0
2026-01-01 20:22:00,EV_BAT_01,73.56,385.92,50.19,29.03,0.2961,96.38,0,0
2026-01-01 20:23:00,EV_BAT_01,73.05,389.01,44.67,29.01,0.2871,96.39,0,0
2026-01-01 20:24:00,EV_BAT_01,70.32,389.82,47.37,28.49,0.3075,96.47,0,0
2026-01-01 20:25:00,EV_BAT_01,71.94,390.08,46.43,29.04,0.2563,96.48,0,0
2026-01-01 20:26:00,EV_BAT_01,67.39,388.82,54.71,30.39,0.2813,96.47,0,0
2026-01-01 20:27:00,EV_BAT_01,72.4,387.07,43.95,28.9,0.285,96.73,0,0
2026-01-01 20:28:00,EV_BAT_01,74.98,388.04,48.02,29.17,0.292,96.54,0,0
2026-01-01 20:29:00,EV_BAT_01,68.43,391.46,46.01,27.29,0.3031,96.6,0,0
2026-01-01 20:30:00,EV_BAT_01,70.21,388.63,42.26,28.8,0.2571,96.79,0,0
2026-01-01 20:31:00,EV_BAT_01,72.06,389.87,57.01,28.25,0.2722,96.48,0,0
2026-01-01 20:32:00,EV_BAT_01,73.92,387.79,43.76,28.33,0.2597,96.57,0,0
2026-01-01 20:33:00,EV_BAT_01,70.01,390.44,49.58,29.83,0.2735,96.68,0,0
2026-01-01 20:34:00,EV_BAT_01,69.3,389.13,41.94,33.39,0.6512,96.26,1,0
2026-01-01 20:35:00,EV_BAT_01,66.32,391.94,47.5,29.85,0.2329,96.17,0,0
2026-01-01 20:36:00,EV_BAT_01,70.72,391.56,50.95,29.08,0.3015,96.66,0,0
2026-01-01 20:37:00,EV_BAT_01,74.81,389.38,46.12,35.1,0.6944,96.68,1,0
2026-01-01 20:38:00,EV_BAT_01,70.76,390.15,51.9,27.86,0.2649,96.96,0,0
2026-01-01 20:39:00,EV_BAT_01,69.93,389.49,48.6,29.88,0.303,96.61,0,0
2026-01-01 20:40:00,EV_BAT_01,70.52,388.03,54.41,29.06,0.2793,96.73,0,0
2026-01-01 20:41:00,EV_BAT_01,69.62,389.14,55.3,28.73,0.2787,96.54,0,0
2026-01-01 20:42:00,EV_BAT_01,67.69,391.14,47.57,31.51,,96.62,0,0
2026-01-01 20:43:00,EV_BAT_01,71.13,391.46,50.27,28.33,0.2421,96.87,0,0
2026-01-01 20:44:00,EV_BAT_01,69.64,391.24,50.72,30.7,,96.18,0,0
2026-01-01 20:45:00,EV_BAT_01,69.02,390.52,52.48,28.59,0.2512,96.63,0,0
2026-01-01 20:46:00,EV_BAT_01,66.67,392.84,50.05,28.6,0.2523,96.94,0,0
2026-01-01 20:47:00,EV_BAT_01,71.52,391.36,50.72,29.17,0.2875,96.6,0,0
2026-01-01 20:48:00,EV_BAT_01,69.95,392.6,48.94,28.06,0.2358,96.84,0,0
2026-01-01 20:49:00,EV_BAT_01,67.1,388.23,50.31,29.71,0.2673,96.43,0,0
2026-01-01 20:50:00,EV_BAT_01,70.36,384.45,54.96,28.24,0.2602,96.53,0,0
2026-01-01 20:51:00,EV_BAT_01,66.9,392.1,52.26,28.08,0.2575,96.54,0,0
2026-01-01 20:52:00,EV_BAT_01,66.11,389.11,52.36,28.43,0.243,96.13,0,0
2026-01-01 20:53:00,EV_BAT_01,65.99,391.37,52.31,29.77,0.2399,96.31,0,0
2026-01-01 20:54:00,EV_BAT_01,63.61,391.28,48.65,29.96,0.2258,96.32,0,0
2026-01-01 20:55:00,EV_BAT_01,68.38,394.76,50.37,26.44,0.2631,96.66,0,0
2026-01-01 20:56:00,EV_BAT_01,63.15,392.7,44.57,29.17,0.2327,96.66,0,0
2026-01-01 20:57:00,EV_BAT_01,64.32,392.35,53.78,28.34,0.2719,96.56,0,0
2026-01-01 20:58:00,EV_BAT_01,62.29,393.62,37.35,27.2,0.2403,96.65,0,0
2026-01-01 20:59:00,EV_BAT_01,66.51,392.85,47.9,29.43,0.2177,96.46,0,0
2026-01-01 21:00:00,EV_BAT_01,66.21,391.42,52.55,28.3,0.2365,96.71,0,0
2026-01-01 21:01:00,EV_BAT_01,65.67,394.24,42.27,27.16,0.2304,96.49,0,0
2026-01-01 21:02:00,EV_BAT_01,63.93,390.37,49.03,28.33,0.2641,96.49,0,0
2026-01-01 21:03:00,EV_BAT_01,63.49,393.01,44.41,27.98,0.2279,96.43,0,0
2026-01-01 21:04:00,EV_BAT_01,66.94,389.7,45.34,29.2,0.2285,96.6,0,0
2026-01-01 21:05:00,EV_BAT_01,64.55,392.91,50.27,28.92,0.269,96.39,0,0
2026-01-01 21:06:00,EV_BAT_01,66.3,392.94,46.94,27.69,0.2448,96.64,0,0
2026-01-01 21:07:00,EV_BAT_01,63.51,395.66,37.65,28.68,0.272,96.25,0,0
2026-01-01 21:08:00,EV_BAT_01,65.7,389.87,41.51,27.03,0.2603,96.26,0,0
2026-01-01 21:09:00,EV_BAT_01,68.02,391.65,48.94,26.2,0.2051,96.57,0,0
2026-01-01 21:10:00,EV_BAT_01,66.29,394.26,46.44,29.44,0.2504,96.43,0,0
2026-01-01 21:11:00,EV_BAT_01,63.94,393.42,51.23,27.53,0.2624,96.36,0,0
2026-01-01 21:12:00,EV_BAT_01,65.27,393.18,50.55,26.64,0.2611,96.6,0,0
2026-01-01 21:13:00,EV_BAT_01,64.02,391.17,42.02,27.6,0.2461,96.32,0,0
2026-01-01 21:14:00,EV_BAT_01,64.42,391.86,52.96,27.36,0.2443,96.39,0,0
2026-01-01 21:15:00,EV_BAT_01,63.54,395.2,42.6,28.55,0.2113,96.67,0,0
2026-01-01 21:16:00,EV_BAT_01,63.75,392.89,38.19,27.54,0.1967,96.7,0,0
2026-01-01 21:17:00,EV_BAT_01,64.44,393.69,39.04,28.5,0.2078,96.7,0,0
2026-01-01 21:18:00,EV_BAT_01,61.64,392.83,32.07,27.0,0.1739,96.36,0,0
2026-01-01 21:19:00,EV_BAT_01,61.45,390.93,47.05,38.2,0.704,96.63,1,0
2026-01-01 21:20:00,EV_BAT_01,60.49,394.76,46.51,27.54,0.2066,96.23,0,0
2026-01-01 21:21:00,EV_BAT_01,59.89,394.0,35.57,27.66,0.2452,96.23,0,0
2026-01-01 21:22:00,EV_BAT_01,60.59,397.26,38.22,28.32,0.1814,95.97,0,0
2026-01-01 21:23:00,EV_BAT_01,63.48,391.29,39.01,26.83,0.2386,96.69,0,0
2026-01-01 21:24:00,EV_BAT_01,61.03,394.61,34.28,26.46,0.1987,96.23,0,0
2026-01-01 21:25:00,EV_BAT_01,63.99,390.78,30.58,28.04,0.1785,96.35,0,0
2026-01-01 21:26:00,EV_BAT_01,62.8,393.43,36.25,26.99,0.2509,96.21,0,0
2026-01-01 21:27:00,EV_BAT_01,58.26,394.9,35.28,35.46,0.5294,96.49,1,0
2026-01-01 21:28:00,EV_BAT_01,63.9,389.42,34.49,29.13,0.2151,96.3,0,0
2026-01-01 21:29:00,EV_BAT_01,64.12,392.78,36.41,26.99,0.2106,96.12,0,0
2026-01-01 21:30:00,EV_BAT_01,60.02,392.13,40.72,26.16,0.2208,96.43,0,0
2026-01-01 21:31:00,EV_BAT_01,63.0,391.87,33.26,28.55,0.2148,96.09,0,0
2026-01-01 21:32:00,EV_BAT_01,60.07,393.82,34.64,28.08,0.1903,96.2,0,0
2026-01-01 21:33:00,EV_BAT_01,62.04,395.13,36.34,27.35,0.2002,95.96,0,0
2026-01-01 21:34:00,EV_BAT_01,58.92,392.86,35.13,28.41,0.2599,96.08,0,0
2026-01-01 21:35:00,EV_BAT_01,57.64,393.45,29.94,26.75,0.2782,96.36,0,0
2026-01-01 21:36:00,EV_BAT_01,60.62,393.27,32.27,29.11,0.2511,95.97,0,0
2026-01-01 21:37:00,EV_BAT_01,61.07,393.04,33.56,26.69,0.2246,96.06,0,0
2026-01-01 21:38:00,EV_BAT_01,60.35,391.05,26.35,27.84,0.205,96.32,0,0
2026-01-01 21:39:00,EV_BAT_01,58.5,394.98,35.42,28.77,0.1944,96.22,0,0
2026-01-01 21:40:00,EV_BAT_01,60.11,393.49,35.6,26.95,0.197,96.67,0,0
2026-01-01 21:41:00,EV_BAT_01,61.47,393.64,26.49,28.71,0.2025,96.64,0,0
2026-01-01 21:42:00,EV_BAT_01,60.67,391.44,29.67,29.55,0.2712,96.14,0,0
2026-01-01 21:43:00,EV_BAT_01,61.06,392.03,30.99,25.87,0.2638,96.4,0,0
2026-01-01 21:44:00,EV_BAT_01,59.07,392.5,25.78,28.12,0.2386,96.43,0,0
2026-01-01 21:45:00,EV_BAT_01,63.02,390.02,29.43,26.92,0.1972,96.18,0,0
2026-01-01 21:46:00,EV_BAT_01,57.75,389.7,27.7,27.27,0.245,96.01,0,0
2026-01-01 21:47:00,EV_BAT_01,61.3,391.61,20.74,26.24,0.2182,96.28,0,0
2026-01-01 21:48:00,EV_BAT_01,62.73,393.58,28.02,28.31,0.1718,96.24,0,0
2026-01-01 21:49:00,EV_BAT_01,61.09,391.41,21.36,26.37,0.2344,96.19,0,0
2026-01-01 21:50:00,EV_BAT_01,59.48,390.7,29.11,26.11,0.2079,96.34,0,0
2026-01-01 21:51:00,EV_BAT_01,58.67,391.02,22.28,27.33,0.2104,96.13,0,0
2026-01-01 21:52:00,EV_BAT_01,62.01,391.61,23.93,25.93,0.2261,96.05,0,0
2026-01-01 21:53:00,EV_BAT_01,56.51,391.73,29.7,25.58,0.2216,96.27,0,0
2026-01-01 21:54:00,EV_BAT_01,57.41,396.2,25.84,26.56,0.235,96.32,0,0
2026-01-01 21:55:00,EV_BAT_01,58.58,394.14,19.19,27.93,0.2357,96.03,0,0
2026-01-01 21:56:00,EV_BAT_01,62.09,394.02,19.12,27.8,0.1927,96.41,0,0
2026-01-01 21:57:00,EV_BAT_01,60.11,394.21,20.47,27.54,0.2795,95.91,0,0
2026-01-01 21:58:00,EV_BAT_01,57.06,390.24,24.14,28.09,0.2188,96.12,0,0
2026-01-01 21:59:00,EV_BAT_01,58.42,389.76,23.71,26.12,0.2215,96.18,0,0
2026-01-01 22:00:00,EV_BAT_01,57.67,387.9,18.64,28.6,0.289,96.11,0,0
2026-01-01 22:01:00,EV_BAT_01,57.38,392.12,17.12,28.41,0.2996,96.11,0,0
2026-01-01 22:02:00,EV_BAT_01,61.01,388.57,22.72,27.57,0.3439,96.53,0,0
2026-01-01 22:03:00,EV_BAT_01,55.77,387.13,20.68,32.75,0.3192,96.03,0,0
2026-01-01 22:04:00,EV_BAT_01,62.25,388.43,29.87,30.23,0.3317,96.61,0,0
2026-01-01 22:05:00,EV_BAT_01,60.45,388.6,21.23,30.11,0.3294,96.24,0,0
2026-01-01 22:06:00,EV_BAT_01,60.96,389.33,28.21,29.1,0.3334,96.17,0,0
2026-01-01 22:07:00,EV_BAT_01,57.47,389.12,16.15,32.03,0.3403,96.22,0,0
2026-01-01 22:08:00,EV_BAT_01,58.09,387.0,14.44,29.5,0.2892,96.58,0,0
2026-01-01 22:09:00,EV_BAT_01,55.2,389.54,16.17,30.34,,95.94,0,0
2026-01-01 22:10:00,EV_BAT_01,57.13,386.97,25.35,30.64,0.3764,95.9,0,0
2026-01-01 22:11:00,EV_BAT_01,59.31,387.65,27.57,28.19,0.4507,95.95,0,0
2026-01-01 22:12:00,EV_BAT_01,61.01,388.98,17.39,28.15,0.3268,96.08,0,0
2026-01-01 22:13:00,EV_BAT_01,55.67,386.4,18.67,29.64,0.3722,95.76,0,0
2026-01-01 22:14:00,EV_BAT_01,57.24,386.33,15.84,29.83,0.352,96.06,0,0
2026-01-01 22:15:00,EV_BAT_01,57.65,388.23,13.3,29.44,0.4221,96.35,0,0
2026-01-01 22:16:00,EV_BAT_01,54.86,385.42,23.46,28.98,0.3416,96.06,0,0
2026-01-01 22:17:00,EV_BAT_01,59.18,386.08,21.55,32.01,0.3955,95.97,0,0
2026-01-01 22:18:00,EV_BAT_01,56.24,387.57,20.78,31.22,0.349,95.9,0,0
2026-01-01 22:19:00,EV_BAT_01,57.35,390.06,15.24,30.4,0.3806,96.16,0,0
2026-01-01 22:20:00,EV_BAT_01,56.74,387.25,27.51,32.18,0.3919,95.84,0,0
2026-01-01 22:21:00,EV_BAT_01,55.95,386.81,19.08,30.38,0.4236,96.31,0,0
2026-01-01 22:22:00,EV_BAT_01,57.63,386.71,23.38,31.21,0.374,96.31,0,0
2026-01-01 22:23:00,EV_BAT_01,57.13,383.61,15.6,29.94,0.4215,96.0,0,0
2026-01-01 22:24:00,EV_BAT_01,56.74,385.54,20.84,29.95,0.4092,95.94,0,0
2026-01-01 22:25:00,EV_BAT_01,55.92,385.07,22.98,29.92,0.4194,96.11,0,0
2026-01-01 22:26:00,EV_BAT_01,58.19,385.49,23.35,31.16,0.4402,96.11,0,0
2026-01-01 22:27:00,EV_BAT_01,61.09,384.91,22.9,31.17,0.3878,95.76,0,0
2026-01-01 22:28:00,EV_BAT_01,57.73,385.17,24.51,31.51,0.4436,95.8,0,0
2026-01-01 22:29:00,EV_BAT_01,59.58,383.71,18.29,32.69,0.4125,95.64,0,0
2026-01-01 22:30:00,EV_BAT_01,54.31,384.16,23.89,30.04,0.4575,95.94,0,0
2026-01-01 22:31:00,EV_BAT_01,57.68,381.62,23.86,30.98,0.4416,95.98,0,0
2026-01-01 22:32:00,EV_BAT_01,54.9,383.04,24.65,30.0,0.4311,95.6,0,0
2026-01-01 22:33:00,EV_BAT_01,54.04,385.9,24.35,31.04,0.4247,95.75,0,0
2026-01-01 22:34:00,EV_BAT_01,55.64,383.75,19.32,32.04,0.4629,95.58,0,0
2026-01-01 22:35:00,EV_BAT_01,59.87,382.91,19.51,31.66,0.4767,95.65,0,0
2026-01-01 22:36:00,EV_BAT_01,59.32,386.14,16.3,30.76,0.4346,95.9,0,0
2026-01-01 22:37:00,EV_BAT_01,57.75,380.05,28.83,31.93,0.4222,95.65,0,0
2026-01-01 22:38:00,EV_BAT_01,53.83,380.28,29.27,31.54,0.4705,95.72,0,0
2026-01-01 22:39:00,EV_BAT_01,56.76,385.13,29.76,33.61,0.4194,95.47,0,0
2026-01-01 22:40:00,EV_BAT_01,57.85,381.9,28.04,33.27,0.4253,95.78,0,0
2026-01-01 22:41:00,EV_BAT_01,57.56,381.15,18.72,31.01,0.4337,95.73,0,0
2026-01-01 22:42:00,EV_BAT_01,53.11,379.2,23.6,31.17,0.4521,95.59,0,0
2026-01-01 22:43:00,EV_BAT_01,55.21,381.94,28.86,33.95,0.4312,95.68,0,0
2026-01-01 22:44:00,EV_BAT_01,57.02,381.88,29.19,32.52,0.4183,95.73,0,0
2026-01-01 22:45:00,EV_BAT_01,58.34,378.7,28.25,34.14,0.4403,95.54,0,0
2026-01-01 22:46:00,EV_BAT_01,52.33,380.19,31.11,34.65,0.4867,95.41,0,0
2026-01-01 22:47:00,EV_BAT_01,56.81,379.6,30.18,32.4,0.4407,95.99,0,0
2026-01-01 22:48:00,EV_BAT_01,57.49,380.43,31.13,34.13,0.4658,95.54,0,0
2026-01-01 22:49:00,EV_BAT_01,59.05,377.72,28.61,34.93,0.5248,95.63,0,0
2026-01-01 22:50:00,EV_BAT_01,58.72,381.76,35.62,34.54,0.4766,95.81,0,0
2026-01-01 22:51:00,EV_BAT_01,58.49,380.92,30.5,33.38,,96.25,0,0
2026-01-01 22:52:00,EV_BAT_01,55.46,378.38,27.43,34.28,0.4574,95.38,0,0
2026-01-01 22:53:00,EV_BAT_01,53.03,378.41,30.21,32.98,0.5367,95.68,0,0
2026-01-01 22:54:00,EV_BAT_01,56.38,378.32,32.45,33.7,0.4706,95.46,0,0
2026-01-01 22:55:00,EV_BAT_01,59.47,376.93,38.37,33.61,0.48,95.48,0,0
2026-01-01 22:56:00,EV_BAT_01,60.35,377.29,34.78,35.27,0.5201,95.43,0,0
2026-01-01 22:57:00,EV_BAT_01,58.87,377.37,34.76,43.37,0.9409,95.35,1,0
2026-01-01 22:58:00,EV_BAT_01,58.28,380.52,31.07,33.81,0.4912,95.53,0,0
2026-01-01 22:59:00,EV_BAT_01,58.19,379.09,39.76,32.6,0.4844,95.26,0,0
2026-01-01 23:00:00,EV_BAT_01,56.16,378.83,34.57,34.62,0.486,95.68,0,1
2026-01-01 23:01:00,EV_BAT_01,57.13,377.57,37.34,33.93,0.5036,95.51,0,1
2026-01-01 23:02:00,EV_BAT_01,61.12,374.66,44.22,35.3,0.5096,95.57,0,1
2026-01-01 23:03:00,EV_BAT_01,55.41,376.36,40.89,35.81,0.4811,95.39,0,1
2026-01-01 23:04:00,EV_BAT_01,61.07,377.95,32.9,33.2,0.4795,95.4,0,1
2026-01-01 23:05:00,EV_BAT_01,56.84,373.7,32.89,33.64,0.4849,95.51,0,1
2026-01-01 23:06:00,EV_BAT_01,60.51,376.87,40.26,34.74,0.4666,95.23,0,1
2026-01-01 23:07:00,EV_BAT_01,54.54,379.67,36.21,34.89,0.4634,95.37,0,1
2026-01-01 23:08:00,EV_BAT_01,58.96,377.17,44.2,36.3,0.5122,95.26,0,1
2026-01-01 23:09:00,EV_BAT_01,56.1,377.57,42.31,36.3,0.5298,95.25,0,1
2026-01-01 23:10:00,EV_BAT_01,54.65,375.18,43.34,34.04,0.5298,95.02,0,1
2026-01-01 23:11:00,EV_BAT_01,58.29,376.3,40.37,34.92,0.4502,95.63,0,1
2026-01-01 23:12:00,EV_BAT_01,60.08,373.03,50.68,34.85,0.5054,95.25,0,1
2026-01-01 23:13:00,EV_BAT_01,56.05,375.52,55.6,36.35,0.4857,95.57,0,1
2026-01-01 23:14:00,EV_BAT_01,54.66,375.03,43.62,35.46,0.5187,95.54,0,1
2026-01-01 23:15:00,EV_BAT_01,57.81,374.14,46.64,43.81,1.0386,95.11,1,1
2026-01-01 23:16:00,EV_BAT_01,57.88,375.76,46.1,34.77,0.5339,95.13,0,1
2026-01-01 23:17:00,EV_BAT_01,59.33,372.19,45.15,35.78,0.5207,95.77,0,1
2026-01-01 23:18:00,EV_BAT_01,60.27,372.59,43.32,34.9,0.4759,95.62,0,1
2026-01-01 23:19:00,EV_BAT_01,58.12,372.87,42.77,35.36,0.5014,95.28,0,1
2026-01-01 23:20:00,EV_BAT_01,62.39,370.62,43.01,36.69,0.528,95.32,0,1
2026-01-01 23:21:00,EV_BAT_01,58.86,372.65,49.6,34.99,0.5325,95.15,0,1
2026-01-01 23:22:00,EV_BAT_01,57.67,368.92,46.32,37.31,0.4976,95.33,0,1
2026-01-01 23:23:00,EV_BAT_01,54.96,373.68,38.5,36.38,0.4968,95.11,0,1
2026-01-01 23:24:00,EV_BAT_01,57.99,371.65,50.98,38.22,0.5393,94.87,0,1
2026-01-01 23:25:00,EV_BAT_01,57.9,370.4,49.43,35.0,0.5056,94.98,0,1
2026-01-01 23:26:00,EV_BAT_01,60.83,369.62,55.33,35.59,0.5018,95.21,0,1
2026-01-01 23:27:00,EV_BAT_01,59.8,370.47,51.79,37.04,0.5353,94.99,0,1
2026-01-01 23:28:00,EV_BAT_01,56.27,371.92,44.72,37.52,0.5372,95.17,0,1
2026-01-01 23:29:00,EV_BAT_01,59.32,371.44,42.04,36.0,0.5306,94.98,0,1
2026-01-01 23:30:00,EV_BAT_01,60.49,368.97,48.39,35.51,0.5382,95.02,0,1
2026-01-01 23:31:00,EV_BAT_01,62.45,368.5,49.05,38.23,0.5594,95.3,0,1
2026-01-01 23:32:00,EV_BAT_01,61.13,370.99,55.6,35.92,0.5445,95.18,0,1
2026-01-01 23:33:00,EV_BAT_01,60.93,368.29,52.05,36.23,0.5677,95.12,0,1
2026-01-01 23:34:00,EV_BAT_01,59.47,369.48,56.86,38.31,0.5601,95.27,0,1
2026-01-01 23:35:00,EV_BAT_01,60.28,369.39,47.25,37.75,0.5775,95.19,0,1
2026-01-01 23:36:00,EV_BAT_01,62.26,369.52,56.62,35.9,0.599,95.35,0,1
2026-01-01 23:37:00,EV_BAT_01,56.66,370.29,55.83,38.5,0.6019,95.0,0,1
2026-01-01 23:38:00,EV_BAT_01,58.92,366.26,45.05,36.98,0.6171,94.99,0,1
2026-01-01 23:39:00,EV_BAT_01,58.07,364.89,58.56,36.57,0.6099,94.82,0,1
2026-01-01 23:40:00,EV_BAT_01,60.7,367.11,53.78,36.62,0.599,94.97,0,1
2026-01-01 23:41:00,EV_BAT_01,62.66,371.17,55.09,39.45,0.5865,95.2,0,1
2026-01-01 23:42:00,EV_BAT_01,58.74,371.36,50.17,38.06,0.5919,95.25,0,1
2026-01-01 23:43:00,EV_BAT_01,54.89,370.82,58.81,39.47,0.584,95.18,0,1
2026-01-01 23:44:00,EV_BAT_01,59.34,366.98,49.03,39.76,0.6105,94.67,0,1
2026-01-01 23:45:00,EV_BAT_01,62.35,363.92,57.15,37.33,0.6324,95.18,0,1
2026-01-01 23:46:00,EV_BAT_01,61.62,362.72,57.13,38.34,0.6014,94.64,0,1
2026-01-01 23:47:00,EV_BAT_01,61.48,365.63,49.96,38.18,0.6233,95.12,0,1
2026-01-01 23:48:00,EV_BAT_01,60.02,366.19,61.78,38.03,0.612,94.88,0,1
2026-01-01 23:49:00,EV_BAT_01,57.93,368.7,54.74,40.3,0.6389,95.06,0,1
2026-01-01 23:50:00,EV_BAT_01,61.98,367.73,56.39,38.82,0.6248,94.69,0,1
2026-01-01 23:51:00,EV_BAT_01,59.12,378.49,43.56,26.73,0.2217,95.93,0,0
2026-01-01 23:52:00,EV_BAT_01,65.86,376.38,58.03,25.41,0.2249,95.45,0,0
2026-01-01 23:53:00,EV_BAT_01,62.42,376.16,44.52,28.45,0.2563,95.59,0,0
2026-01-01 23:54:00,EV_BAT_01,59.99,378.26,53.37,27.15,0.2431,95.53,0,0
2026-01-01 23:55:00,EV_BAT_01,60.04,378.97,45.12,27.79,0.2366,95.39,0,0
2026-01-01 23:56:00,EV_BAT_01,61.29,378.34,46.43,26.38,0.2557,95.72,0,0
2026-01-01 23:57:00,EV_BAT_01,61.07,375.69,51.86,27.71,0.2407,96.02,0,0
2026-01-01 23:58:00,EV_BAT_01,64.17,378.64,52.59,27.88,0.2811,96.17,0,0
2026-01-01 23:59:00,EV_BAT_01,62.24,378.16,43.16,26.19,0.2305,95.7,0,0
2026-01-02 00:00:00,EV_BAT_01,60.33,375.38,52.35,26.04,0.2521,95.88,0,0
2026-01-02 00:01:00,EV_BAT_01,66.21,375.83,51.9,28.1,0.2236,95.72,0,0
2026-01-02 00:02:00,EV_BAT_01,62.28,378.4,43.68,25.29,0.2519,95.76,0,0
2026-01-02 00:03:00,EV_BAT_01,63.98,376.67,53.53,27.37,0.2205,95.6,0,0
2026-01-02 00:04:00,EV_BAT_01,61.06,379.89,40.99,25.89,0.2831,95.7,0,0
2026-01-02 00:05:00,EV_BAT_01,63.32,377.86,43.99,28.39,0.2854,95.75,0,0
2026-01-02 00:06:00,EV_BAT_01,63.32,376.02,48.06,25.76,0.2877,95.55,0,0
2026-01-02 00:07:00,EV_BAT_01,58.6,376.82,42.38,28.49,0.2706,95.63,0,0
2026-01-02 00:08:00,EV_BAT_01,67.31,376.89,46.48,26.04,0.2497,95.63,0,0
2026-01-02 00:09:00,EV_BAT_01,65.84,375.41,46.0,26.26,0.2534,95.79,0,0
2026-01-02 00:10:00,EV_BAT_01,62.25,375.02,43.89,28.12,0.3134,95.44,0,0
2026-01-02 00:11:00,EV_BAT_01,60.82,377.87,47.56,25.18,0.3126,95.62,0,0
2026-01-02 00:12:00,EV_BAT_01,64.13,378.08,42.9,27.16,0.2814,95.97,0,0
2026-01-02 00:13:00,EV_BAT_01,63.68,377.6,44.31,28.13,0.267,95.83,0,0
2026-01-02 00:14:00,EV_BAT_01,64.4,379.19,47.53,26.23,0.3156,95.86,0,0
2026-01-02 00:15:00,EV_BAT_01,64.16,375.45,45.66,25.15,0.2654,95.62,0,0
2026-01-02 00:16:00,EV_BAT_01,64.98,379.4,45.19,26.72,0.2898,95.67,0,0
2026-01-02 00:17:00,EV_BAT_01,67.18,374.72,36.98,24.45,0.3192,95.78,0,0
2026-01-02 00:18:00,EV_BAT_01,65.37,374.48,43.2,23.85,0.2656,95.88,0,0
2026-01-02 00:19:00,EV_BAT_01,61.94,373.11,37.11,27.55,0.3084,95.24,0,0
2026-01-02 00:20:00,EV_BAT_01,67.37,375.44,35.0,24.98,0.3017,95.35,0,0
2026-01-02 00:21:00,EV_BAT_01,68.11,375.31,39.35,26.14,0.2887,95.82,0,0
2026-01-02 00:22:00,EV_BAT_01,71.57,377.13,35.52,26.33,0.2657,95.53,0,0
2026-01-02 00:23:00,EV_BAT_01,62.29,376.6,41.79,25.94,0.2732,95.46,0,0
2026-01-02 00:24:00,EV_BAT_01,65.43,373.99,41.38,25.68,0.2992,95.35,0,0
2026-01-02 00:25:00,EV_BAT_01,60.44,375.41,29.99,25.73,0.257,95.47,0,0
2026-01-02 00:26:00,EV_BAT_01,66.37,375.43,33.77,26.34,0.2964,95.31,0,0
2026-01-02 00:27:00,EV_BAT_01,64.08,372.89,30.73,25.49,0.3071,95.93,0,0
2026-01-02 00:28:00,EV_BAT_01,69.64,374.31,34.2,26.04,0.3185,95.55,0,0
2026-01-02 00:29:00,EV_BAT_01,63.84,374.68,37.34,25.95,0.2591,95.54,0,0
2026-01-02 00:30:00,EV_BAT_01,61.96,378.64,34.03,25.11,0.3271,95.65,0,0
2026-01-02 00:31:00,EV_BAT_01,64.77,376.4,32.12,24.97,0.3366,95.71,0,0
2026-01-02 00:32:00,EV_BAT_01,61.59,377.24,39.15,26.33,0.3044,95.71,0,0
2026-01-02 00:33:00,EV_BAT_01,67.72,373.36,24.21,24.84,0.2681,95.72,0,0
2026-01-02 00:34:00,EV_BAT_01,61.66,378.21,37.86,25.15,0.2856,95.41,0,0
2026-01-02 00:35:00,EV_BAT_01,66.4,378.4,30.22,25.99,0.2922,95.47,0,0
2026-01-02 00:36:00,EV_BAT_01,61.9,372.47,31.57,28.07,0.2997,95.66,0,0
2026-01-02 00:37:00,EV_BAT_01,65.9,374.81,29.26,26.0,0.293,95.42,0,0
2026-01-02 00:38:00,EV_BAT_01,70.35,376.98,37.04,26.17,0.2988,95.51,0,0
2026-01-02 00:39:00,EV_BAT_01,67.66,377.26,25.44,26.49,0.2888,95.58,0,0
2026-01-02 00:40:00,EV_BAT_01,65.1,374.9,29.92,27.47,0.2969,95.64,0,0
2026-01-02 00:41:00,EV_BAT_01,67.06,375.59,31.49,26.52,0.2779,95.18,0,0
2026-01-02 00:42:00,EV_BAT_01,67.31,375.09,22.45,24.83,0.28,95.62,0,0
2026-01-02 00:43:00,EV_BAT_01,68.44,376.39,24.74,24.78,0.273,95.44,0,0
2026-01-02 00:44:00,EV_BAT_01,64.52,378.37,27.37,26.45,0.3343,95.61,0,0
2026-01-02 00:45:00,EV_BAT_01,68.97,374.85,23.95,27.3,0.3217,95.62,0,0
2026-01-02 00:46:00,EV_BAT_01,61.85,378.08,23.79,25.8,0.2978,95.76,0,0
2026-01-02 00:47:00,EV_BAT_01,66.54,374.9,25.21,26.7,0.3157,95.71,0,0
2026-01-02 00:48:00,EV_BAT_01,66.99,374.82,28.78,26.2,0.3012,95.71,0,0
2026-01-02 00:49:00,EV_BAT_01,69.59,377.86,24.39,25.29,0.2843,95.72,0,0
2026-01-02 00:50:00,EV_BAT_01,68.37,378.08,29.67,27.89,0.2407,95.51,0,0
2026-01-02 00:51:00,EV_BAT_01,65.36,378.0,20.97,26.2,0.2702,95.46,0,0
2026-01-02 00:52:00,EV_BAT_01,66.42,374.14,19.57,25.86,0.2668,95.6,0,0
2026-01-02 00:53:00,EV_BAT_01,69.15,375.72,31.92,24.89,0.2453,95.57,0,0
2026-01-02 00:54:00,EV_BAT_01,68.67,378.09,21.22,27.68,0.2348,95.38,0,0
2026-01-02 00:55:00,EV_BAT_01,67.7,376.73,18.27,25.6,0.2826,95.51,0,0
2026-01-02 00:56:00,EV_BAT_01,68.05,374.78,16.21,23.9,0.2767,95.42,0,0
2026-01-02 00:57:00,EV_BAT_01,70.77,377.59,27.17,24.67,0.2377,95.27,0,0
2026-01-02 00:58:00,EV_BAT_01,68.23,375.54,21.2,25.79,0.2465,95.65,0,0
2026-01-02 00:59:00,EV_BAT_01,69.3,380.12,21.26,26.54,0.2924,95.42,0,0
2026-01-02 01:00:00,EV_BAT_01,74.4,379.73,21.37,25.83,0.2397,95.78,0,0
2026-01-02 01:01:00,EV_BAT_01,66.62,378.1,25.81,27.19,0.2641,95.11,0,0
2026-01-02 01:02:00,EV_BAT_01,65.81,379.53,20.8,26.07,0.2534,95.3,0,0
2026-01-02 01:03:00,EV_BAT_01,71.73,377.27,30.67,27.08,0.269,95.4,0,0
2026-01-02 01:04:00,EV_BAT_01,68.64,378.6,21.63,26.02,0.2332,95.6,0,0
2026-01-02 01:05:00,EV_BAT_01,69.56,379.96,25.15,25.11,0.2552,95.46,0,0
2026-01-02 01:06:00,EV_BAT_01,68.66,377.81,23.96,25.83,0.2555,95.44,0,0
2026-01-02 01:07:00,EV_BAT_01,69.94,376.99,20.44,25.11,0.2554,95.18,0,0
2026-01-02 01:08:00,EV_BAT_01,74.15,374.46,18.1,27.1,0.25,95.17,0,0
2026-01-02 01:09:00,EV_BAT_01,72.52,377.46,21.66,25.92,0.255,95.43,0,0
2026-01-02 01:10:00,EV_BAT_01,72.77,379.17,22.27,25.81,0.2997,95.12,0,0
2026-01-02 01:11:00,EV_BAT_01,67.88,379.48,17.86,23.21,0.3075,95.26,0,0
2026-01-02 01:12:00,EV_BAT_01,68.59,378.77,20.75,,0.226,95.45,0,0
2026-01-02 01:13:00,EV_BAT_01,64.99,376.98,24.98,27.03,0.1827,95.17,0,0
2026-01-02 01:14:00,EV_BAT_01,69.58,374.48,28.29,24.9,0.2542,95.64,0,0
2026-01-02 01:15:00,EV_BAT_01,73.58,377.24,23.42,27.52,0.2427,95.56,0,0
2026-01-02 01:16:00,EV_BAT_01,72.73,377.68,27.46,25.18,0.2634,95.06,0,0
2026-01-02 01:17:00,EV_BAT_01,71.23,377.76,17.52,24.33,0.2429,95.17,0,0
2026-01-02 01:18:00,EV_BAT_01,71.78,379.53,22.89,25.1,0.2362,94.92,0,0
2026-01-02 01:19:00,EV_BAT_01,70.43,382.09,25.5,26.25,0.262,95.18,0,0
2026-01-02 01:20:00,EV_BAT_01,72.51,378.84,16.64,26.61,0.2646,95.46,0,0
2026-01-02 01:21:00,EV_BAT_01,73.86,378.33,18.39,25.85,0.1974,95.24,0,0
2026-01-02 01:22:00,EV_BAT_01,68.73,378.36,27.4,25.71,0.211,95.39,0,0
2026-01-02 01:23:00,EV_BAT_01,73.06,379.15,16.68,25.05,0.2281,95.03,0,0
2026-01-02 01:24:00,EV_BAT_01,74.56,377.54,15.37,25.16,0.2327,95.45,0,0
2026-01-02 01:25:00,EV_BAT_01,71.71,379.36,27.02,26.8,0.2241,95.2,0,0
2026-01-02 01:26:00,EV_BAT_01,74.27,380.06,25.88,25.34,0.2403,95.3,0,0
2026-01-02 01:27:00,EV_BAT_01,79.03,379.74,23.03,23.36,0.2541,95.27,0,0
2026-01-02 01:28:00,EV_BAT_01,72.71,380.3,21.34,27.03,0.2721,95.06,0,0
2026-01-02 01:29:00,EV_BAT_01,73.91,380.37,20.0,25.16,0.2434,95.07,0,0
2026-01-02 01:30:00,EV_BAT_01,71.53,376.51,23.14,34.86,0.614,95.45,1,0
2026-01-02 01:31:00,EV_BAT_01,73.66,380.96,28.6,25.86,0.2254,95.34,0,0
2026-01-02 01:32:00,EV_BAT_01,74.37,378.72,23.52,24.64,0.2275,95.46,0,0
2026-01-02 01:33:00,EV_BAT_01,73.89,378.08,31.53,25.62,0.2425,95.32,0,0
2026-01-02 01:34:00,EV_BAT_01,71.32,378.18,19.59,25.32,0.2398,95.28,0,0
2026-01-02 01:35:00,EV_BAT_01,74.11,381.07,23.43,24.64,0.2819,94.94,0,0
2026-01-02 01:36:00,EV_BAT_01,76.97,380.01,22.36,31.06,0.5796,95.2,1,0
2026-01-02 01:37:00,EV_BAT_01,74.84,377.5,19.87,26.83,0.2415,95.24,0,0
2026-01-02 01:38:00,EV_BAT_01,76.06,381.52,23.97,25.78,0.2915,95.59,0,0
2026-01-02 01:39:00,EV_BAT_01,73.52,378.19,26.63,24.65,0.2189,95.36,0,0
2026-01-02 01:40:00,EV_BAT_01,75.78,381.16,27.46,25.99,0.2381,95.51,0,0
2026-01-02 01:41:00,EV_BAT_01,74.84,381.46,34.45,25.07,0.2119,95.33,0,0
2026-01-02 01:42:00,EV_BAT_01,72.22,382.75,28.04,27.86,0.2387,95.09,0,0
2026-01-02 01:43:00,EV_BAT_01,75.11,384.49,31.21,22.99,0.2183,95.24,0,0
2026-01-02 01:44:00,EV_BAT_01,72.31,378.95,27.32,26.31,0.2653,95.25,0,0
2026-01-02 01:45:00,EV_BAT_01,73.19,381.44,34.21,25.35,0.2441,95.04,0,0
2026-01-02 01:46:00,EV_BAT_01,75.08,381.17,37.55,25.89,0.2185,95.13,0,0
2026-01-02 01:47:00,EV_BAT_01,75.4,382.58,30.55,26.18,0.2643,95.16,0,0
2026-01-02 01:48:00,EV_BAT_01,72.21,382.32,24.93,23.87,0.2494,95.48,0,0
2026-01-02 01:49:00,EV_BAT_01,77.23,381.42,27.19,26.41,0.2703,94.81,0,0
2026-01-02 01:50:00,EV_BAT_01,76.24,381.4,31.0,25.05,0.2194,95.4,0,0
2026-01-02 01:51:00,EV_BAT_01,73.51,380.31,32.19,25.1,0.259,95.01,0,0
2026-01-02 01:52:00,EV_BAT_01,71.76,384.23,33.66,24.93,0.2709,94.93,0,0
2026-01-02 01:53:00,EV_BAT_01,74.9,383.41,33.21,25.5,0.2427,95.38,0,0
2026-01-02 01:54:00,EV_BAT_01,74.31,384.37,31.91,26.69,0.2236,95.3,0,0
2026-01-02 01:55:00,EV_BAT_01,75.61,382.29,29.85,26.09,0.2559,95.39,0,0
2026-01-02 01:56:00,EV_BAT_01,74.63,381.8,34.52,25.42,0.2895,95.3,0,0
2026-01-02 01:57:00,EV_BAT_01,71.08,381.18,40.85,25.56,0.2888,95.52,0,0
2026-01-02 01:58:00,EV_BAT_01,74.71,383.9,38.03,27.1,0.2519,95.25,0,0
2026-01-02 01:59:00,EV_BAT_01,74.96,381.51,36.62,26.24,0.2324,95.12,0,0
2026-01-02 02:00:00,EV_BAT_01,77.09,386.85,39.12,25.74,0.2556,95.2,0,0
2026-01-02 02:01:00,EV_BAT_01,74.22,381.3,34.04,24.96,0.2566,95.36,0,0
2026-01-02 02:02:00,EV_BAT_01,79.51,384.28,34.01,34.16,0.629,94.99,1,0
2026-01-02 02:03:00,EV_BAT_01,71.67,386.74,33.58,28.28,0.2695,95.01,0,0
2026-01-02 02:04:00,EV_BAT_01,78.81,385.13,36.59,25.69,0.2552,95.07,0,0
2026-01-02 02:05:00,EV_BAT_01,75.49,384.5,35.92,27.38,0.3035,94.74,0,0
2026-01-02 02:06:00,EV_BAT_01,77.93,382.58,42.95,27.12,0.2812,95.14,0,0
2026-01-02 02:07:00,EV_BAT_01,76.27,381.97,36.73,26.45,0.2904,94.77,0,0
2026-01-02 02:08:00,EV_BAT_01,78.65,385.97,35.92,24.53,0.2382,95.11,0,0
2026-01-02 02:09:00,EV_BAT_01,75.34,387.43,47.41,24.89,0.2224,95.26,0,0
2026-01-02 02:10:00,EV_BAT_01,73.82,384.06,38.32,26.23,0.2488,95.01,0,0
2026-01-02 02:11:00,EV_BAT_01,79.41,382.93,41.23,26.87,0.2743,95.39,0,0
2026-01-02 02:12:00,EV_BAT_01,76.08,380.69,42.91,26.3,0.3023,94.82,0,0
2026-01-02 02:13:00,EV_BAT_01,76.86,383.48,37.03,27.5,0.2309,95.3,0,0
2026-01-02 02:14:00,EV_BAT_01,79.13,385.17,46.98,27.58,0.3308,95.2,0,0
2026-01-02 02:15:00,EV_BAT_01,74.18,388.38,45.05,25.63,0.2966,94.76,0,0
2026-01-02 02:16:00,EV_BAT_01,77.79,386.84,49.18,26.65,0.3277,95.56,0,0
2026-01-02 02:17:00,EV_BAT_01,75.22,386.31,40.67,26.86,0.2728,95.05,0,0
2026-01-02 02:18:00,EV_BAT_01,76.26,385.16,44.21,26.05,0.3088,94.9,0,0
2026-01-02 02:19:00,EV_BAT_01,76.74,384.96,44.39,27.08,0.2994,94.8,0,0
2026-01-02 02:20:00,EV_BAT_01,73.31,388.67,45.7,26.91,0.3188,95.01,0,0
2026-01-02 02:21:00,EV_BAT_01,74.93,386.62,39.22,24.78,0.2934,95.02,0,0
2026-01-02 02:22:00,EV_BAT_01,79.64,382.6,45.86,28.96,0.312,95.06,0,0
2026-01-02 02:23:00,EV_BAT_01,78.64,385.3,40.08,25.88,0.3285,94.98,0,0
2026-01-02 02:24:00,EV_BAT_01,76.57,385.09,47.58,28.22,0.2853,95.15,0,0
2026-01-02 02:25:00,EV_BAT_01,77.27,385.77,37.98,27.27,0.3083,94.96,0,0
2026-01-02 02:26:00,EV_BAT_01,76.1,387.88,39.41,26.76,0.2555,94.67,0,0
2026-01-02 02:27:00,EV_BAT_01,79.75,386.8,50.41,26.56,0.3207,94.99,0,0
2026-01-02 02:28:00,EV_BAT_01,76.34,386.97,45.25,25.58,0.3523,94.59,0,0
2026-01-02 02:29:00,EV_BAT_01,77.31,389.59,43.77,27.8,0.2726,95.07,0,0
2026-01-02 02:30:00,EV_BAT_01,79.33,386.09,53.07,26.5,0.3015,94.83,0,0
2026-01-02 02:31:00,EV_BAT_01,75.11,390.81,49.55,27.45,0.3258,95.03,0,0
2026-01-02 02:32:00,EV_BAT_01,80.25,386.36,51.97,28.32,0.3046,95.23,0,0
2026-01-02 02:33:00,EV_BAT_01,73.46,387.84,48.04,26.88,0.3077,94.82,0,0
2026-01-02 02:34:00,EV_BAT_01,80.42,387.28,59.63,28.36,0.2936,95.18,0,0
2026-01-02 02:35:00,EV_BAT_01,76.02,388.12,46.68,28.06,0.2923,94.9,0,0
2026-01-02 02:36:00,EV_BAT_01,76.3,388.81,56.24,29.28,0.3004,95.29,0,0
2026-01-02 02:37:00,EV_BAT_01,72.68,388.89,49.17,26.23,0.3031,94.91,0,0
2026-01-02 02:38:00,EV_BAT_01,75.83,386.86,42.94,26.12,0.2719,94.82,0,0
2026-01-02 02:39:00,EV_BAT_01,74.54,386.3,51.6,26.87,0.2991,95.09,0,0
2026-01-02 02:40:00,EV_BAT_01,75.48,392.93,51.03,28.3,0.3391,94.88,0,0
2026-01-02 02:41:00,EV_BAT_01,76.5,387.65,45.65,26.45,0.2886,94.8,0,0
2026-01-02 02:42:00,EV_BAT_01,78.9,389.88,46.23,27.6,0.2671,94.86,0,0
2026-01-02 02:43:00,EV_BAT_01,77.24,385.82,49.86,25.08,0.2933,94.94,0,0
2026-01-02 02:44:00,EV_BAT_01,77.44,388.31,51.39,28.61,0.2781,95.18,0,0
2026-01-02 02:45:00,EV_BAT_01,74.34,388.68,40.12,25.63,0.2613,94.59,0,0
2026-01-02 02:46:00,EV_BAT_01,74.79,389.85,54.2,28.2,0.297,94.94,0,0
2026-01-02 02:47:00,EV_BAT_01,80.67,384.19,47.99,27.09,0.2744,95.04,0,0
2026-01-02 02:48:00,EV_BAT_01,75.07,389.48,44.59,27.7,0.2752,94.96,0,0
2026-01-02 02:49:00,EV_BAT_01,80.31,387.19,53.62,28.32,0.2932,95.16,0,0
2026-01-02 02:50:00,EV_BAT_01,76.1,389.93,49.68,27.13,0.2496,94.9,0,0
2026-01-02 02:51:00,EV_BAT_01,76.61,387.57,54.54,26.33,0.2428,94.88,0,0
2026-01-02 02:52:00,EV_BAT_01,78.93,387.97,51.31,27.15,0.3016,95.01,0,0
2026-01-02 02:53:00,EV_BAT_01,79.34,389.1,49.41,25.45,0.2349,94.92,0,0
2026-01-02 02:54:00,EV_BAT_01,76.27,387.77,48.65,25.74,0.2571,94.83,0,0
2026-01-02 02:55:00,EV_BAT_01,75.62,388.89,51.03,27.6,0.2349,94.99,0,0
2026-01-02 02:56:00,EV_BAT_01,76.31,387.67,47.25,27.13,0.266,94.77,0,0
2026-01-02 02:57:00,EV_BAT_01,77.14,386.59,45.29,25.68,0.2871,94.77,0,0
2026-01-02 02:58:00,EV_BAT_01,78.32,391.79,50.92,27.71,0.2775,94.78,0,0
2026-01-02 02:59:00,EV_BAT_01,76.32,387.69,47.67,27.03,0.3327,95.12,0,0
2026-01-02 03:00:00,EV_BAT_01,77.63,389.77,48.12,25.7,0.2984,94.29,0,0
2026-01-02 03:01:00,EV_BAT_01,79.82,391.51,52.08,27.88,0.2462,94.94,0,0
2026-01-02 03:02:00,EV_BAT_01,77.01,389.1,46.98,25.96,0.2378,94.87,0,0
2026-01-02 03:03:00,EV_BAT_01,76.81,388.78,47.2,26.67,0.3336,94.55,0,0
2026-01-02 03:04:00,EV_BAT_01,72.73,390.73,44.42,27.67,0.2908,94.91,0,0
2026-01-02 03:05:00,EV_BAT_01,70.23,392.39,48.21,26.65,0.2773,94.93,0,0
2026-01-02 03:06:00,EV_BAT_01,76.81,388.33,47.55,27.49,0.2627,94.95,0,0
2026-01-02 03:07:00,EV_BAT_01,75.69,390.21,49.39,27.05,0.2661,94.36,0,0
2026-01-02 03:08:00,EV_BAT_01,74.71,387.41,43.1,27.35,0.2206,95.08,0,0
2026-01-02 03:09:00,EV_BAT_01,76.31,389.87,43.21,25.23,0.26,94.7,0,0
2026-01-02 03:10:00,EV_BAT_01,75.58,390.68,47.81,26.15,0.2563,94.95,0,0
2026-01-02 03:11:00,EV_BAT_01,78.13,389.12,45.24,26.22,0.2304,94.95,0,0
2026-01-02 03:12:00,EV_BAT_01,75.77,389.87,40.19,25.8,0.2381,94.66,0,0
2026-01-02 03:13:00,EV_BAT_01,73.87,388.2,48.61,26.74,0.2881,94.93,0,0
2026-01-02 03:14:00,EV_BAT_01,77.62,390.9,36.15,28.63,0.2458,94.74,0,0
2026-01-02 03:15:00,EV_BAT_01,74.89,392.7,45.64,36.72,0.6041,94.43,1,0
2026-01-02 03:16:00,EV_BAT_01,76.45,388.85,36.98,25.54,0.203,95.01,0,0
2026-01-02 03:17:00,EV_BAT_01,74.17,389.73,49.12,29.14,0.2323,94.65,0,0
2026-01-02 03:18:00,EV_BAT_01,73.71,391.78,34.92,27.31,0.2056,94.64,0,0
2026-01-02 03:19:00,EV_BAT_01,75.24,393.08,45.23,26.1,0.2131,94.71,0,0
2026-01-02 03:20:00,EV_BAT_01,75.01,388.23,39.8,24.66,0.2218,94.83,0,0
2026-01-02 03:21:00,EV_BAT_01,75.95,390.63,38.17,28.19,0.2496,94.77,0,0
2026-01-02 03:22:00,EV_BAT_01,74.22,391.46,39.88,24.49,0.2477,94.87,0,0
2026-01-02 03:23:00,EV_BAT_01,70.68,390.78,41.16,26.23,0.2234,94.53,0,0
2026-01-02 03:24:00,EV_BAT_01,73.68,386.51,34.5,26.88,0.1841,94.63,0,0
2026-01-02 03:25:00,EV_BAT_01,76.29,391.88,34.34,26.03,0.2763,94.74,0,0
2026-01-02 03:26:00,EV_BAT_01,73.8,393.72,39.69,27.7,0.2319,95.09,0,0
2026-01-02 03:27:00,EV_BAT_01,73.82,391.2,29.74,26.21,0.2109,94.73,0,0
2026-01-02 03:28:00,EV_BAT_01,76.44,389.13,33.71,28.33,0.2455,94.94,0,0
2026-01-02 03:29:00,EV_BAT_01,72.6,390.06,47.69,27.19,0.2437,94.75,0,0
2026-01-02 03:30:00,EV_BAT_01,70.68,394.17,31.13,26.14,0.2305,94.65,0,0
2026-01-02 03:31:00,EV_BAT_01,73.62,392.61,39.07,27.38,0.2424,94.69,0,0
2026-01-02 03:32:00,EV_BAT_01,72.81,392.12,31.61,26.07,0.2101,94.7,0,0
2026-01-02 03:33:00,EV_BAT_01,71.64,391.59,35.47,26.0,0.2583,94.83,0,0
2026-01-02 03:34:00,EV_BAT_01,73.28,389.75,35.53,26.56,0.2148,94.96,0,0
2026-01-02 03:35:00,EV_BAT_01,74.64,390.56,,25.71,0.2251,94.78,0,0
2026-01-02 03:36:00,EV_BAT_01,73.43,390.76,31.08,24.2,0.257,94.92,0,0
2026-01-02 03:37:00,EV_BAT_01,74.02,391.87,39.33,28.16,0.2716,94.53,0,0
2026-01-02 03:38:00,EV_BAT_01,77.22,393.57,28.51,26.25,0.2819,94.62,0,0
2026-01-02 03:39:00,EV_BAT_01,72.37,392.84,31.3,25.61,0.2695,94.56,0,0
2026-01-02 03:40:00,EV_BAT_01,73.62,388.24,30.85,26.71,0.236,94.75,0,0
2026-01-02 03:41:00,EV_BAT_01,71.77,391.17,24.89,27.77,0.2066,94.62,0,0
2026-01-02 03:42:00,EV_BAT_01,70.91,392.06,27.76,27.92,0.2814,94.81,0,0
2026-01-02 03:43:00,EV_BAT_01,71.37,391.81,29.07,24.85,0.2817,94.51,0,0
2026-01-02 03:44:00,EV_BAT_01,71.48,389.53,26.23,26.07,0.2319,94.68,0,0
2026-01-02 03:45:00,EV_BAT_01,73.21,395.86,37.26,27.12,0.2731,94.79,0,0
2026-01-02 03:46:00,EV_BAT_01,77.46,388.28,23.7,25.56,0.2432,94.29,0,0
2026-01-02 03:47:00,EV_BAT_01,70.6,388.58,31.33,26.65,0.2905,95.04,0,0
2026-01-02 03:48:00,EV_BAT_01,71.13,390.9,29.61,27.01,0.2416,94.6,0,0
2026-01-02 03:49:00,EV_BAT_01,71.78,394.24,25.71,26.42,0.3055,94.28,0,0
2026-01-02 03:50:00,EV_BAT_01,72.67,388.87,21.9,26.85,0.2774,94.67,0,0
2026-01-02 03:51:00,EV_BAT_01,72.25,389.84,21.89,24.25,0.3043,94.65,0,0
2026-01-02 03:52:00,EV_BAT_01,74.36,392.2,22.51,24.92,0.2495,94.62,0,0
2026-01-02 03:53:00,EV_BAT_01,66.07,390.17,17.07,26.18,0.273,94.81,0,0
2026-01-02 03:54:00,EV_BAT_01,66.02,389.54,19.84,26.71,0.2405,94.76,0,0
2026-01-02 03:55:00,EV_BAT_01,70.05,391.1,17.58,25.92,0.2876,94.68,0,0
2026-01-02 03:56:00,EV_BAT_01,73.42,390.5,28.56,26.51,0.2909,94.7,0,0
2026-01-02 03:57:00,EV_BAT_01,67.42,391.8,25.34,26.54,0.3302,94.59,0,0
2026-01-02 03:58:00,EV_BAT_01,64.11,392.2,25.71,26.32,0.2842,94.93,0,0
2026-01-02 03:59:00,EV_BAT_01,71.85,390.36,24.63,27.68,0.2922,94.34,0,0
2026-01-02 04:00:00,EV_BAT_01,70.99,390.25,22.68,27.74,0.2642,94.63,0,0
2026-01-02 04:01:00,EV_BAT_01,67.91,390.04,27.6,26.78,0.2914,94.61,0,0
2026-01-02 04:02:00,EV_BAT_01,68.0,390.45,19.08,25.87,0.2703,94.74,0,0
2026-01-02 04:03:00,EV_BAT_01,67.9,389.59,21.72,29.12,0.2846,94.43,0,0
2026-01-02 04:04:00,EV_BAT_01,70.13,389.41,24.08,26.73,0.288,94.27,0,0
2026-01-02 04:05:00,EV_BAT_01,68.36,391.48,15.62,25.91,0.2767,94.61,0,0
2026-01-02 04:06:00,EV_BAT_01,70.68,391.97,33.12,27.61,0.2889,94.62,0,0
2026-01-02 04:07:00,EV_BAT_01,63.17,386.43,20.7,25.71,0.2797,94.84,0,0
2026-01-02 04:08:00,EV_BAT_01,67.41,389.07,21.01,26.92,0.2814,94.34,0,0
2026-01-02 04:09:00,EV_BAT_01,66.67,387.72,25.36,27.26,0.3195,94.77,0,0
2026-01-02 04:10:00,EV_BAT_01,68.44,388.31,23.89,26.97,0.2987,94.98,0,0
2026-01-02 04:11:00,EV_BAT_01,67.67,389.5,20.3,26.26,0.3046,94.48,0,0
2026-01-02 04:12:00,EV_BAT_01,70.45,389.88,20.6,27.14,0.2611,94.31,0,0
2026-01-02 04:13:00,EV_BAT_01,64.46,388.37,14.02,28.54,0.3097,94.47,0,0
2026-01-02 04:14:00,EV_BAT_01,68.49,385.03,17.78,25.42,0.3138,94.54,0,0
2026-01-02 04:15:00,EV_BAT_01,69.47,386.63,22.07,28.59,0.292,94.63,0,0
2026-01-02 04:16:00,EV_BAT_01,72.17,389.87,21.78,25.1,0.3554,94.42,0,0
2026-01-02 04:17:00,EV_BAT_01,66.87,383.22,24.92,26.18,0.2473,94.8,0,0
2026-01-02 04:18:00,EV_BAT_01,68.49,390.18,19.6,25.43,0.3254,94.32,0,0
2026-01-02 04:19:00,EV_BAT_01,63.65,388.87,14.6,28.4,0.3247,94.2,0,0
2026-01-02 04:20:00,EV_BAT_01,62.2,390.19,24.45,26.04,0.3215,94.71,0,0
2026-01-02 04:21:00,EV_BAT_01,69.16,387.35,26.07,27.0,0.3133,94.1,0,0
2026-01-02 04:22:00,EV_BAT_01,67.13,383.88,24.04,27.42,0.3235,94.46,0,0
2026-01-02 04:23:00,EV_BAT_01,69.57,388.25,19.93,27.49,0.3322,95.06,0,0
2026-01-02 04:24:00,EV_BAT_01,63.8,389.65,24.91,27.32,0.2931,94.49,0,0
2026-01-02 04:25:00,EV_BAT_01,67.8,388.9,34.62,28.06,0.3193,94.29,0,0
2026-01-02 04:26:00,EV_BAT_01,70.61,385.92,21.55,28.32,0.3077,94.47,0,0
2026-01-02 04:27:00,EV_BAT_01,67.26,387.15,16.05,26.53,0.2854,94.47,0,0
2026-01-02 04:28:00,EV_BAT_01,66.78,385.91,19.17,27.03,0.331,94.5,0,0
2026-01-02 04:29:00,EV_BAT_01,66.03,385.27,24.26,29.0,0.2992,94.59,0,0
2026-01-02 04:30:00,EV_BAT_01,62.39,388.34,15.59,25.37,0.276,94.28,0,0
2026-01-02 04:31:00,EV_BAT_01,68.66,384.34,22.96,25.45,0.3,94.76,0,0
2026-01-02 04:32:00,EV_BAT_01,64.17,384.75,24.09,34.93,0.8289,94.5,1,0
2026-01-02 04:33:00,EV_BAT_01,66.46,384.25,29.01,28.9,0.3389,94.58,0,0
2026-01-02 04:34:00,EV_BAT_01,61.75,383.42,28.42,25.65,0.3168,94.33,0,0
2026-01-02 04:35:00,EV_BAT_01,62.42,386.23,26.97,27.1,0.3472,94.67,0,0
2026-01-02 04:36:00,EV_BAT_01,68.01,387.93,15.2,27.96,0.2955,94.39,0,0
2026-01-02 04:37:00,EV_BAT_01,63.92,385.37,27.89,27.73,0.3335,94.48,0,0
2026-01-02 04:38:00,EV_BAT_01,67.72,382.86,27.4,28.51,0.382,94.26,0,0
2026-01-02 04:39:00,EV_BAT_01,64.18,386.94,25.99,28.4,0.3192,94.25,0,0
2026-01-02 04:40:00,EV_BAT_01,60.13,388.33,18.44,28.26,0.3311,94.54,0,0
2026-01-02 04:41:00,EV_BAT_01,65.98,384.0,22.66,26.86,0.326,94.34,0,0
2026-01-02 04:42:00,EV_BAT_01,62.55,384.16,21.52,26.54,0.2721,94.26,0,0
2026-01-02 04:43:00,EV_BAT_01,65.22,385.81,18.55,24.21,0.3213,94.29,0,0
2026-01-02 04:44:00,EV_BAT_01,63.57,387.66,27.04,26.47,0.3132,94.53,0,0
2026-01-02 04:45:00,EV_BAT_01,59.95,383.66,24.31,27.03,0.2979,94.28,0,0
2026-01-02 04:46:00,EV_BAT_01,63.54,382.06,38.46,28.99,0.281,94.37,0,0
2026-01-02 04:47:00,EV_BAT_01,67.84,385.45,27.75,26.15,0.3191,94.39,0,0
2026-01-02 04:48:00,EV_BAT_01,63.92,385.61,34.07,28.12,0.2761,94.04,0,0
2026-01-02 04:49:00,EV_BAT_01,62.54,384.04,23.1,26.97,0.3523,94.11,0,0
2026-01-02 04:50:00,EV_BAT_01,64.87,382.88,27.75,27.64,0.3004,94.44,0,0
2026-01-02 04:51:00,EV_BAT_01,62.79,385.54,30.75,26.27,0.2654,94.24,0,0
2026-01-02 04:52:00,EV_BAT_01,62.62,384.55,27.23,26.21,0.2815,94.56,0,0
2026-01-02 04:53:00,EV_BAT_01,59.59,382.07,29.68,28.38,0.2858,94.54,0,0
2026-01-02 04:54:00,EV_BAT_01,62.34,383.4,31.01,27.67,0.3514,94.49,0,0
2026-01-02 04:55:00,EV_BAT_01,63.93,380.73,31.46,26.55,0.2673,94.68,0,0
2026-01-02 04:56:00,EV_BAT_01,59.65,384.26,40.33,28.18,0.2849,94.33,0,0
2026-01-02 04:57:00,EV_BAT_01,64.45,382.4,34.94,25.99,0.2726,94.46,0,0
2026-01-02 04:58:00,EV_BAT_01,60.95,381.95,35.87,28.13,0.2968,94.23,0,0
2026-01-02 04:59:00,EV_BAT_01,59.03,382.53,36.64,27.81,0.2695,94.78,0,0
2026-01-02 05:00:00,EV_BAT_01,63.01,382.51,37.45,29.56,0.2523,94.69,0,0
2026-01-02 05:01:00,EV_BAT_01,60.02,383.91,35.19,28.57,0.2742,94.33,0,0
2026-01-02 05:02:00,EV_BAT_01,62.15,383.21,34.76,27.92,0.2698,94.39,0,0
2026-01-02 05:03:00,EV_BAT_01,59.67,381.72,37.24,27.22,0.2608,94.56,0,0
2026-01-02 05:04:00,EV_BAT_01,60.02,383.23,41.71,28.68,0.2604,94.29,0,0
2026-01-02 05:05:00,EV_BAT_01,61.07,382.43,42.11,27.92,0.3018,94.19,0,0
2026-01-02 05:06:00,EV_BAT_01,60.46,380.8,37.16,28.16,0.2625,94.46,0,0
2026-01-02 05:07:00,EV_BAT_01,55.26,381.2,41.7,28.41,0.2405,94.31,0,0
2026-01-02 05:08:00,EV_BAT_01,57.02,381.01,38.36,27.3,0.2557,94.33,0,0
2026-01-02 05:09:00,EV_BAT_01,61.36,382.04,39.77,28.19,0.267,94.14,0,0
2026-01-02 05:10:00,EV_BAT_01,58.87,380.33,38.24,28.79,0.2307,93.98,0,0
2026-01-02 05:11:00,EV_BAT_01,57.84,380.14,39.89,28.75,0.3033,94.32,0,0
2026-01-02 05:12:00,EV_BAT_01,55.84,384.25,46.47,26.68,0.2829,94.44,0,0
2026-01-02 05:13:00,EV_BAT_01,56.29,382.25,41.95,26.97,0.2956,94.23,0,0
2026-01-02 05:14:00,EV_BAT_01,54.06,379.05,42.58,29.51,0.2683,94.53,0,0
2026-01-02 05:15:00,EV_BAT_01,58.12,381.31,36.71,27.88,0.2049,94.14,0,0
2026-01-02 05:16:00,EV_BAT_01,56.86,380.35,41.71,29.79,0.2945,94.07,0,0
2026-01-02 05:17:00,EV_BAT_01,55.89,380.7,42.42,28.33,0.2334,94.24,0,0
2026-01-02 05:18:00,EV_BAT_01,57.71,380.11,40.5,29.64,0.2344,94.23,0,0
2026-01-02 05:19:00,EV_BAT_01,58.5,381.86,44.32,29.24,0.2569,94.38,0,0
2026-01-02 05:20:00,EV_BAT_01,62.15,380.21,42.93,27.51,0.2865,94.1,0,0
2026-01-02 05:21:00,EV_BAT_01,54.06,379.34,45.36,27.98,0.2776,94.48,0,0
2026-01-02 05:22:00,EV_BAT_01,59.78,381.19,45.91,29.73,0.2732,94.59,0,0
2026-01-02 05:23:00,EV_BAT_01,59.21,379.6,41.97,29.58,0.2422,94.22,0,0
2026-01-02 05:24:00,EV_BAT_01,55.2,379.26,44.55,27.95,0.2412,94.45,0,0
2026-01-02 05:25:00,EV_BAT_01,57.21,379.47,46.8,26.79,0.2576,94.03,0,0
2026-01-02 05:26:00,EV_BAT_01,55.6,378.61,51.56,26.98,0.2454,94.41,0,0
2026-01-02 05:27:00,EV_BAT_01,56.86,378.66,48.16,28.66,0.2706,94.4,0,0
2026-01-02 05:28:00,EV_BAT_01,59.62,377.46,44.79,28.06,0.269,94.36,0,0
2026-01-02 05:29:00,EV_BAT_01,57.48,377.04,49.32,28.64,0.263,94.2,0,0
2026-01-02 05:30:00,EV_BAT_01,57.12,376.46,54.82,28.72,0.1851,93.66,0,0
2026-01-02 05:31:00,EV_BAT_01,54.9,375.63,51.91,29.84,0.2515,94.07,0,0
2026-01-02 05:32:00,EV_BAT_01,52.44,376.43,50.67,28.8,0.2458,94.07,0,0
2026-01-02 05:33:00,EV_BAT_01,55.09,377.57,51.61,30.35,0.2531,94.01,0,0
2026-01-02 05:34:00,EV_BAT_01,58.06,377.95,54.67,27.96,0.2304,94.2,0,0
2026-01-02 05:35:00,EV_BAT_01,51.9,377.15,53.4,30.13,0.2167,94.1,0,0
2026-01-02 05:36:00,EV_BAT_01,52.79,373.28,51.53,29.49,0.262,94.02,0,0
2026-01-02 05:37:00,EV_BAT_01,55.25,380.24,53.69,28.29,0.2422,93.97,0,0
2026-01-02 05:38:00,EV_BAT_01,52.66,379.24,45.23,27.71,0.2662,94.03,0,0
2026-01-02 05:39:00,EV_BAT_01,52.94,377.97,43.66,29.56,0.236,94.36,0,0
2026-01-02 05:40:00,EV_BAT_01,53.61,380.49,50.4,39.51,0.6418,94.03,1,0
2026-01-02 05:41:00,EV_BAT_01,51.4,375.19,50.13,29.86,0.2798,94.05,0,0
2026-01-02 05:42:00,EV_BAT_01,52.13,380.23,47.74,28.12,0.2633,94.06,0,0
2026-01-02 05:43:00,EV_BAT_01,55.68,374.99,53.27,28.39,0.2517,94.2,0,0
2026-01-02 05:44:00,EV_BAT_01,51.12,377.05,42.54,28.8,0.2796,94.21,0,0
2026-01-02 05:45:00,EV_BAT_01,50.35,374.22,47.86,28.31,0.2695,93.58,0,0
2026-01-02 05:46:00,EV_BAT_01,52.34,376.44,48.05,28.53,0.267,94.31,0,0
2026-01-02 05:47:00,EV_BAT_01,55.21,377.0,43.42,27.67,0.2886,94.38,0,0
2026-01-02 05:48:00,EV_BAT_01,53.03,375.93,55.9,32.3,0.2997,93.92,0,0
2026-01-02 05:49:00,EV_BAT_01,52.31,377.39,44.42,28.21,0.2343,93.93,0,0
2026-01-02 05:50:00,EV_BAT_01,53.3,376.19,47.42,29.22,0.241,94.02,0,0
2026-01-02 05:51:00,EV_BAT_01,49.24,374.98,53.3,28.47,0.2495,93.96,0,0
2026-01-02 05:52:00,EV_BAT_01,54.04,374.8,52.14,28.67,0.2332,94.14,0,0
2026-01-02 05:53:00,EV_BAT_01,53.67,377.19,44.99,29.53,0.2709,93.74,0,0
2026-01-02 05:54:00,EV_BAT_01,51.8,374.47,52.0,29.48,0.2893,93.89,0,0
2026-01-02 05:55:00,EV_BAT_01,54.8,377.2,50.25,29.38,0.2756,94.36,0,0
2026-01-02 05:56:00,EV_BAT_01,49.98,377.67,58.24,29.16,0.2647,93.91,0,0
2026-01-02 05:57:00,EV_BAT_01,54.82,372.38,50.32,28.99,0.308,94.3,0,0
2026-01-02 05:58:00,EV_BAT_01,52.56,377.35,47.92,28.07,0.2853,94.13,0,0
2026-01-02 05:59:00,EV_BAT_01,51.37,378.94,44.82,30.24,0.2923,93.74,0,0
2026-01-02 06:00:00,EV_BAT_01,51.95,375.61,45.01,29.98,0.3145,94.17,0,0
2026-01-02 06:01:00,EV_BAT_01,51.64,376.16,44.42,28.57,0.2844,94.03,0,0
2026-01-02 06:02:00,EV_BAT_01,54.45,376.87,52.92,29.49,0.3409,93.97,0,0
2026-01-02 06:03:00,EV_BAT_01,49.29,374.44,47.21,29.78,0.2801,94.09,0,0
2026-01-02 06:04:00,EV_BAT_01,49.87,375.19,49.08,29.18,0.3431,94.13,0,0
2026-01-02 06:05:00,EV_BAT_01,53.72,372.43,52.55,28.79,0.2707,94.16,0,0
2026-01-02 06:06:00,EV_BAT_01,50.03,374.99,36.71,29.03,0.3098,94.25,0,0
2026-01-02 06:07:00,EV_BAT_01,53.21,375.57,50.91,29.28,0.2826,94.1,0,0
2026-01-02 06:08:00,EV_BAT_01,54.87,375.54,45.64,28.3,0.3285,93.78,0,0
2026-01-02 06:09:00,EV_BAT_01,50.14,376.48,46.78,31.05,0.2903,93.93,0,0
2026-01-02 06:10:00,EV_BAT_01,52.43,373.11,41.33,31.07,0.3112,94.54,0,0
2026-01-02 06:11:00,EV_BAT_01,48.29,373.49,41.21,30.18,0.2893,94.14,0,0
2026-01-02 06:12:00,EV_BAT_01,52.39,377.81,45.77,28.0,0.3306,94.43,0,0
2026-01-02 06:13:00,EV_BAT_01,51.08,374.08,52.93,31.04,0.2923,94.25,0,0
2026-01-02 06:14:00,EV_BAT_01,51.59,374.67,46.96,30.19,0.3522,94.04,0,0
2026-01-02 06:15:00,EV_BAT_01,49.03,374.14,47.56,27.13,0.2866,94.05,0,0
2026-01-02 06:16:00,EV_BAT_01,46.71,372.74,41.27,29.14,0.2792,93.98,0,0
2026-01-02 06:17:00,EV_BAT_01,51.38,377.11,39.17,28.77,0.3379,93.67,0,0
2026-01-02 06:18:00,EV_BAT_01,45.65,373.2,37.98,28.84,0.3006,93.98,0,0
2026-01-02 06:19:00,EV_BAT_01,49.41,372.08,38.67,28.73,0.3163,94.19,0,0
2026-01-02 06:20:00,EV_BAT_01,52.09,373.27,31.92,29.11,0.3095,93.86,0,0
2026-01-02 06:21:00,EV_BAT_01,50.36,370.45,36.74,30.42,0.2857,94.04,0,0
2026-01-02 06:22:00,EV_BAT_01,54.15,372.85,36.89,29.28,0.3174,94.11,0,0
2026-01-02 06:23:00,EV_BAT_01,52.04,372.26,37.93,30.99,0.3517,93.79,0,0
2026-01-02 06:24:00,EV_BAT_01,48.27,375.09,38.65,29.45,0.3459,93.87,0,0
2026-01-02 06:25:00,EV_BAT_01,49.69,372.75,39.05,29.03,0.3272,93.76,0,0
2026-01-02 06:26:00,EV_BAT_01,49.46,375.54,37.03,27.63,0.3497,93.8,0,0
2026-01-02 06:27:00,EV_BAT_01,46.01,376.45,34.24,30.27,0.2958,93.71,0,0
2026-01-02 06:28:00,EV_BAT_01,47.35,375.32,28.19,28.19,0.3145,93.77,0,0
2026-01-02 06:29:00,EV_BAT_01,48.12,373.52,33.22,29.69,0.3328,94.19,0,0
2026-01-02 06:30:00,EV_BAT_01,44.81,374.15,31.11,26.41,0.3197,93.76,0,0
2026-01-02 06:31:00,EV_BAT_01,49.33,371.15,36.34,27.09,0.3169,93.94,0,0
2026-01-02 06:32:00,EV_BAT_01,48.61,373.65,37.59,30.26,0.293,93.83,0,0
2026-01-02 06:33:00,EV_BAT_01,45.42,372.34,37.19,28.45,0.2708,94.12,0,0
2026-01-02 06:34:00,EV_BAT_01,49.93,375.15,35.94,28.7,0.343,94.14,0,0
2026-01-02 06:35:00,EV_BAT_01,50.56,378.53,31.86,27.55,0.3283,94.06,0,0
2026-01-02 06:36:00,EV_BAT_01,49.43,374.81,29.79,28.31,0.3443,93.95,0,0
2026-01-02 06:37:00,EV_BAT_01,48.17,370.33,28.38,29.05,0.3103,93.85,0,0
2026-01-02 06:38:00,EV_BAT_01,50.13,373.28,24.84,28.4,0.3028,93.67,0,0
2026-01-02 06:39:00,EV_BAT_01,50.28,374.16,34.33,30.51,0.3201,94.23,0,0
2026-01-02 06:40:00,EV_BAT_01,49.41,374.12,29.17,28.64,0.3405,93.74,0,0
2026-01-02 06:41:00,EV_BAT_01,46.87,372.67,24.4,29.21,0.3124,93.99,0,0
2026-01-02 06:42:00,EV_BAT_01,49.25,374.44,25.59,28.83,0.3373,94.06,0,0
2026-01-02 06:43:00,EV_BAT_01,51.23,371.79,24.96,26.71,0.2911,93.77,0,0
2026-01-02 06:44:00,EV_BAT_01,47.25,372.35,28.13,30.41,0.3111,94.05,0,0
2026-01-02 06:45:00,EV_BAT_01,53.14,375.25,31.77,30.24,0.3122,94.0,0,0
2026-01-02 06:46:00,EV_BAT_01,47.33,372.29,25.66,30.2,0.3434,94.16,0,0
2026-01-02 06:47:00,EV_BAT_01,48.53,375.12,17.6,27.8,0.3166,93.76,0,0
2026-01-02 06:48:00,EV_BAT_01,46.94,371.72,25.43,28.13,0.3537,93.61,0,0
2026-01-02 06:49:00,EV_BAT_01,48.88,377.4,25.14,28.85,0.2749,93.75,0,0
2026-01-02 06:50:00,EV_BAT_01,44.53,372.87,24.46,29.99,0.3103,93.87,0,0
2026-01-02 06:51:00,EV_BAT_01,47.14,373.9,22.45,30.72,0.3101,93.84,0,0
2026-01-02 06:52:00,EV_BAT_01,45.91,374.95,25.45,28.79,0.3195,93.76,0,0
2026-01-02 06:53:00,EV_BAT_01,48.59,373.38,24.47,29.29,0.282,93.48,0,0
2026-01-02 06:54:00,EV_BAT_01,50.46,374.71,23.75,29.94,0.3428,93.9,0,0
2026-01-02 06:55:00,EV_BAT_01,49.67,375.54,25.16,29.25,0.2994,94.17,0,0
2026-01-02 06:56:00,EV_BAT_01,43.02,376.28,21.46,30.3,0.2702,93.89,0,0
2026-01-02 06:57:00,EV_BAT_01,52.71,376.03,20.92,30.04,0.2952,93.91,0,0
2026-01-02 06:58:00,EV_BAT_01,48.85,374.36,28.08,28.3,0.2861,93.9,0,0
2026-01-02 06:59:00,EV_BAT_01,46.48,374.47,24.52,30.38,0.3617,93.87,0,0
2026-01-02 07:00:00,EV_BAT_01,48.53,379.02,25.32,29.4,0.3166,93.96,0,0
2026-01-02 07:01:00,EV_BAT_01,48.56,376.57,26.66,29.69,0.2899,93.86,0,0
2026-01-02 07:02:00,EV_BAT_01,46.7,373.26,23.62,30.46,0.2841,93.72,0,0
2026-01-02 07:03:00,EV_BAT_01,48.6,375.17,25.01,29.52,0.3089,93.63,0,0
2026-01-02 07:04:00,EV_BAT_01,46.83,374.46,14.77,29.32,0.3084,93.73,0,0
2026-01-02 07:05:00,EV_BAT_01,47.28,374.89,21.72,28.17,0.209,93.82,0,0
2026-01-02 07:06:00,EV_BAT_01,46.66,373.0,20.0,30.77,0.2961,93.71,0,0
2026-01-02 07:07:00,EV_BAT_01,45.02,374.55,27.29,31.1,0.2791,93.82,0,0
2026-01-02 07:08:00,EV_BAT_01,48.5,378.63,24.16,30.24,0.244,93.83,0,0
2026-01-02 07:09:00,EV_BAT_01,49.47,376.49,17.81,28.54,0.2972,93.9,0,0
2026-01-02 07:10:00,EV_BAT_01,49.33,371.05,21.72,29.46,0.3299,93.98,0,0
2026-01-02 07:11:00,EV_BAT_01,50.01,377.81,20.82,29.6,0.2861,93.75,0,0
2026-01-02 07:12:00,EV_BAT_01,48.93,377.66,21.9,32.43,0.2983,93.5,0,0
2026-01-02 07:13:00,EV_BAT_01,47.06,375.14,15.96,29.72,0.3145,93.67,0,0
2026-01-02 07:14:00,EV_BAT_01,50.1,377.17,21.45,29.92,0.2473,93.73,0,0
2026-01-02 07:15:00,EV_BAT_01,45.28,374.43,19.09,29.64,0.2204,93.39,0,0
2026-01-02 07:16:00,EV_BAT_01,46.31,375.22,21.14,27.68,0.2821,93.97,0,0
2026-01-02 07:17:00,EV_BAT_01,46.19,378.86,17.14,29.84,0.2584,93.74,0,0
2026-01-02 07:18:00,EV_BAT_01,50.71,375.77,17.74,31.35,0.2292,93.78,0,0
2026-01-02 07:19:00,EV_BAT_01,50.43,372.99,24.84,30.16,0.2606,93.95,0,0
2026-01-02 07:20:00,EV_BAT_01,49.46,376.34,16.02,28.89,0.2799,93.59,0,0
2026-01-02 07:21:00,EV_BAT_01,50.78,376.42,16.42,30.65,0.2572,93.8,0,0
2026-01-02 07:22:00,EV_BAT_01,46.51,378.82,20.24,31.5,0.2405,93.67,0,0
2026-01-02 07:23:00,EV_BAT_01,49.25,376.79,17.49,31.68,0.254,93.65,0,0
2026-01-02 07:24:00,EV_BAT_01,48.24,376.11,17.19,31.38,0.2585,93.54,0,0
2026-01-02 07:25:00,EV_BAT_01,50.42,378.86,21.32,29.58,0.2104,93.98,0,0
2026-01-02 07:26:00,EV_BAT_01,48.34,377.31,15.07,27.82,0.2547,93.61,0,0
2026-01-02 07:27:00,EV_BAT_01,47.78,375.85,17.26,31.13,0.2244,93.79,0,0
2026-01-02 07:28:00,EV_BAT_01,49.86,379.39,29.73,30.39,0.2743,93.33,0,0
2026-01-02 07:29:00,EV_BAT_01,50.64,377.77,23.59,30.61,0.2187,93.87,0,0
2026-01-02 07:30:00,EV_BAT_01,47.29,377.55,19.02,32.09,0.2831,93.84,0,0
2026-01-02 07:31:00,EV_BAT_01,48.67,377.98,23.95,30.59,0.2477,93.67,0,0
2026-01-02 07:32:00,EV_BAT_01,46.53,375.85,24.83,32.32,0.2446,93.61,0,0
2026-01-02 07:33:00,EV_BAT_01,43.41,376.94,26.84,30.52,0.2658,93.71,0,0
2026-01-02 07:34:00,EV_BAT_01,49.4,378.02,22.67,30.17,0.2372,94.05,0,0
2026-01-02 07:35:00,EV_BAT_01,50.35,377.78,27.42,30.49,0.2664,93.32,0,0
2026-01-02 07:36:00,EV_BAT_01,49.65,380.54,15.7,28.6,0.2417,93.77,0,0
2026-01-02 07:37:00,EV_BAT_01,44.84,378.76,19.98,30.28,0.2468,93.46,0,0
2026-01-02 07:38:00,EV_BAT_01,48.41,380.03,25.24,30.37,0.2716,93.62,0,0
2026-01-02 07:39:00,EV_BAT_01,44.37,378.64,26.28,30.75,0.2339,93.57,0,0
2026-01-02 07:40:00,EV_BAT_01,52.32,380.65,21.71,30.79,0.2317,93.53,0,0
2026-01-02 07:41:00,EV_BAT_01,46.98,379.59,26.8,32.23,0.2705,93.6,0,0
2026-01-02 07:42:00,EV_BAT_01,52.2,379.02,23.69,29.03,0.2648,93.4,0,0
2026-01-02 07:43:00,EV_BAT_01,51.58,379.1,25.5,30.72,0.2709,93.78,0,0
2026-01-02 07:44:00,EV_BAT_01,47.59,377.53,31.15,30.14,0.2761,93.27,0,0
2026-01-02 07:45:00,EV_BAT_01,47.15,380.29,31.14,30.26,0.2707,93.68,0,0
2026-01-02 07:46:00,EV_BAT_01,50.48,379.44,23.97,31.68,0.2859,93.52,0,0
2026-01-02 07:47:00,EV_BAT_01,47.93,378.73,24.2,28.78,0.2746,93.37,0,0
2026-01-02 07:48:00,EV_BAT_01,50.09,381.76,27.25,29.61,0.2235,93.61,0,0
2026-01-02 07:49:00,EV_BAT_01,48.87,377.65,29.27,29.61,0.2316,93.29,0,0
2026-01-02 07:50:00,EV_BAT_01,46.1,379.27,27.24,31.38,0.3251,93.57,0,0
2026-01-02 07:51:00,EV_BAT_01,45.19,382.01,34.53,32.81,0.2786,93.3,0,0
2026-01-02 07:52:00,EV_BAT_01,50.67,380.86,32.25,31.15,0.3041,93.64,0,0
2026-01-02 07:53:00,EV_BAT_01,49.02,380.34,33.0,31.14,0.2735,93.39,0,0
2026-01-02 07:54:00,EV_BAT_01,49.12,381.01,26.82,29.52,0.2825,93.47,0,0
2026-01-02 07:55:00,EV_BAT_01,51.95,381.02,37.06,31.57,0.2744,93.6,0,0
2026-01-02 07:56:00,EV_BAT_01,53.09,378.1,21.63,31.07,0.3493,93.4,0,0
2026-01-02 07:57:00,EV_BAT_01,50.0,380.33,36.77,31.23,0.2958,93.52,0,0
2026-01-02 07:58:00,EV_BAT_01,49.93,384.0,37.69,31.5,0.278,93.26,0,0
2026-01-02 07:59:00,EV_BAT_01,51.87,380.04,32.75,32.25,0.252,93.64,0,0
2026-01-02 08:00:00,EV_BAT_01,47.88,380.79,40.09,29.56,0.3445,93.84,0,0
2026-01-02 08:01:00,EV_BAT_01,51.45,380.52,35.27,33.19,0.293,94.02,0,0
2026-01-02 08:02:00,EV_BAT_01,52.27,381.47,36.3,31.76,0.3176,93.53,0,0
2026-01-02 08:03:00,EV_BAT_01,52.64,380.71,37.93,31.1,0.3223,93.65,0,0
2026-01-02 08:04:00,EV_BAT_01,46.98,382.77,49.83,31.82,0.2912,93.18,0,0
2026-01-02 08:05:00,EV_BAT_01,49.67,382.38,42.98,29.82,0.3215,93.77,0,0
2026-01-02 08:06:00,EV_BAT_01,49.51,383.55,40.92,31.66,0.2914,93.63,0,0
2026-01-02 08:07:00,EV_BAT_01,51.76,380.4,34.98,31.76,0.2835,93.4,0,0
2026-01-02 08:08:00,EV_BAT_01,52.7,381.81,39.71,32.49,0.3392,93.71,0,0
2026-01-02 08:09:00,EV_BAT_01,55.04,382.15,36.38,32.39,0.3079,93.43,0,0
2026-01-02 08:10:00,EV_BAT_01,50.76,383.51,43.42,32.59,0.3265,93.39,0,0
2026-01-02 08:11:00,EV_BAT_01,50.86,381.39,41.18,34.44,0.3254,93.56,0,0
2026-01-02 08:12:00,EV_BAT_01,54.59,384.6,36.6,31.86,0.3327,93.27,0,0
2026-01-02 08:13:00,EV_BAT_01,52.82,385.22,41.9,33.05,0.2794,93.65,0,0
2026-01-02 08:14:00,EV_BAT_01,55.06,381.43,38.64,31.93,0.3051,93.27,0,0
2026-01-02 08:15:00,EV_BAT_01,53.02,382.46,43.1,30.96,0.313,93.26,0,0
2026-01-02 08:16:00,EV_BAT_01,49.94,382.51,39.51,33.1,0.3017,93.28,0,0
2026-01-02 08:17:00,EV_BAT_01,49.67,388.34,43.5,31.01,0.3345,93.58,0,0
2026-01-02 08:18:00,EV_BAT_01,49.3,382.95,46.82,32.97,0.3546,93.33,0,0
2026-01-02 08:19:00,EV_BAT_01,54.28,386.87,44.02,33.74,0.3597,93.19,0,0
2026-01-02 08:20:00,EV_BAT_01,55.55,381.7,43.08,31.68,0.3186,93.32,0,0
2026-01-02 08:21:00,EV_BAT_01,57.12,382.32,45.85,31.97,0.3354,93.42,0,0
2026-01-02 08:22:00,EV_BAT_01,55.02,382.99,48.21,32.44,0.3401,93.21,0,0
2026-01-02 08:23:00,EV_BAT_01,55.84,382.83,41.36,32.14,0.3452,93.21,0,0
2026-01-02 08:24:00,EV_BAT_01,52.13,383.99,47.19,31.14,0.3085,93.79,0,0
2026-01-02 08:25:00,EV_BAT_01,50.98,383.32,51.76,32.14,0.3765,93.25,0,0
2026-01-02 08:26:00,EV_BAT_01,55.51,383.24,49.11,33.49,0.3547,93.34,0,0
2026-01-02 08:27:00,EV_BAT_01,54.68,386.92,47.37,31.31,0.3557,93.33,0,0
2026-01-02 08:28:00,EV_BAT_01,54.12,387.15,49.99,31.32,0.3623,93.32,0,0
2026-01-02 08:29:00,EV_BAT_01,54.85,386.77,49.53,32.89,0.3458,93.5,0,0
2026-01-02 08:30:00,EV_BAT_01,54.83,386.12,51.0,34.72,0.3069,93.56,0,0
2026-01-02 08:31:00,EV_BAT_01,57.07,385.46,40.15,31.99,0.3292,93.33,0,0
2026-01-02 08:32:00,EV_BAT_01,57.22,384.51,42.27,32.59,0.2913,93.15,0,0
2026-01-02 08:33:00,EV_BAT_01,55.69,383.8,52.72,33.52,0.3428,93.6,0,0
2026-01-02 08:34:00,EV_BAT_01,56.48,386.28,42.89,30.93,0.3279,93.35,0,0
2026-01-02 08:35:00,EV_BAT_01,55.87,383.63,50.7,32.87,0.3308,93.67,0,0
2026-01-02 08:36:00,EV_BAT_01,53.85,384.06,47.86,34.32,0.3615,92.95,0,0
2026-01-02 08:37:00,EV_BAT_01,56.66,388.03,45.43,32.63,0.3194,93.39,0,0
2026-01-02 08:38:00,EV_BAT_01,52.05,389.48,50.95,32.89,0.3239,93.69,0,0
2026-01-02 08:39:00,EV_BAT_01,57.57,386.87,50.48,33.09,0.3301,93.28,0,0
2026-01-02 08:40:00,EV_BAT_01,52.75,388.25,58.21,32.24,0.2827,93.3,0,0
2026-01-02 08:41:00,EV_BAT_01,56.13,385.92,47.35,32.54,0.3212,93.39,0,0
2026-01-02 08:42:00,EV_BAT_01,53.77,384.05,55.68,34.19,0.2647,93.23,0,0
2026-01-02 08:43:00,EV_BAT_01,56.98,387.66,51.37,32.72,0.3112,93.27,0,0
2026-01-02 08:44:00,EV_BAT_01,55.82,387.68,47.35,32.17,0.3461,93.26,0,0
2026-01-02 08:45:00,EV_BAT_01,52.51,386.88,53.2,32.6,0.3347,93.2,0,0
2026-01-02 08:46:00,EV_BAT_01,57.08,386.4,52.25,31.45,0.3074,93.53,0,0
2026-01-02 08:47:00,EV_BAT_01,55.01,388.66,50.11,31.46,0.322,93.39,0,0
2026-01-02 08:48:00,EV_BAT_01,58.35,385.24,50.98,37.78,0.8349,93.35,1,0
2026-01-02 08:49:00,EV_BAT_01,56.55,385.71,47.47,35.06,0.3181,93.45,0,0
2026-01-02 08:50:00,EV_BAT_01,57.55,385.37,46.47,33.44,0.39,93.25,0,0
2026-01-02 08:51:00,EV_BAT_01,54.7,387.42,52.71,35.43,0.3613,93.15,0,0
2026-01-02 08:52:00,EV_BAT_01,55.64,385.39,48.66,31.63,0.3149,93.18,0,0
2026-01-02 08:53:00,EV_BAT_01,56.06,386.2,49.1,32.66,0.316,93.28,0,0
2026-01-02 08:54:00,EV_BAT_01,59.09,386.24,50.39,34.17,0.2858,93.09,0,0
2026-01-02 08:55:00,EV_BAT_01,61.03,387.11,50.16,33.84,0.2886,93.18,0,0
2026-01-02 08:56:00,EV_BAT_01,55.7,384.98,43.19,34.62,0.316,93.18,0,0
2026-01-02 08:57:00,EV_BAT_01,59.97,387.88,,34.53,0.2921,93.65,0,0
2026-01-02 08:58:00,EV_BAT_01,52.96,390.04,48.97,34.1,0.3261,92.76,0,0
2026-01-02 08:59:00,EV_BAT_01,55.24,388.11,,34.16,0.341,93.22,0,0
2026-01-02 09:00:00,EV_BAT_01,55.89,390.7,49.71,32.85,0.3083,93.56,0,0
2026-01-02 09:01:00,EV_BAT_01,55.16,390.39,48.67,33.37,0.3008,93.27,0,0
2026-01-02 09:02:00,EV_BAT_01,54.78,389.45,50.5,31.96,0.2545,93.38,0,0
2026-01-02 09:03:00,EV_BAT_01,59.31,388.24,49.29,32.32,0.3135,93.25,0,0
2026-01-02 09:04:00,EV_BAT_01,58.06,388.21,49.69,33.41,0.2645,93.11,0,0
2026-01-02 09:05:00,EV_BAT_01,59.5,389.6,51.89,33.86,0.2809,92.82,0,0
2026-01-02 09:06:00,EV_BAT_01,60.31,387.57,49.68,34.02,0.3137,93.26,0,0
2026-01-02 09:07:00,EV_BAT_01,59.51,384.93,45.15,33.69,0.3138,93.08,0,0
2026-01-02 09:08:00,EV_BAT_01,60.51,389.26,40.93,33.19,0.2747,93.07,0,0
2026-01-02 09:09:00,EV_BAT_01,59.04,386.38,51.71,34.42,0.2746,93.12,0,0
2026-01-02 09:10:00,EV_BAT_01,56.71,386.73,43.69,31.32,0.2658,93.52,0,0
2026-01-02 09:11:00,EV_BAT_01,61.78,388.5,42.34,31.86,0.2519,93.63,0,0
2026-01-02 09:12:00,EV_BAT_01,58.29,388.37,36.87,32.25,0.2645,93.24,0,0
2026-01-02 09:13:00,EV_BAT_01,57.66,386.03,44.74,31.87,0.2387,93.11,0,0
2026-01-02 09:14:00,EV_BAT_01,59.46,388.9,43.54,33.04,0.2948,92.98,0,0
2026-01-02 09:15:00,EV_BAT_01,57.97,390.38,36.44,33.32,0.2863,93.27,0,0
2026-01-02 09:16:00,EV_BAT_01,59.19,386.64,43.86,34.03,0.2893,93.5,0,0
2026-01-02 09:17:00,EV_BAT_01,61.0,390.98,39.58,33.91,0.2503,93.13,0,0
2026-01-02 09:18:00,EV_BAT_01,61.13,385.91,51.86,32.63,0.2432,92.74,0,0
2026-01-02 09:19:00,EV_BAT_01,58.52,392.55,38.34,35.77,0.2735,93.29,0,0
2026-01-02 09:20:00,EV_BAT_01,59.55,388.02,38.39,33.95,0.2729,93.34,0,0
2026-01-02 09:21:00,EV_BAT_01,63.12,389.04,36.14,35.25,0.2668,92.87,0,0
2026-01-02 09:22:00,EV_BAT_01,61.97,385.38,44.25,33.4,0.2625,93.18,0,0
2026-01-02 09:23:00,EV_BAT_01,65.57,388.69,37.14,32.2,0.3119,93.23,0,0
2026-01-02 09:24:00,EV_BAT_01,63.73,389.22,35.22,32.02,0.2793,93.13,0,0
2026-01-02 09:25:00,EV_BAT_01,63.78,388.66,40.43,32.81,0.3175,93.0,0,0
2026-01-02 09:26:00,EV_BAT_01,58.33,387.81,31.57,33.44,0.2996,93.32,0,0
2026-01-02 09:27:00,EV_BAT_01,63.19,387.12,39.07,33.57,0.3102,93.06,0,0
2026-01-02 09:28:00,EV_BAT_01,61.51,390.86,43.17,33.33,0.2406,92.86,0,0
2026-01-02 09:29:00,EV_BAT_01,60.54,388.88,37.79,31.98,0.2822,92.75,0,0
2026-01-02 09:30:00,EV_BAT_01,62.25,391.59,37.55,33.45,0.2566,93.34,0,0
2026-01-02 09:31:00,EV_BAT_01,64.08,387.87,37.96,33.02,0.2259,93.22,0,0
2026-01-02 09:32:00,EV_BAT_01,63.22,388.02,40.79,33.51,0.3052,93.12,0,0
2026-01-02 09:33:00,EV_BAT_01,60.31,390.26,38.27,34.84,0.2607,93.02,0,0
2026-01-02 09:34:00,EV_BAT_01,63.99,385.86,34.67,31.91,0.2421,93.0,0,0
2026-01-02 09:35:00,EV_BAT_01,61.08,386.58,36.01,32.01,0.2586,92.9,0,0
2026-01-02 09:36:00,EV_BAT_01,63.07,390.72,28.34,32.92,0.2497,93.01,0,0
2026-01-02 09:37:00,EV_BAT_01,62.05,386.61,34.48,33.61,0.2529,92.7,0,0
2026-01-02 09:38:00,EV_BAT_01,62.35,385.42,26.84,30.37,0.2655,92.95,0,0
2026-01-02 09:39:00,EV_BAT_01,64.63,392.03,28.9,29.91,0.3152,93.02,0,0
2026-01-02 09:40:00,EV_BAT_01,60.77,386.13,17.54,32.59,0.2562,93.18,0,0
2026-01-02 09:41:00,EV_BAT_01,67.45,388.94,30.99,35.67,0.3154,93.06,0,0
2026-01-02 09:42:00,EV_BAT_01,59.28,388.7,26.32,34.38,0.2963,93.2,0,0
2026-01-02 09:43:00,EV_BAT_01,62.08,383.48,32.87,31.89,0.2861,93.3,0,0
2026-01-02 09:44:00,EV_BAT_01,64.32,388.02,29.52,31.81,0.2962,93.24,0,0
2026-01-02 09:45:00,EV_BAT_01,64.91,389.26,32.0,34.96,0.2792,93.13,0,0
2026-01-02 09:46:00,EV_BAT_01,63.51,389.05,22.72,31.8,0.3124,93.05,0,0
2026-01-02 09:47:00,EV_BAT_01,63.71,389.99,30.77,32.75,0.2959,92.86,0,0
2026-01-02 09:48:00,EV_BAT_01,64.85,387.62,34.61,35.16,0.2417,93.17,0,0
2026-01-02 09:49:00,EV_BAT_01,63.54,389.55,28.82,34.93,0.2923,93.33,0,0
2026-01-02 09:50:00,EV_BAT_01,67.22,386.98,28.52,34.22,0.3061,93.09,0,0
2026-01-02 09:51:00,EV_BAT_01,66.1,385.62,25.64,32.29,0.281,93.37,0,0
2026-01-02 09:52:00,EV_BAT_01,66.28,385.77,22.48,31.26,0.2931,92.74,0,0
2026-01-02 09:53:00,EV_BAT_01,62.33,385.41,27.25,32.81,0.2764,92.8,0,0
2026-01-02 09:54:00,EV_BAT_01,64.39,389.8,17.83,33.08,0.2591,93.16,0,0
2026-01-02 09:55:00,EV_BAT_01,64.0,385.19,21.84,33.68,0.2566,93.05,0,0
2026-01-02 09:56:00,EV_BAT_01,62.54,388.35,16.1,34.77,0.2588,93.23,0,0
2026-01-02 09:57:00,EV_BAT_01,65.65,387.31,20.05,31.16,0.3158,92.99,0,0
2026-01-02 09:58:00,EV_BAT_01,63.77,387.53,25.13,35.03,0.2387,92.83,0,0
2026-01-02 09:59:00,EV_BAT_01,66.48,390.1,24.3,32.22,0.2862,92.95,0,0
2026-01-02 10:00:00,EV_BAT_01,62.78,386.78,22.21,33.91,0.2857,92.7,0,0
2026-01-02 10:01:00,EV_BAT_01,69.01,388.59,22.44,32.36,0.2997,92.77,0,0
2026-01-02 10:02:00,EV_BAT_01,63.34,387.48,13.97,30.64,0.2622,93.15,0,0
2026-01-02 10:03:00,EV_BAT_01,65.89,387.06,19.81,33.34,0.3206,93.12,0,0
2026-01-02 10:04:00,EV_BAT_01,67.23,391.39,18.37,32.54,0.2806,93.03,0,0
2026-01-02 10:05:00,EV_BAT_01,64.32,384.57,18.27,33.03,0.3426,92.65,0,0
2026-01-02 10:06:00,EV_BAT_01,67.54,389.4,23.13,32.81,0.3006,92.89,0,0
2026-01-02 10:07:00,EV_BAT_01,63.04,388.17,17.14,34.18,0.3155,92.73,0,0
2026-01-02 10:08:00,EV_BAT_01,69.02,386.03,18.03,32.66,0.3198,93.16,0,0
2026-01-02 10:09:00,EV_BAT_01,65.94,389.74,11.98,34.03,0.3275,92.83,0,0
2026-01-02 10:10:00,EV_BAT_01,64.67,383.38,19.05,34.16,0.324,92.74,0,0
2026-01-02 10:11:00,EV_BAT_01,65.41,385.67,15.79,32.75,0.3141,92.94,0,0
2026-01-02 10:12:00,EV_BAT_01,67.92,384.34,20.4,34.72,0.3349,92.81,0,0
2026-01-02 10:13:00,EV_BAT_01,64.93,387.15,16.23,31.82,0.3395,93.19,0,0
2026-01-02 10:14:00,EV_BAT_01,64.64,384.31,20.43,32.57,0.3102,92.78,0,0
2026-01-02 10:15:00,EV_BAT_01,65.87,386.99,19.42,33.55,0.3414,92.66,0,0
2026-01-02 10:16:00,EV_BAT_01,63.84,385.77,26.7,31.42,0.3619,92.52,0,0
2026-01-02 10:17:00,EV_BAT_01,70.5,385.13,22.03,36.32,0.351,92.9,0,0
2026-01-02 10:18:00,EV_BAT_01,65.32,386.58,12.72,33.88,0.3579,92.8,0,0
2026-01-02 10:19:00,EV_BAT_01,68.46,385.29,15.09,34.5,0.34,92.64,0,0
2026-01-02 10:20:00,EV_BAT_01,67.15,383.7,20.45,33.73,0.3133,93.1,0,0
2026-01-02 10:21:00,EV_BAT_01,64.59,390.59,16.61,34.67,0.3174,93.01,0,0
2026-01-02 10:22:00,EV_BAT_01,66.8,384.56,8.57,32.08,0.3465,92.88,0,0
2026-01-02 10:23:00,EV_BAT_01,68.6,381.32,25.98,34.54,0.3629,93.12,0,0
2026-01-02 10:24:00,EV_BAT_01,66.52,383.68,23.62,33.05,0.4097,92.99,0,0
2026-01-02 10:25:00,EV_BAT_01,69.61,382.8,22.99,32.17,0.3652,92.72,0,0
2026-01-02 10:26:00,EV_BAT_01,69.29,386.44,18.66,33.07,0.3119,92.68,0,0
2026-01-02 10:27:00,EV_BAT_01,69.11,385.41,23.01,32.33,0.3223,93.01,0,0
2026-01-02 10:28:00,EV_BAT_01,66.13,385.43,18.7,34.22,0.3988,92.93,0,0
2026-01-02 10:29:00,EV_BAT_01,64.82,383.92,22.58,35.29,0.3367,92.88,0,0
2026-01-02 10:30:00,EV_BAT_01,65.89,381.96,18.33,33.77,0.3934,92.69,0,0
2026-01-02 10:31:00,EV_BAT_01,67.72,381.58,28.38,35.08,0.3711,92.94,0,0
2026-01-02 10:32:00,EV_BAT_01,68.53,381.89,16.35,36.84,0.4371,92.69,0,0
2026-01-02 10:33:00,EV_BAT_01,62.59,383.33,27.89,35.65,0.4133,92.79,0,0
2026-01-02 10:34:00,EV_BAT_01,67.39,382.21,23.47,34.25,0.3841,93.06,0,0
2026-01-02 10:35:00,EV_BAT_01,67.8,382.29,21.72,35.09,0.3811,92.67,0,0
2026-01-02 10:36:00,EV_BAT_01,66.87,382.08,24.72,37.49,0.4161,92.49,0,0
2026-01-02 10:37:00,EV_BAT_01,70.36,382.55,27.38,37.11,0.412,92.58,0,0
2026-01-02 10:38:00,EV_BAT_01,68.48,381.26,30.31,36.79,0.434,92.93,0,0
2026-01-02 10:39:00,EV_BAT_01,70.47,381.17,26.52,35.76,0.429,92.79,0,0
2026-01-02 10:40:00,EV_BAT_01,67.14,382.44,22.13,37.02,0.4109,92.71,0,0
2026-01-02 10:41:00,EV_BAT_01,69.7,378.88,26.35,37.8,0.4059,92.63,0,0
2026-01-02 10:42:00,EV_BAT_01,71.26,378.32,33.85,36.5,0.4175,92.8,0,0
2026-01-02 10:43:00,EV_BAT_01,70.58,377.5,32.44,,0.722,92.55,1,0
2026-01-02 10:44:00,EV_BAT_01,65.31,379.74,31.15,38.77,0.4219,92.74,0,0
2026-01-02 10:45:00,EV_BAT_01,67.17,375.85,31.18,36.58,0.4273,92.55,0,0
2026-01-02 10:46:00,EV_BAT_01,66.99,379.8,31.29,36.93,0.4061,92.5,0,0
2026-01-02 10:47:00,EV_BAT_01,68.84,378.54,33.63,39.47,0.4459,92.54,0,0
2026-01-02 10:48:00,EV_BAT_01,69.29,380.56,27.67,37.86,0.4225,92.58,0,0
2026-01-02 10:49:00,EV_BAT_01,65.95,377.08,24.59,36.43,0.4122,92.62,0,0
2026-01-02 10:50:00,EV_BAT_01,67.96,377.7,30.81,39.64,0.4258,92.66,0,0
2026-01-02 10:51:00,EV_BAT_01,63.37,379.86,27.79,36.68,0.4421,91.95,0,0
2026-01-02 10:52:00,EV_BAT_01,71.0,380.1,27.38,38.45,0.4394,92.45,0,0
2026-01-02 10:53:00,EV_BAT_01,66.7,376.16,29.26,38.37,0.4492,92.52,0,0
2026-01-02 10:54:00,EV_BAT_01,67.96,377.48,42.62,40.12,0.4624,92.85,0,0
2026-01-02 10:55:00,EV_BAT_01,67.15,377.45,33.77,39.55,0.4738,92.37,0,0
2026-01-02 10:56:00,EV_BAT_01,70.36,377.37,35.23,39.23,0.4495,92.58,0,0
2026-01-02 10:57:00,EV_BAT_01,61.59,375.99,29.44,39.84,0.4169,92.81,0,0
2026-01-02 10:58:00,EV_BAT_01,67.79,378.54,27.51,38.53,0.438,92.3,0,0
2026-01-02 10:59:00,EV_BAT_01,67.59,372.61,32.17,38.81,0.4208,92.59,0,0
2026-01-02 11:00:00,EV_BAT_01,66.82,375.02,41.75,39.01,0.4895,92.37,0,0
2026-01-02 11:01:00,EV_BAT_01,71.6,376.36,37.89,38.55,0.4979,92.41,0,0
2026-01-02 11:02:00,EV_BAT_01,65.84,376.15,39.51,41.25,0.4657,92.34,0,0
2026-01-02 11:03:00,EV_BAT_01,69.48,377.53,40.62,38.94,0.4721,92.34,0,0
2026-01-02 11:04:00,EV_BAT_01,68.55,377.02,35.86,41.58,0.4581,92.96,0,0
2026-01-02 11:05:00,EV_BAT_01,70.53,374.12,44.32,39.61,0.4622,92.61,0,0
2026-01-02 11:06:00,EV_BAT_01,66.26,376.75,36.79,38.37,0.4143,92.64,0,0
2026-01-02 11:07:00,EV_BAT_01,66.1,372.89,45.49,40.75,0.4537,92.52,0,0
2026-01-02 11:08:00,EV_BAT_01,70.1,375.63,42.17,41.42,0.4348,92.13,0,0
2026-01-02 11:09:00,EV_BAT_01,68.6,376.98,33.78,40.68,0.4652,92.48,0,0
2026-01-02 11:10:00,EV_BAT_01,64.24,375.68,38.47,40.86,0.4581,92.59,0,0
2026-01-02 11:11:00,EV_BAT_01,66.42,373.46,34.85,39.89,0.5097,92.23,0,0
2026-01-02 11:12:00,EV_BAT_01,68.43,372.45,47.15,41.22,0.4854,92.55,0,0
2026-01-02 11:13:00,EV_BAT_01,69.39,370.07,42.91,40.97,0.4711,92.49,0,0
2026-01-02 11:14:00,EV_BAT_01,66.02,373.15,34.6,40.86,0.459,92.69,0,0
2026-01-02 11:15:00,EV_BAT_01,61.06,370.36,45.5,40.07,0.5092,92.27,0,0
2026-01-02 11:16:00,EV_BAT_01,68.59,370.72,42.33,41.92,0.4683,92.13,0,0
2026-01-02 11:17:00,EV_BAT_01,64.71,369.78,39.02,40.64,0.4791,92.26,0,0
2026-01-02 11:18:00,EV_BAT_01,62.92,370.87,52.13,42.28,0.4738,92.57,0,0
2026-01-02 11:19:00,EV_BAT_01,61.08,371.43,46.3,41.13,0.4646,91.97,0,0
2026-01-02 11:20:00,EV_BAT_01,69.06,371.75,45.13,41.57,0.4776,91.91,0,0
2026-01-02 11:21:00,EV_BAT_01,67.5,369.96,45.14,42.84,0.4298,92.29,0,0
2026-01-02 11:22:00,EV_BAT_01,66.67,372.74,41.1,41.67,0.4424,92.18,0,0
2026-01-02 11:23:00,EV_BAT_01,70.18,370.22,42.34,41.13,0.4921,92.25,0,0
2026-01-02 11:24:00,EV_BAT_01,68.47,368.96,53.09,42.7,0.5249,92.41,0,0
2026-01-02 11:25:00,EV_BAT_01,70.57,370.57,46.43,43.04,0.4969,92.13,0,0
2026-01-02 11:26:00,EV_BAT_01,63.89,373.48,48.78,43.16,0.4728,91.88,0,0
2026-01-02 11:27:00,EV_BAT_01,66.82,370.34,40.86,42.29,0.4574,92.58,0,0
2026-01-02 11:28:00,EV_BAT_01,63.28,368.87,44.1,43.39,0.5158,92.02,0,0
2026-01-02 11:29:00,EV_BAT_01,66.27,366.56,52.13,44.58,0.4849,92.0,0,0
2026-01-02 11:30:00,EV_BAT_01,66.17,368.71,51.5,43.99,0.5181,92.37,0,1
2026-01-02 11:31:00,EV_BAT_01,68.03,369.31,57.29,44.14,0.5148,92.09,0,1
2026-01-02 11:32:00,EV_BAT_01,66.68,367.98,55.92,43.32,0.5201,92.14,0,1
2026-01-02 11:33:00,EV_BAT_01,67.88,365.48,49.88,41.45,0.5123,92.23,0,1
2026-01-02 11:34:00,EV_BAT_01,67.99,366.74,52.93,44.78,0.5243,92.33,0,1
2026-01-02 11:35:00,EV_BAT_01,71.11,370.68,50.0,43.35,0.5152,92.06,0,1
2026-01-02 11:36:00,EV_BAT_01,65.6,370.44,59.69,43.18,0.5058,92.38,0,1
2026-01-02 11:37:00,EV_BAT_01,64.15,366.06,56.25,44.77,0.5012,91.71,0,1
2026-01-02 11:38:00,EV_BAT_01,66.68,368.67,52.5,41.57,0.4694,92.22,0,1
2026-01-02 11:39:00,EV_BAT_01,64.29,365.14,52.77,45.23,0.5283,91.92,0,1
2026-01-02 11:40:00,EV_BAT_01,69.24,369.59,57.88,43.61,0.5746,92.31,0,1
2026-01-02 11:41:00,EV_BAT_01,65.27,367.31,54.54,43.58,0.5589,92.08,0,1
2026-01-02 11:42:00,EV_BAT_01,64.57,368.38,58.55,42.79,0.5503,91.92,0,1
2026-01-02 11:43:00,EV_BAT_01,64.69,363.4,43.62,44.06,0.5304,92.15,0,1
2026-01-02 11:44:00,EV_BAT_01,67.22,367.51,54.3,45.11,0.5779,92.18,0,1
2026-01-02 11:45:00,EV_BAT_01,65.2,366.09,50.44,44.57,0.5542,92.12,0,1
2026-01-02 11:46:00,EV_BAT_01,64.04,367.45,59.55,43.77,0.6009,91.81,0,1
2026-01-02 11:47:00,EV_BAT_01,69.02,367.38,58.72,44.18,0.5414,91.9,0,1
2026-01-02 11:48:00,EV_BAT_01,63.38,365.67,52.65,45.1,0.5516,91.97,0,1
2026-01-02 11:49:00,EV_BAT_01,65.25,364.28,58.63,44.98,0.5537,91.96,0,1
2026-01-02 11:50:00,EV_BAT_01,66.51,366.59,59.57,43.36,0.5424,92.09,0,1
2026-01-02 11:51:00,EV_BAT_01,61.38,364.9,52.67,43.86,0.5606,91.58,0,1
2026-01-02 11:52:00,EV_BAT_01,65.93,363.26,62.18,45.08,0.5913,91.99,0,1
2026-01-02 11:53:00,EV_BAT_01,62.45,363.0,52.06,44.05,0.5756,91.87,0,1
2026-01-02 11:54:00,EV_BAT_01,66.47,361.82,51.21,45.97,0.5017,91.76,0,1
2026-01-02 11:55:00,EV_BAT_01,62.44,363.39,55.39,44.72,0.6297,91.76,0,1
2026-01-02 11:56:00,EV_BAT_01,65.97,366.13,50.36,45.28,0.5655,91.85,0,1
2026-01-02 11:57:00,EV_BAT_01,66.77,364.3,51.94,45.94,0.6272,91.23,0,1
2026-01-02 11:58:00,EV_BAT_01,66.13,362.86,57.05,46.0,0.618,91.74,0,1
2026-01-02 11:59:00,EV_BAT_01,64.67,365.1,51.29,45.14,0.675,91.69,0,1
2026-01-02 12:00:00,EV_BAT_01,63.5,361.99,44.21,45.88,0.6518,91.94,0,1
2026-01-02 12:01:00,EV_BAT_01,62.62,363.51,52.22,45.5,0.6191,91.68,0,1
2026-01-02 12:02:00,EV_BAT_01,67.01,362.85,47.72,44.14,0.619,91.78,0,1
2026-01-02 12:03:00,EV_BAT_01,62.12,364.43,53.7,45.01,0.6789,92.08,0,1
2026-01-02 12:04:00,EV_BAT_01,61.26,360.03,52.74,47.21,0.6093,91.97,0,1
2026-01-02 12:05:00,EV_BAT_01,64.88,361.19,55.54,46.08,0.6557,91.95,0,1
2026-01-02 12:06:00,EV_BAT_01,61.54,359.63,52.98,45.42,0.6524,91.68,0,1
2026-01-02 12:07:00,EV_BAT_01,61.08,361.96,53.38,46.82,0.6518,91.86,0,1
2026-01-02 12:08:00,EV_BAT_01,59.87,364.47,46.01,46.59,0.6739,91.71,0,1
2026-01-02 12:09:00,EV_BAT_01,61.86,361.24,51.55,46.63,0.6745,91.7,0,1
2026-01-02 12:10:00,EV_BAT_01,62.61,361.09,55.85,46.69,0.6858,91.8,0,1
2026-01-02 12:11:00,EV_BAT_01,63.2,363.44,44.85,46.2,0.6824,91.61,0,1
2026-01-02 12:12:00,EV_BAT_01,64.63,363.66,54.42,47.43,0.6939,91.97,0,1
2026-01-02 12:13:00,EV_BAT_01,63.56,361.45,44.62,45.33,0.6902,91.67,0,1
2026-01-02 12:14:00,EV_BAT_01,61.85,362.71,43.01,46.84,0.6758,91.79,0,1
2026-01-02 12:15:00,EV_BAT_01,61.7,359.41,47.18,49.0,0.6967,91.93,0,1
2026-01-02 12:16:00,EV_BAT_01,63.13,363.71,48.44,46.22,0.683,91.85,0,1
2026-01-02 12:17:00,EV_BAT_01,64.67,364.97,48.79,46.55,0.6855,91.4,0,1
2026-01-02 12:18:00,EV_BAT_01,62.01,361.93,40.85,48.07,0.7008,91.72,0,1
2026-01-02 12:19:00,EV_BAT_01,60.56,357.12,45.99,48.02,0.7102,91.78,0,1
2026-01-02 12:20:00,EV_BAT_01,59.27,359.75,41.05,48.56,0.718,91.78,0,1
2026-01-02 12:21:00,EV_BAT_01,58.13,361.75,37.38,45.95,0.7439,91.41,0,1
2026-01-02 12:22:00,EV_BAT_01,62.64,359.77,39.15,48.34,0.7123,91.48,0,1
2026-01-02 12:23:00,EV_BAT_01,62.3,362.71,39.39,48.53,0.7334,91.76,0,1
2026-01-02 12:24:00,EV_BAT_01,62.15,361.38,44.01,47.1,0.7351,91.43,0,1
2026-01-02 12:25:00,EV_BAT_01,60.46,358.95,46.05,47.72,0.7204,91.51,0,1
2026-01-02 12:26:00,EV_BAT_01,63.69,360.17,35.06,48.71,0.7409,91.83,0,1
2026-01-02 12:27:00,EV_BAT_01,59.38,358.41,41.88,48.4,0.7674,91.53,0,1
2026-01-02 12:28:00,EV_BAT_01,62.4,359.59,35.27,47.85,0.7503,91.4,0,1
2026-01-02 12:29:00,EV_BAT_01,60.07,358.83,42.01,47.93,0.7544,91.36,0,1
2026-01-02 12:30:00,EV_BAT_01,58.66,361.85,36.51,47.74,0.7342,91.56,0,1
2026-01-02 12:31:00,EV_BAT_01,61.15,375.54,30.27,35.55,0.4011,92.06,0,0
2026-01-02 12:32:00,EV_BAT_01,60.6,369.16,37.15,34.72,0.3356,92.25,0,0
2026-01-02 12:33:00,EV_BAT_01,60.33,368.27,31.08,35.75,0.3099,92.35,0,0
2026-01-02 12:34:00,EV_BAT_01,59.57,371.29,31.65,34.75,0.3729,92.52,0,0
2026-01-02 12:35:00,EV_BAT_01,59.16,369.01,23.52,35.38,0.3481,92.4,0,0
2026-01-02 12:36:00,EV_BAT_01,64.34,371.83,35.67,36.86,0.343,92.15,0,0
2026-01-02 12:37:00,EV_BAT_01,61.53,373.11,34.65,36.61,0.3364,92.49,0,0
2026-01-02 12:38:00,EV_BAT_01,60.36,374.46,30.89,35.65,0.3962,92.22,0,0
2026-01-02 12:39:00,EV_BAT_01,58.86,372.15,24.25,35.84,0.3576,92.04,0,0
2026-01-02 12:40:00,EV_BAT_01,60.67,371.45,34.71,47.23,0.7108,92.23,1,0
2026-01-02 12:41:00,EV_BAT_01,59.44,368.26,26.72,34.25,0.3511,92.51,0,0
2026-01-02 12:42:00,EV_BAT_01,58.2,371.89,27.09,35.97,0.3528,92.28,0,0
2026-01-02 12:43:00,EV_BAT_01,57.31,372.0,37.67,37.45,0.38,92.25,0,0
2026-01-02 12:44:00,EV_BAT_01,57.64,373.04,25.14,35.57,0.3377,92.54,0,0
2026-01-02 12:45:00,EV_BAT_01,50.68,370.65,30.47,36.65,0.3063,91.98,0,0
2026-01-02 12:46:00,EV_BAT_01,57.96,371.17,29.3,35.15,0.3632,92.0,0,0
2026-01-02 12:47:00,EV_BAT_01,56.26,369.33,28.17,36.08,0.3526,91.94,0,0
2026-01-02 12:48:00,EV_BAT_01,60.68,367.9,27.31,36.15,0.3415,92.29,0,0
2026-01-02 12:49:00,EV_BAT_01,57.05,370.07,27.27,36.25,0.3492,92.25,0,0
2026-01-02 12:50:00,EV_BAT_01,54.23,369.28,26.45,35.36,0.3266,92.49,0,0
2026-01-02 12:51:00,EV_BAT_01,56.57,372.75,24.76,35.33,0.3349,92.25,0,0
2026-01-02 12:52:00,EV_BAT_01,54.21,371.26,30.63,34.86,0.3295,92.13,0,0
2026-01-02 12:53:00,EV_BAT_01,57.39,371.27,18.96,34.68,0.3164,92.2,0,0
2026-01-02 12:54:00,EV_BAT_01,56.82,370.52,27.94,36.77,0.3593,92.22,0,0
2026-01-02 12:55:00,EV_BAT_01,58.13,366.52,26.8,34.73,0.2926,91.89,0,0
2026-01-02 12:56:00,EV_BAT_01,54.11,375.11,25.97,34.85,0.3852,92.68,0,0
2026-01-02 12:57:00,EV_BAT_01,55.76,370.65,27.33,34.41,0.3464,92.28,0,0
2026-01-02 12:58:00,EV_BAT_01,52.52,371.77,22.19,37.64,0.2782,92.22,0,0
2026-01-02 12:59:00,EV_BAT_01,56.89,369.95,14.8,35.99,0.3153,92.29,0,0
2026-01-02 13:00:00,EV_BAT_01,56.33,374.38,21.72,35.84,0.315,92.3,0,0
2026-01-02 13:01:00,EV_BAT_01,56.11,372.95,17.79,35.08,0.3272,92.14,0,0
2026-01-02 13:02:00,EV_BAT_01,54.85,371.28,18.59,35.7,0.291,92.05,0,0
2026-01-02 13:03:00,EV_BAT_01,55.59,372.13,16.33,36.73,0.3148,92.26,0,0
2026-01-02 13:04:00,EV_BAT_01,58.04,375.92,19.18,33.91,0.3092,92.22,0,0
2026-01-02 13:05:00,EV_BAT_01,53.72,372.85,18.52,35.8,0.2921,92.0,0,0
2026-01-02 13:06:00,EV_BAT_01,54.48,372.72,11.22,37.03,0.2869,92.4,0,0
2026-01-02 13:07:00,EV_BAT_01,51.62,371.43,23.38,37.59,0.3302,92.19,0,0
2026-01-02 13:08:00,EV_BAT_01,51.93,369.8,29.33,36.07,0.2632,92.27,0,0
2026-01-02 13:09:00,EV_BAT_01,53.88,373.0,22.75,36.55,0.316,92.38,0,0
2026-01-02 13:10:00,EV_BAT_01,55.93,373.96,19.42,35.59,0.3224,92.13,0,0
2026-01-02 13:11:00,EV_BAT_01,52.77,375.44,19.93,37.12,0.2956,92.18,0,0
2026-01-02 13:12:00,EV_BAT_01,52.64,369.5,18.4,34.74,0.3009,92.26,0,0
2026-01-02 13:13:00,EV_BAT_01,52.1,371.61,20.4,33.99,0.3273,91.98,0,0
2026-01-02 13:14:00,EV_BAT_01,51.65,372.68,19.86,36.88,0.2793,92.12,0,0
2026-01-02 13:15:00,EV_BAT_01,53.31,373.81,16.64,35.8,0.2806,92.13,0,0
2026-01-02 13:16:00,EV_BAT_01,49.19,373.65,26.74,36.78,0.2821,91.93,0,0
2026-01-02 13:17:00,EV_BAT_01,55.14,373.78,14.09,36.51,0.3225,92.51,0,0
2026-01-02 13:18:00,EV_BAT_01,50.69,374.83,22.96,37.43,0.3246,91.84,0,0
2026-01-02 13:19:00,EV_BAT_01,53.57,372.57,19.74,36.5,0.2565,91.85,0,0
2026-01-02 13:20:00,EV_BAT_01,49.02,375.98,27.83,36.72,0.3156,92.32,0,0
2026-01-02 13:21:00,EV_BAT_01,53.12,375.18,21.69,37.55,0.3102,92.2,0,0
2026-01-02 13:22:00,EV_BAT_01,52.96,373.93,19.01,35.63,0.3278,91.89,0,0
2026-01-02 13:23:00,EV_BAT_01,52.16,377.49,19.59,34.35,0.298,92.18,0,0
2026-01-02 13:24:00,EV_BAT_01,48.96,377.52,20.89,35.62,0.2867,92.33,0,0
2026-01-02 13:25:00,EV_BAT_01,51.53,376.5,16.33,35.27,0.316,92.05,0,0
2026-01-02 13:26:00,EV_BAT_01,48.21,369.5,18.02,36.46,0.3045,92.52,0,0
2026-01-02 13:27:00,EV_BAT_01,50.09,377.88,14.16,35.06,0.3429,91.74,0,0
2026-01-02 13:28:00,EV_BAT_01,52.75,376.58,17.83,35.36,0.3106,92.17,0,0
2026-01-02 13:29:00,EV_BAT_01,52.07,378.88,22.13,36.99,0.2904,92.25,0,0
2026-01-02 13:30:00,EV_BAT_01,50.19,377.61,23.21,35.29,0.2572,92.2,0,0
2026-01-02 13:31:00,EV_BAT_01,47.85,378.34,14.36,35.45,0.2722,91.99,0,0
2026-01-02 13:32:00,EV_BAT_01,51.25,377.19,22.02,33.93,0.2511,91.97,0,0
2026-01-02 13:33:00,EV_BAT_01,49.71,378.16,25.12,35.02,0.2819,92.1,0,0
2026-01-02 13:34:00,EV_BAT_01,44.4,379.44,22.53,42.09,0.7798,92.16,1,0
2026-01-02 13:35:00,EV_BAT_01,51.06,376.36,20.97,35.01,0.2881,92.12,0,0
2026-01-02 13:36:00,EV_BAT_01,49.13,373.26,22.2,35.94,0.3143,92.2,0,0
2026-01-02 13:37:00,EV_BAT_01,51.67,375.66,22.05,36.37,0.2979,91.82,0,0
2026-01-02 13:38:00,EV_BAT_01,46.45,377.04,22.03,35.72,0.2802,91.96,0,0
2026-01-02 13:39:00,EV_BAT_01,41.71,376.59,25.66,35.56,0.2933,91.83,0,0
2026-01-02 13:40:00,EV_BAT_01,49.16,374.34,34.59,36.28,0.3039,91.92,0,0
2026-01-02 13:41:00,EV_BAT_01,49.03,373.77,22.79,36.08,0.2966,92.17,0,0
2026-01-02 13:42:00,EV_BAT_01,44.51,375.5,24.91,36.16,0.298,92.0,0,0
2026-01-02 13:43:00,EV_BAT_01,45.92,378.42,26.41,37.18,0.2762,92.45,0,0
2026-01-02 13:44:00,EV_BAT_01,53.98,379.94,24.3,35.65,0.2859,92.01,0,0
2026-01-02 13:45:00,EV_BAT_01,47.09,378.87,31.89,34.94,0.3545,91.98,0,0
2026-01-02 13:46:00,EV_BAT_01,49.21,379.25,18.47,35.09,0.3302,91.98,0,0
2026-01-02 13:47:00,EV_BAT_01,46.02,377.33,26.3,43.45,0.7263,91.84,1,0
2026-01-02 13:48:00,EV_BAT_01,42.7,374.47,32.17,36.28,0.2433,91.94,0,0
2026-01-02 13:49:00,EV_BAT_01,46.77,376.92,28.2,36.54,0.306,92.15,0,0
2026-01-02 13:50:00,EV_BAT_01,46.41,377.41,26.59,35.13,0.328,91.97,0,0
2026-01-02 13:51:00,EV_BAT_01,45.97,377.11,32.13,36.39,0.2944,91.8,0,0
2026-01-02 13:52:00,EV_BAT_01,46.45,378.23,34.49,36.6,0.3347,91.77,0,0
2026-01-02 13:53:00,EV_BAT_01,47.13,379.06,32.21,38.38,0.3124,91.85,0,0
2026-01-02 13:54:00,EV_BAT_01,46.08,379.94,28.68,37.16,0.3086,91.94,0,0
2026-01-02 13:55:00,EV_BAT_01,43.48,378.03,34.22,35.97,0.3334,92.14,0,0
2026-01-02 13:56:00,EV_BAT_01,47.18,375.24,31.3,35.03,0.3031,91.68,0,0
2026-01-02 13:57:00,EV_BAT_01,41.68,377.93,36.41,35.61,0.3111,91.86,0,0
2026-01-02 13:58:00,EV_BAT_01,41.32,379.01,39.89,38.01,0.3369,91.93,0,0
2026-01-02 13:59:00,EV_BAT_01,47.31,381.27,24.05,35.22,0.3213,91.57,0,0
2026-01-02 14:00:00,EV_BAT_01,46.66,378.18,35.44,39.58,0.3717,91.75,0,0
2026-01-02 14:01:00,EV_BAT_01,45.28,380.26,28.58,36.27,0.3433,91.77,0,0
2026-01-02 14:02:00,EV_BAT_01,42.2,379.99,45.81,36.45,0.3435,91.75,0,0
2026-01-02 14:03:00,EV_BAT_01,43.57,379.68,34.7,34.93,0.3285,91.92,0,0
2026-01-02 14:04:00,EV_BAT_01,44.42,381.41,40.07,35.85,0.3535,91.85,0,0
2026-01-02 14:05:00,EV_BAT_01,41.35,378.68,37.46,34.59,0.3254,91.78,0,0
2026-01-02 14:06:00,EV_BAT_01,43.1,378.96,34.91,38.46,0.3424,91.95,0,0
2026-01-02 14:07:00,EV_BAT_01,46.03,380.11,34.94,37.96,0.3142,92.18,0,0
2026-01-02 14:08:00,EV_BAT_01,47.6,379.11,45.48,36.6,0.3649,92.16,0,0
2026-01-02 14:09:00,EV_BAT_01,43.41,381.31,43.46,36.36,0.3479,91.51,0,0
2026-01-02 14:10:00,EV_BAT_01,45.87,379.25,47.9,36.83,0.3919,91.96,0,0
2026-01-02 14:11:00,EV_BAT_01,39.87,381.07,40.84,37.83,0.4037,91.82,0,0
2026-01-02 14:12:00,EV_BAT_01,45.4,380.61,42.25,38.42,0.3646,91.87,0,0
2026-01-02 14:13:00,EV_BAT_01,42.06,381.31,40.51,36.58,0.3488,91.77,0,0
2026-01-02 14:14:00,EV_BAT_01,44.38,380.22,40.89,36.06,0.3249,91.86,0,0
2026-01-02 14:15:00,EV_BAT_01,43.04,380.57,38.33,35.7,0.3726,91.86,0,0
2026-01-02 14:16:00,EV_BAT_01,46.37,381.48,43.28,34.87,0.3565,91.72,0,0
2026-01-02 14:17:00,EV_BAT_01,41.42,381.8,40.23,37.48,0.366,91.66,0,0
2026-01-02 14:18:00,EV_BAT_01,44.61,381.56,45.58,35.26,0.397,91.74,0,0
2026-01-02 14:19:00,EV_BAT_01,42.49,384.76,44.91,36.76,0.3343,91.86,0,0
2026-01-02 14:20:00,EV_BAT_01,42.65,380.03,,35.83,0.3328,91.92,0,0
2026-01-02 14:21:00,EV_BAT_01,42.48,381.83,51.74,36.45,0.351,91.96,0,0
2026-01-02 14:22:00,EV_BAT_01,40.91,379.23,45.27,35.18,0.3783,91.71,0,0
2026-01-02 14:23:00,EV_BAT_01,42.63,382.86,48.82,36.17,0.3724,91.85,0,0
2026-01-02 14:24:00,EV_BAT_01,42.41,380.3,54.35,38.59,0.3368,91.97,0,0
2026-01-02 14:25:00,EV_BAT_01,42.97,381.93,51.72,37.7,0.3787,92.0,0,0
2026-01-02 14:26:00,EV_BAT_01,42.52,381.88,51.43,35.44,0.3303,91.77,0,0
2026-01-02 14:27:00,EV_BAT_01,43.99,383.18,45.91,38.77,0.3398,91.74,0,0
2026-01-02 14:28:00,EV_BAT_01,44.16,381.79,48.35,,0.3582,91.81,0,0
2026-01-02 14:29:00,EV_BAT_01,39.72,381.83,42.45,36.95,0.3474,91.56,0,0
2026-01-02 14:30:00,EV_BAT_01,43.84,385.6,49.99,39.24,0.3836,91.73,0,0
2026-01-02 14:31:00,EV_BAT_01,39.22,383.65,49.34,37.92,0.3686,91.89,0,0
2026-01-02 14:32:00,EV_BAT_01,43.03,382.24,48.58,38.29,0.4055,91.87,0,0
2026-01-02 14:33:00,EV_BAT_01,43.0,382.91,52.81,36.78,0.355,91.7,0,0
2026-01-02 14:34:00,EV_BAT_01,37.34,386.43,44.08,36.99,0.3579,91.79,0,0
2026-01-02 14:35:00,EV_BAT_01,41.66,383.16,55.63,37.75,0.3909,91.59,0,0
2026-01-02 14:36:00,EV_BAT_01,40.33,382.45,52.87,36.84,0.3579,91.86,0,0
2026-01-02 14:37:00,EV_BAT_01,39.61,382.56,49.14,36.63,0.397,91.72,0,0
2026-01-02 14:38:00,EV_BAT_01,44.16,382.91,,37.17,0.3725,91.68,0,0
2026-01-02 14:39:00,EV_BAT_01,39.67,382.93,51.59,36.39,0.2995,91.66,0,0
2026-01-02 14:40:00,EV_BAT_01,39.25,381.8,55.86,35.53,0.387,91.71,0,0
2026-01-02 14:41:00,EV_BAT_01,41.11,382.18,50.26,36.62,0.3795,91.63,0,0
2026-01-02 14:42:00,EV_BAT_01,42.37,382.81,50.49,35.56,0.3795,91.83,0,0
2026-01-02 14:43:00,EV_BAT_01,40.47,385.46,50.04,37.28,0.3069,91.64,0,0
2026-01-02 14:44:00,EV_BAT_01,43.27,383.81,57.12,37.76,0.337,91.99,0,0
2026-01-02 14:45:00,EV_BAT_01,41.8,384.21,48.52,36.62,0.3376,91.96,0,0
2026-01-02 14:46:00,EV_BAT_01,35.77,386.96,49.87,37.79,0.3301,91.53,0,0
2026-01-02 14:47:00,EV_BAT_01,39.32,387.1,55.82,36.94,0.3933,91.7,0,0
2026-01-02 14:48:00,EV_BAT_01,39.18,384.35,50.51,38.2,0.3481,91.57,0,0
2026-01-02 14:49:00,EV_BAT_01,41.41,383.81,54.4,38.17,0.3461,91.62,0,0
2026-01-02 14:50:00,EV_BAT_01,34.51,383.47,46.13,37.93,0.3593,92.04,0,0
2026-01-02 14:51:00,EV_BAT_01,45.83,386.36,48.85,38.52,0.3582,91.62,0,0
2026-01-02 14:52:00,EV_BAT_01,41.33,384.82,55.49,36.54,0.259,91.73,0,0
2026-01-02 14:53:00,EV_BAT_01,40.43,384.58,46.71,47.54,0.7478,91.76,1,0
2026-01-02 14:54:00,EV_BAT_01,42.64,383.88,48.66,38.13,0.3038,91.48,0,0
2026-01-02 14:55:00,EV_BAT_01,45.14,384.04,50.12,37.2,0.3475,91.5,0,0
2026-01-02 14:56:00,EV_BAT_01,41.85,386.07,44.95,37.77,0.3285,91.43,0,0
2026-01-02 14:57:00,EV_BAT_01,41.97,383.2,47.05,37.28,0.3344,91.48,0,0
2026-01-02 14:58:00,EV_BAT_01,40.12,387.43,48.93,37.06,0.2803,91.13,0,0
2026-01-02 14:59:00,EV_BAT_01,39.47,384.74,48.43,37.79,0.3228,91.73,0,0
2026-01-02 15:00:00,EV_BAT_01,38.69,385.5,53.11,37.87,0.3567,92.0,0,0
2026-01-02 15:01:00,EV_BAT_01,37.87,383.42,53.89,38.55,0.3623,91.65,0,0
2026-01-02 15:02:00,EV_BAT_01,38.13,385.87,44.01,37.56,0.3433,91.37,0,0
2026-01-02 15:03:00,EV_BAT_01,36.63,385.36,47.58,34.98,0.2902,91.5,0,0
2026-01-02 15:04:00,EV_BAT_01,39.4,385.92,49.52,37.53,0.3533,91.53,0,0
2026-01-02 15:05:00,EV_BAT_01,35.82,388.71,52.56,36.52,0.3382,91.42,0,0
2026-01-02 15:06:00,EV_BAT_01,39.91,386.43,49.02,39.76,0.3155,91.76,0,0
2026-01-02 15:07:00,EV_BAT_01,39.37,384.73,46.95,37.52,0.2662,91.74,0,0
2026-01-02 15:08:00,EV_BAT_01,39.75,384.93,48.09,36.65,0.339,91.39,0,0
2026-01-02 15:09:00,EV_BAT_01,38.24,387.33,47.73,36.3,0.2988,91.72,0,0
2026-01-02 15:10:00,EV_BAT_01,46.13,388.64,40.93,35.24,0.3208,91.86,0,0
2026-01-02 15:11:00,EV_BAT_01,42.33,386.85,45.01,36.24,0.3123,91.92,0,0
2026-01-02 15:12:00,EV_BAT_01,36.57,387.62,49.65,35.21,0.3476,92.09,0,0
2026-01-02 15:13:00,EV_BAT_01,39.8,387.51,42.56,38.47,0.3047,91.41,0,0
2026-01-02 15:14:00,EV_BAT_01,37.93,389.0,43.47,36.01,0.3061,92.08,0,0
2026-01-02 15:15:00,EV_BAT_01,37.02,382.97,41.53,47.57,0.7974,91.5,1,0
2026-01-02 15:16:00,EV_BAT_01,36.28,387.71,32.79,35.16,0.2876,91.45,0,0
2026-01-02 15:17:00,EV_BAT_01,40.17,388.3,41.66,35.95,0.3233,91.61,0,0
2026-01-02 15:18:00,EV_BAT_01,37.71,384.15,42.31,36.75,0.297,91.44,0,0
2026-01-02 15:19:00,EV_BAT_01,41.32,384.98,38.57,36.29,0.2759,91.62,0,0
2026-01-02 15:20:00,EV_BAT_01,41.37,385.07,35.51,36.48,0.3001,91.3,0,0
2026-01-02 15:21:00,EV_BAT_01,42.2,385.3,36.11,37.26,0.3166,91.49,0,0
2026-01-02 15:22:00,EV_BAT_01,37.3,385.76,42.19,35.33,0.3324,91.76,0,0
2026-01-02 15:23:00,EV_BAT_01,40.21,387.08,46.52,36.51,0.3348,91.52,0,0
2026-01-02 15:24:00,EV_BAT_01,40.56,388.21,43.65,36.98,0.2901,91.55,0,0
2026-01-02 15:25:00,EV_BAT_01,38.12,388.61,32.23,38.17,0.2723,91.6,0,0
2026-01-02 15:26:00,EV_BAT_01,37.47,385.16,40.51,34.64,0.2887,91.72,0,0
2026-01-02 15:27:00,EV_BAT_01,42.71,385.15,33.92,36.78,0.2669,91.21,0,0
2026-01-02 15:28:00,EV_BAT_01,39.68,389.04,33.72,35.91,0.2908,91.61,0,0
2026-01-02 15:29:00,EV_BAT_01,40.58,387.83,33.68,37.24,0.2876,91.45,0,0
2026-01-02 15:30:00,EV_BAT_01,37.38,386.81,37.82,37.3,0.3144,91.52,0,0
2026-01-02 15:31:00,EV_BAT_01,36.52,387.5,38.31,37.13,0.2412,91.68,0,0
2026-01-02 15:32:00,EV_BAT_01,37.96,386.59,33.56,36.45,0.2782,91.27,0,0
2026-01-02 15:33:00,EV_BAT_01,38.96,387.58,33.11,35.64,0.2787,91.3,0,0
2026-01-02 15:34:00,EV_BAT_01,36.91,386.01,34.77,37.42,0.327,91.13,0,0
2026-01-02 15:35:00,EV_BAT_01,39.25,387.08,34.67,36.89,0.2699,91.37,0,0
2026-01-02 15:36:00,EV_BAT_01,35.57,383.86,36.59,37.12,0.3041,91.71,0,0
2026-01-02 15:37:00,EV_BAT_01,36.85,385.32,26.23,38.34,0.2959,91.44,0,0
2026-01-02 15:38:00,EV_BAT_01,40.81,385.32,30.95,37.09,0.3259,91.22,0,0
2026-01-02 15:39:00,EV_BAT_01,40.69,385.83,26.09,37.17,0.3156,91.37,0,0
2026-01-02 15:40:00,EV_BAT_01,38.53,384.81,29.67,37.1,,91.18,0,0
2026-01-02 15:41:00,EV_BAT_01,37.18,385.49,28.48,35.86,0.2889,91.24,0,0
2026-01-02 15:42:00,EV_BAT_01,37.19,383.69,28.71,37.09,0.2575,91.51,0,0
2026-01-02 15:43:00,EV_BAT_01,38.66,387.36,25.23,36.39,0.3112,91.23,0,0
2026-01-02 15:44:00,EV_BAT_01,40.93,386.19,22.01,35.54,0.3196,91.63,0,0
2026-01-02 15:45:00,EV_BAT_01,41.59,383.23,19.12,37.54,0.2683,91.41,0,0
2026-01-02 15:46:00,EV_BAT_01,38.5,384.75,26.53,35.32,0.2782,91.44,0,0
2026-01-02 15:47:00,EV_BAT_01,37.09,386.81,24.89,35.4,0.3168,91.37,0,0
2026-01-02 15:48:00,EV_BAT_01,40.26,385.18,23.48,35.54,0.3205,91.55,0,0
2026-01-02 15:49:00,EV_BAT_01,37.9,384.86,31.06,38.81,0.2889,91.55,0,0
2026-01-02 15:50:00,EV_BAT_01,38.62,385.92,21.92,45.21,0.7464,91.47,1,0
2026-01-02 15:51:00,EV_BAT_01,42.72,386.62,,37.19,0.2711,91.5,0,0
2026-01-02 15:52:00,EV_BAT_01,41.68,383.36,31.08,35.65,0.3532,91.36,0,0
2026-01-02 15:53:00,EV_BAT_01,40.26,386.88,16.41,35.96,0.288,91.49,0,0
2026-01-02 15:54:00,EV_BAT_01,37.16,384.38,24.22,35.0,0.3359,91.33,0,0
2026-01-02 15:55:00,EV_BAT_01,40.48,385.73,21.91,35.22,0.3233,91.38,0,0
2026-01-02 15:56:00,EV_BAT_01,42.41,385.63,11.53,34.62,0.3582,91.33,0,0
2026-01-02 15:57:00,EV_BAT_01,39.3,384.68,17.09,35.48,0.3081,91.29,0,0
2026-01-02 15:58:00,EV_BAT_01,43.16,383.71,25.66,35.57,0.3313,91.24,0,0
2026-01-02 15:59:00,EV_BAT_01,43.09,384.97,30.36,36.17,0.2892,91.45,0,0
2026-01-02 16:00:00,EV_BAT_01,43.97,388.33,25.62,35.59,0.2851,91.6,0,0
2026-01-02 16:01:00,EV_BAT_01,41.04,382.88,23.05,37.05,0.3504,91.57,0,0
2026-01-02 16:02:00,EV_BAT_01,41.73,388.3,21.43,35.88,0.2928,91.12,0,0
2026-01-02 16:03:00,EV_BAT_01,43.61,384.7,28.03,37.19,0.3336,91.58,0,0
2026-01-02 16:04:00,EV_BAT_01,41.56,385.15,29.69,37.88,0.3665,91.28,0,0
2026-01-02 16:05:00,EV_BAT_01,39.54,383.05,18.56,35.04,0.3617,91.45,0,0
2026-01-02 16:06:00,EV_BAT_01,39.73,383.53,12.73,33.21,0.3283,91.17,0,0
2026-01-02 16:07:00,EV_BAT_01,41.31,383.92,12.19,35.06,0.307,91.35,0,0
2026-01-02 16:08:00,EV_BAT_01,38.02,382.85,25.73,36.39,0.3612,91.38,0,0
2026-01-02 16:09:00,EV_BAT_01,40.62,384.27,20.14,37.8,0.3838,91.05,0,0
2026-01-02 16:10:00,EV_BAT_01,43.43,383.82,20.96,35.28,0.3353,91.42,0,0
2026-01-02 16:11:00,EV_BAT_01,36.27,387.78,12.98,36.48,0.3335,91.55,0,0
2026-01-02 16:12:00,EV_BAT_01,44.55,382.25,17.07,34.46,0.342,91.27,0,0
2026-01-02 16:13:00,EV_BAT_01,43.72,384.44,18.85,36.84,0.371,91.55,0,0
2026-01-02 16:14:00,EV_BAT_01,40.33,384.6,20.84,37.34,0.3889,91.26,0,0
2026-01-02 16:15:00,EV_BAT_01,42.62,382.12,18.41,33.81,0.3286,91.45,0,0
2026-01-02 16:16:00,EV_BAT_01,41.52,385.18,15.86,35.47,0.3234,90.89,0,0
2026-01-02 16:17:00,EV_BAT_01,44.3,383.12,16.9,37.99,0.4207,91.72,0,0
2026-01-02 16:18:00,EV_BAT_01,43.85,379.24,24.92,36.4,0.3589,91.55,0,0
2026-01-02 16:19:00,EV_BAT_01,38.69,384.8,21.13,35.62,0.3708,91.22,0,0
2026-01-02 16:20:00,EV_BAT_01,43.16,381.49,22.68,35.92,0.3482,90.92,0,0
2026-01-02 16:21:00,EV_BAT_01,41.51,381.5,16.73,35.25,0.3787,91.32,0,0
2026-01-02 16:22:00,EV_BAT_01,42.23,384.51,8.63,34.92,0.3913,91.0,0,0
2026-01-02 16:23:00,EV_BAT_01,40.54,382.53,18.49,35.57,0.3756,91.34,0,0
2026-01-02 16:24:00,EV_BAT_01,46.09,384.69,17.27,36.94,0.4123,91.33,0,0
2026-01-02 16:25:00,EV_BAT_01,44.63,385.1,22.3,35.81,0.3612,91.08,0,0
2026-01-02 16:26:00,EV_BAT_01,40.81,381.64,34.24,35.6,0.3633,91.44,0,0
2026-01-02 16:27:00,EV_BAT_01,39.6,384.1,24.08,35.57,0.3761,91.38,0,0
2026-01-02 16:28:00,EV_BAT_01,41.79,381.19,32.46,36.5,0.3823,91.41,0,0
2026-01-02 16:29:00,EV_BAT_01,43.7,386.45,24.03,35.85,0.3766,91.23,0,0
2026-01-02 16:30:00,EV_BAT_01,43.38,381.05,19.49,35.5,0.3389,90.97,0,0
2026-01-02 16:31:00,EV_BAT_01,45.71,384.02,23.67,36.58,0.3788,91.4,0,0
2026-01-02 16:32:00,EV_BAT_01,44.79,383.56,29.69,35.32,0.3616,91.17,0,0
2026-01-02 16:33:00,EV_BAT_01,45.3,382.48,30.18,37.0,0.3563,90.96,0,0
2026-01-02 16:34:00,EV_BAT_01,43.99,380.58,20.88,35.98,0.3714,91.45,0,0
2026-01-02 16:35:00,EV_BAT_01,40.32,381.38,24.52,37.24,0.3462,91.58,0,0
2026-01-02 16:36:00,EV_BAT_01,43.06,377.64,18.14,35.66,0.3414,91.19,0,0
2026-01-02 16:37:00,EV_BAT_01,45.93,381.79,27.51,38.5,0.3038,91.58,0,0
2026-01-02 16:38:00,EV_BAT_01,43.6,381.88,30.79,35.17,0.4123,91.21,0,0
2026-01-02 16:39:00,EV_BAT_01,44.93,381.35,25.12,36.63,0.3818,91.12,0,0
2026-01-02 16:40:00,EV_BAT_01,43.24,375.62,22.69,34.41,0.3642,91.07,0,0
2026-01-02 16:41:00,EV_BAT_01,41.79,378.56,27.21,36.43,0.3496,91.47,0,0
2026-01-02 16:42:00,EV_BAT_01,43.9,379.35,27.85,34.88,0.2934,91.03,0,0
2026-01-02 16:43:00,EV_BAT_01,44.97,381.09,26.94,35.92,0.346,91.3,0,0
2026-01-02 16:44:00,EV_BAT_01,42.96,380.94,27.77,35.96,0.381,91.06,0,0
2026-01-02 16:45:00,EV_BAT_01,44.0,379.97,26.8,35.27,0.3855,91.07,0,0
2026-01-02 16:46:00,EV_BAT_01,42.57,381.28,31.94,35.58,0.3768,91.34,0,0
2026-01-02 16:47:00,EV_BAT_01,47.22,378.15,31.37,36.69,0.3633,91.08,0,0
2026-01-02 16:48:00,EV_BAT_01,44.23,380.95,24.97,35.03,0.3906,91.07,0,0
2026-01-02 16:49:00,EV_BAT_01,48.2,380.57,25.34,36.97,0.3484,91.34,0,0
2026-01-02 16:50:00,EV_BAT_01,48.49,380.25,28.85,35.5,0.3822,91.42,0,0
2026-01-02 16:51:00,EV_BAT_01,45.07,379.1,33.31,33.79,0.344,91.25,0,0
2026-01-02 16:52:00,EV_BAT_01,43.15,382.58,31.46,36.65,0.33,91.01,0,0
2026-01-02 16:53:00,EV_BAT_01,40.9,380.02,28.8,35.17,0.3252,91.03,0,0
2026-01-02 16:54:00,EV_BAT_01,42.38,377.25,32.93,34.9,0.3221,91.13,0,0
2026-01-02 16:55:00,EV_BAT_01,42.72,379.29,31.07,36.01,0.3635,91.17,0,0
2026-01-02 16:56:00,EV_BAT_01,48.9,380.06,36.43,37.75,0.3268,90.93,0,0
2026-01-02 16:57:00,EV_BAT_01,46.25,377.5,34.76,36.6,0.3178,91.23,0,0
2026-01-02 16:58:00,EV_BAT_01,46.98,380.37,32.69,35.01,0.3597,91.11,0,0
2026-01-02 16:59:00,EV_BAT_01,41.36,378.95,35.4,36.42,0.3484,90.79,0,0
2026-01-02 17:00:00,EV_BAT_01,43.74,373.9,40.26,35.53,0.3625,90.92,0,0
2026-01-02 17:01:00,EV_BAT_01,48.46,378.51,33.24,35.14,0.3495,90.99,0,0
2026-01-02 17:02:00,EV_BAT_01,47.26,377.1,37.66,33.6,0.3161,91.07,0,0
2026-01-02 17:03:00,EV_BAT_01,46.44,378.65,36.29,35.75,0.3351,91.42,0,0
2026-01-02 17:04:00,EV_BAT_01,48.13,379.24,38.8,36.07,0.3346,91.11,0,0
2026-01-02 17:05:00,EV_BAT_01,50.62,377.74,34.99,36.42,0.3068,90.92,0,0
2026-01-02 17:06:00,EV_BAT_01,46.67,380.25,38.56,36.71,0.3004,91.1,0,0
2026-01-02 17:07:00,EV_BAT_01,47.43,376.78,43.06,37.07,0.3094,91.0,0,0
2026-01-02 17:08:00,EV_BAT_01,47.84,378.08,35.39,35.68,0.3757,91.11,0,0
2026-01-02 17:09:00,EV_BAT_01,52.81,378.26,34.32,35.14,0.3129,91.15,0,0
2026-01-02 17:10:00,EV_BAT_01,43.06,376.5,34.96,37.61,0.3525,91.26,0,0
2026-01-02 17:11:00,EV_BAT_01,49.31,377.93,35.94,37.46,0.3085,91.04,0,0
2026-01-02 17:12:00,EV_BAT_01,47.69,375.31,43.48,36.0,0.341,91.33,0,0
2026-01-02 17:13:00,EV_BAT_01,49.32,375.48,35.95,36.66,0.34,91.19,0,0
2026-01-02 17:14:00,EV_BAT_01,46.76,373.74,40.85,35.83,0.3399,90.9,0,0
2026-01-02 17:15:00,EV_BAT_01,48.23,376.39,44.97,37.05,0.3245,91.42,0,0
2026-01-02 17:16:00,EV_BAT_01,50.03,376.4,44.62,37.0,0.3481,91.08,0,0
2026-01-02 17:17:00,EV_BAT_01,55.45,377.8,41.85,37.15,0.322,90.86,0,0
2026-01-02 17:18:00,EV_BAT_01,50.51,376.96,44.58,36.64,0.3544,91.31,0,0
2026-01-02 17:19:00,EV_BAT_01,47.0,374.89,44.66,35.86,0.2701,91.38,0,0
2026-01-02 17:20:00,EV_BAT_01,48.07,373.14,43.74,35.36,0.3184,90.99,0,0
2026-01-02 17:21:00,EV_BAT_01,48.14,375.91,44.19,36.15,0.316,90.9,0,0
2026-01-02 17:22:00,EV_BAT_01,45.32,376.99,54.36,36.99,0.2848,90.96,0,0
2026-01-02 17:23:00,EV_BAT_01,48.67,376.22,49.03,36.01,0.3221,91.12,0,0
2026-01-02 17:24:00,EV_BAT_01,51.14,376.67,56.07,34.46,0.2698,91.21,0,0
2026-01-02 17:25:00,EV_BAT_01,46.86,374.21,44.5,34.93,0.2902,91.08,0,0
2026-01-02 17:26:00,EV_BAT_01,52.1,373.62,46.48,36.55,0.2563,90.99,0,0
2026-01-02 17:27:00,EV_BAT_01,51.0,373.0,41.81,35.59,0.345,91.24,0,0
2026-01-02 17:28:00,EV_BAT_01,48.45,374.1,44.2,35.98,0.3,90.91,0,0
2026-01-02 17:29:00,EV_BAT_01,49.88,373.93,55.33,37.89,0.3599,91.15,0,0
2026-01-02 17:30:00,EV_BAT_01,53.84,374.31,45.9,34.61,0.3259,90.9,0,0
2026-01-02 17:31:00,EV_BAT_01,52.07,373.58,55.92,35.78,0.3171,91.03,0,0
2026-01-02 17:32:00,EV_BAT_01,50.61,373.45,43.51,35.42,0.2915,90.93,0,0
2026-01-02 17:33:00,EV_BAT_01,50.19,372.17,44.49,35.06,0.2803,90.93,0,0
2026-01-02 17:34:00,EV_BAT_01,51.02,375.14,47.54,36.86,0.32,90.87,0,0
2026-01-02 17:35:00,EV_BAT_01,49.85,373.46,48.84,36.91,0.3056,91.17,0,0
2026-01-02 17:36:00,EV_BAT_01,46.48,372.89,52.96,35.16,0.2745,90.8,0,0
2026-01-02 17:37:00,EV_BAT_01,55.73,371.74,51.22,35.18,0.2708,90.79,0,0
2026-01-02 17:38:00,EV_BAT_01,51.71,370.57,47.89,36.64,0.2855,91.3,0,0
2026-01-02 17:39:00,EV_BAT_01,52.37,375.21,49.14,35.35,0.3559,91.09,0,0
2026-01-02 17:40:00,EV_BAT_01,51.5,373.74,48.5,48.71,0.8782,90.48,1,0
2026-01-02 17:41:00,EV_BAT_01,50.13,369.7,46.2,36.2,0.3175,90.8,0,0
2026-01-02 17:42:00,EV_BAT_01,51.47,373.89,46.37,37.3,0.3172,90.57,0,0
2026-01-02 17:43:00,EV_BAT_01,48.49,374.07,54.07,,0.3062,90.73,0,0
2026-01-02 17:44:00,EV_BAT_01,57.14,372.52,42.68,33.3,0.2925,90.33,0,0
2026-01-02 17:45:00,EV_BAT_01,49.54,375.07,56.47,36.65,0.3516,90.86,0,0
2026-01-02 17:46:00,EV_BAT_01,50.11,372.48,48.62,37.06,0.3655,90.68,0,0
2026-01-02 17:47:00,EV_BAT_01,51.54,369.44,46.87,36.69,0.2978,90.89,0,0
2026-01-02 17:48:00,EV_BAT_01,55.47,372.54,52.88,36.02,0.3196,90.58,0,0
2026-01-02 17:49:00,EV_BAT_01,52.79,372.23,55.79,36.25,0.312,90.88,0,0
2026-01-02 17:50:00,EV_BAT_01,50.16,370.61,54.24,36.78,0.3144,90.79,0,0
2026-01-02 17:51:00,EV_BAT_01,55.76,372.63,51.68,,0.3562,91.13,0,0
2026-01-02 17:52:00,EV_BAT_01,54.73,368.5,53.9,36.44,0.2955,91.11,0,0
2026-01-02 17:53:00,EV_BAT_01,54.43,373.2,42.55,34.78,0.3418,90.99,0,0
2026-01-02 17:54:00,EV_BAT_01,54.94,369.74,47.18,36.63,0.3501,90.79,0,0
2026-01-02 17:55:00,EV_BAT_01,58.75,369.46,45.45,37.77,0.3302,91.2,0,0
2026-01-02 17:56:00,EV_BAT_01,58.4,370.95,53.81,36.54,0.3579,90.56,0,0
2026-01-02 17:57:00,EV_BAT_01,52.2,371.85,47.17,34.99,0.3412,90.58,0,0
2026-01-02 17:58:00,EV_BAT_01,57.4,371.28,51.86,35.0,0.3698,90.81,0,0
2026-01-02 17:59:00,EV_BAT_01,54.79,369.57,50.39,35.18,0.3032,91.23,0,0
2026-01-02 18:00:00,EV_BAT_01,55.16,369.92,44.54,34.99,0.3345,90.78,0,0
2026-01-02 18:01:00,EV_BAT_01,50.45,368.72,45.37,35.57,0.3433,90.78,0,0
2026-01-02 18:02:00,EV_BAT_01,53.91,370.28,52.61,35.37,0.2802,90.55,0,0
2026-01-02 18:03:00,EV_BAT_01,52.61,372.55,44.03,35.75,0.3218,90.98,0,0
2026-01-02 18:04:00,EV_BAT_01,56.33,370.54,47.32,34.81,0.3305,90.97,0,0
2026-01-02 18:05:00,EV_BAT_01,56.98,372.03,43.36,35.61,0.3764,90.94,0,0
2026-01-02 18:06:00,EV_BAT_01,50.16,373.04,44.89,36.02,0.3368,90.68,0,0
2026-01-02 18:07:00,EV_BAT_01,54.79,369.3,45.61,35.16,0.3359,90.66,0,0
2026-01-02 18:08:00,EV_BAT_01,57.41,369.96,42.29,35.43,0.3785,90.55,0,0
2026-01-02 18:09:00,EV_BAT_01,54.64,374.15,41.2,35.91,0.3194,90.79,0,0
2026-01-02 18:10:00,EV_BAT_01,56.76,372.78,45.79,35.73,0.3097,90.58,0,0
2026-01-02 18:11:00,EV_BAT_01,56.03,367.12,40.86,33.87,0.3541,90.56,0,0
2026-01-02 18:12:00,EV_BAT_01,56.11,370.78,40.57,36.9,0.3285,90.69,0,0
2026-01-02 18:13:00,EV_BAT_01,54.86,370.03,39.63,34.74,0.331,90.67,0,0
2026-01-02 18:14:00,EV_BAT_01,52.88,371.47,42.64,35.02,0.3821,90.66,0,0
2026-01-02 18:15:00,EV_BAT_01,53.19,368.6,46.27,36.56,0.391,90.84,0,0
2026-01-02 18:16:00,EV_BAT_01,57.32,368.39,48.07,35.93,0.3902,90.76,0,0
2026-01-02 18:17:00,EV_BAT_01,55.9,368.65,38.67,35.66,0.3995,90.69,0,0
2026-01-02 18:18:00,EV_BAT_01,55.64,368.8,49.7,35.79,0.404,90.77,0,0
2026-01-02 18:19:00,EV_BAT_01,55.11,371.26,36.6,34.66,0.3209,90.56,0,0
2026-01-02 18:20:00,EV_BAT_01,55.46,367.64,44.46,36.76,0.3864,90.75,0,0
2026-01-02 18:21:00,EV_BAT_01,58.53,368.61,36.75,35.53,0.3628,90.75,0,0
2026-01-02 18:22:00,EV_BAT_01,55.58,366.49,35.65,34.99,0.3582,90.45,0,0
2026-01-02 18:23:00,EV_BAT_01,53.45,371.49,35.65,34.21,0.3917,90.9,0,0
2026-01-02 18:24:00,EV_BAT_01,58.13,371.95,37.91,34.31,0.3351,90.55,0,0
2026-01-02 18:25:00,EV_BAT_01,56.13,369.05,39.92,35.62,0.3352,90.72,0,0
2026-01-02 18:26:00,EV_BAT_01,56.73,369.09,39.77,33.61,0.3954,90.91,0,0
2026-01-02 18:27:00,EV_BAT_01,60.28,370.42,32.79,35.04,0.3921,90.87,0,0
2026-01-02 18:28:00,EV_BAT_01,56.78,372.25,32.09,35.26,0.3837,90.7,0,0
2026-01-02 18:29:00,EV_BAT_01,57.54,370.32,31.86,34.38,0.3585,90.62,0,0
2026-01-02 18:30:00,EV_BAT_01,54.39,368.32,34.55,36.43,0.3992,90.86,0,0
2026-01-02 18:31:00,EV_BAT_01,56.58,366.66,33.64,35.84,0.3976,90.8,0,0
2026-01-02 18:32:00,EV_BAT_01,58.48,367.57,30.15,35.59,0.3827,90.56,0,0
2026-01-02 18:33:00,EV_BAT_01,53.79,369.7,34.51,34.77,0.351,90.53,0,0
2026-01-02 18:34:00,EV_BAT_01,57.73,368.4,41.96,34.57,0.3695,90.29,0,0
2026-01-02 18:35:00,EV_BAT_01,57.58,369.93,30.38,35.12,0.4008,90.69,0,0
2026-01-02 18:36:00,EV_BAT_01,57.52,368.59,30.15,35.77,0.4125,90.64,0,0
2026-01-02 18:37:00,EV_BAT_01,59.78,367.69,33.61,36.34,0.3707,90.86,0,0
2026-01-02 18:38:00,EV_BAT_01,58.3,367.49,28.63,34.34,0.372,90.71,0,0
2026-01-02 18:39:00,EV_BAT_01,60.88,372.44,33.04,34.99,0.3735,90.88,0,0
2026-01-02 18:40:00,EV_BAT_01,55.51,371.24,27.0,35.48,0.3836,90.51,0,0
2026-01-02 18:41:00,EV_BAT_01,58.05,372.78,36.71,35.26,0.3613,90.84,0,0
2026-01-02 18:42:00,EV_BAT_01,58.0,370.65,30.28,33.26,0.3025,90.54,0,0
2026-01-02 18:43:00,EV_BAT_01,55.52,368.93,25.94,33.98,0.4037,90.77,0,0
2026-01-02 18:44:00,EV_BAT_01,60.03,372.12,25.6,33.58,0.4176,90.36,0,0
2026-01-02 18:45:00,EV_BAT_01,63.1,369.7,25.44,34.12,0.3562,90.66,0,0
2026-01-02 18:46:00,EV_BAT_01,58.0,370.19,32.54,34.31,0.3436,90.26,0,0
2026-01-02 18:47:00,EV_BAT_01,59.2,369.75,21.54,32.73,0.3656,90.56,0,0
2026-01-02 18:48:00,EV_BAT_01,58.33,364.56,23.51,34.95,0.3629,90.68,0,0
2026-01-02 18:49:00,EV_BAT_01,56.62,372.79,23.52,33.16,0.3911,90.51,0,0
2026-01-02 18:50:00,EV_BAT_01,54.23,370.83,25.3,33.04,0.3661,90.41,0,0
2026-01-02 18:51:00,EV_BAT_01,56.73,370.58,23.88,34.97,0.3434,90.74,0,0
2026-01-02 18:52:00,EV_BAT_01,55.26,369.92,18.62,35.0,0.3286,90.57,0,0
2026-01-02 18:53:00,EV_BAT_01,62.12,370.37,22.61,32.96,0.3816,90.49,0,0
2026-01-02 18:54:00,EV_BAT_01,58.16,369.05,23.45,35.13,0.3733,90.58,0,0
2026-01-02 18:55:00,EV_BAT_01,57.69,371.29,21.0,32.11,0.3832,91.05,0,0
2026-01-02 18:56:00,EV_BAT_01,60.44,367.88,25.93,35.38,0.3308,90.78,0,0
2026-01-02 18:57:00,EV_BAT_01,56.05,370.62,26.54,,0.3992,90.77,0,0
2026-01-02 18:58:00,EV_BAT_01,56.86,371.36,22.25,33.07,0.3079,90.64,0,0
2026-01-02 18:59:00,EV_BAT_01,58.73,370.05,23.2,34.8,0.3675,90.58,0,0
2026-01-02 19:00:00,EV_BAT_01,60.88,371.14,13.37,34.51,0.3003,90.12,0,0
2026-01-02 19:01:00,EV_BAT_01,59.74,368.75,20.07,33.42,0.3265,90.42,0,0
2026-01-02 19:02:00,EV_BAT_01,59.21,368.87,25.54,32.14,0.3835,90.45,0,0
2026-01-02 19:03:00,EV_BAT_01,58.86,371.1,19.6,36.58,0.3635,90.2,0,0
2026-01-02 19:04:00,EV_BAT_01,59.59,371.97,18.14,34.09,0.3274,90.32,0,0
2026-01-02 19:05:00,EV_BAT_01,59.18,367.44,30.02,34.49,0.3264,90.17,0,0
2026-01-02 19:06:00,EV_BAT_01,56.49,371.83,28.01,33.38,0.3402,90.52,0,0
2026-01-02 19:07:00,EV_BAT_01,58.87,369.99,22.45,34.34,0.3489,90.67,0,0
2026-01-02 19:08:00,EV_BAT_01,56.42,370.7,25.0,34.79,0.3657,90.71,0,0
2026-01-02 19:09:00,EV_BAT_01,58.97,368.72,11.42,32.36,0.3214,90.58,0,0
2026-01-02 19:10:00,EV_BAT_01,57.75,369.68,17.08,33.07,0.291,90.33,0,0
2026-01-02 19:11:00,EV_BAT_01,64.4,373.04,18.27,32.35,0.3337,90.15,0,0
2026-01-02 19:12:00,EV_BAT_01,58.74,371.44,19.14,33.69,0.317,90.18,0,0
2026-01-02 19:13:00,EV_BAT_01,55.74,370.78,18.08,32.76,0.2945,90.26,0,0
2026-01-02 19:14:00,EV_BAT_01,58.54,371.35,9.81,34.12,0.3331,90.33,0,0
2026-01-02 19:15:00,EV_BAT_01,59.98,372.53,21.54,33.09,0.3191,90.45,0,0
2026-01-02 19:16:00,EV_BAT_01,62.52,372.54,22.18,33.18,0.3309,90.3,0,0
2026-01-02 19:17:00,EV_BAT_01,57.54,371.71,26.44,33.88,0.2998,90.53,0,0
2026-01-02 19:18:00,EV_BAT_01,55.35,373.91,16.93,32.3,0.3333,90.43,0,0
2026-01-02 19:19:00,EV_BAT_01,60.62,373.78,16.67,34.02,0.2872,90.47,0,0
2026-01-02 19:20:00,EV_BAT_01,55.78,372.88,9.51,34.99,0.2986,90.67,0,0
2026-01-02 19:21:00,EV_BAT_01,57.85,372.34,19.15,33.86,0.3124,90.24,0,0
2026-01-02 19:22:00,EV_BAT_01,58.23,373.53,24.05,33.82,0.3613,90.53,0,0
2026-01-02 19:23:00,EV_BAT_01,58.63,373.01,18.13,33.93,0.3368,90.44,0,0
2026-01-02 19:24:00,EV_BAT_01,60.28,374.46,29.31,32.36,0.3436,90.38,0,0
2026-01-02 19:25:00,EV_BAT_01,57.25,374.28,19.88,34.44,0.3516,90.6,0,0
2026-01-02 19:26:00,EV_BAT_01,58.13,370.94,21.68,33.21,0.4059,90.59,0,0
2026-01-02 19:27:00,EV_BAT_01,58.68,370.93,15.84,34.4,0.3166,90.26,0,0
2026-01-02 19:28:00,EV_BAT_01,59.02,371.73,22.67,34.18,0.3509,90.39,0,0
2026-01-02 19:29:00,EV_BAT_01,58.88,374.86,13.84,31.93,0.3407,90.47,0,0
2026-01-02 19:30:00,EV_BAT_01,59.6,370.38,24.78,33.8,0.3403,90.37,0,0
2026-01-02 19:31:00,EV_BAT_01,60.46,374.05,25.18,35.29,0.3599,90.52,0,0
2026-01-02 19:32:00,EV_BAT_01,59.44,374.1,28.0,34.41,0.3053,90.46,0,0
2026-01-02 19:33:00,EV_BAT_01,59.54,375.66,18.78,33.76,0.3036,90.73,0,0
2026-01-02 19:34:00,EV_BAT_01,55.03,374.01,23.82,33.52,0.3245,90.12,0,0
2026-01-02 19:35:00,EV_BAT_01,58.59,371.39,25.76,33.69,0.3124,90.37,0,0
2026-01-02 19:36:00,EV_BAT_01,59.49,372.2,25.62,34.39,0.3256,90.22,0,0
2026-01-02 19:37:00,EV_BAT_01,60.0,371.92,20.75,34.51,0.3574,90.49,0,0
2026-01-02 19:38:00,EV_BAT_01,56.83,373.21,15.01,32.86,0.3071,90.09,0,0
2026-01-02 19:39:00,EV_BAT_01,56.86,373.97,26.35,34.09,0.3123,90.44,0,0
2026-01-02 19:40:00,EV_BAT_01,57.0,372.33,24.75,34.63,0.3252,90.26,0,0
2026-01-02 19:41:00,EV_BAT_01,59.4,377.2,23.5,35.56,0.3162,90.23,0,0
2026-01-02 19:42:00,EV_BAT_01,60.45,372.29,29.24,33.43,0.2752,90.1,0,0
2026-01-02 19:43:00,EV_BAT_01,57.22,377.23,26.43,35.23,0.3097,90.27,0,0
2026-01-02 19:44:00,EV_BAT_01,60.07,377.06,21.77,32.76,0.3427,90.55,0,0
2026-01-02 19:45:00,EV_BAT_01,58.28,376.68,19.77,34.79,0.3628,90.34,0,0
2026-01-02 19:46:00,EV_BAT_01,57.68,373.94,23.44,33.04,0.2994,90.46,0,0
2026-01-02 19:47:00,EV_BAT_01,57.43,375.93,38.0,33.08,0.3008,90.64,0,0
2026-01-02 19:48:00,EV_BAT_01,59.48,373.15,31.79,33.84,0.332,90.38,0,0
2026-01-02 19:49:00,EV_BAT_01,58.49,377.22,30.14,33.35,0.281,90.23,0,0
2026-01-02 19:50:00,EV_BAT_01,62.72,375.58,29.14,33.03,0.3234,90.41,0,0
2026-01-02 19:51:00,EV_BAT_01,55.77,375.11,29.38,36.21,0.2928,90.22,0,0
2026-01-02 19:52:00,EV_BAT_01,58.72,373.77,35.53,32.82,0.3722,90.23,0,0
2026-01-02 19:53:00,EV_BAT_01,56.35,371.65,29.41,35.4,0.3205,90.04,0,0
2026-01-02 19:54:00,EV_BAT_01,55.53,374.37,34.19,33.76,0.3828,90.47,0,0
2026-01-02 19:55:00,EV_BAT_01,57.34,378.38,31.0,33.21,0.3712,90.23,0,0
2026-01-02 19:56:00,EV_BAT_01,57.6,375.78,40.67,33.45,0.329,90.33,0,0
2026-01-02 19:57:00,EV_BAT_01,63.64,376.33,36.4,33.25,0.3203,90.11,0,0
2026-01-02 19:58:00,EV_BAT_01,56.73,377.95,38.94,34.74,0.3441,90.37,0,0
2026-01-02 19:59:00,EV_BAT_01,54.57,380.16,32.14,34.05,0.3483,90.15,0,0
2026-01-02 20:00:00,EV_BAT_01,57.58,379.43,39.23,34.16,0.3615,90.25,0,0
2026-01-02 20:01:00,EV_BAT_01,52.33,375.42,34.27,35.49,0.3353,90.43,0,0
2026-01-02 20:02:00,EV_BAT_01,56.61,373.81,36.49,34.32,0.3753,90.41,0,0
2026-01-02 20:03:00,EV_BAT_01,56.76,381.69,43.11,34.15,0.3651,90.26,0,0
2026-01-02 20:04:00,EV_BAT_01,58.38,381.66,32.92,34.33,0.3519,89.94,0,0
2026-01-02 20:05:00,EV_BAT_01,58.69,378.05,38.42,32.98,0.3445,90.8,0,0
2026-01-02 20:06:00,EV_BAT_01,55.35,375.55,39.87,32.48,0.3595,90.57,0,0
2026-01-02 20:07:00,EV_BAT_01,56.03,379.71,40.71,32.06,0.3455,90.38,0,0
2026-01-02 20:08:00,EV_BAT_01,54.58,377.91,37.33,35.27,0.3691,90.11,0,0
2026-01-02 20:09:00,EV_BAT_01,53.69,378.03,47.98,34.68,0.3715,90.22,0,0
2026-01-02 20:10:00,EV_BAT_01,56.75,379.98,34.95,33.67,0.3776,90.14,0,0
2026-01-02 20:11:00,EV_BAT_01,53.17,379.1,46.45,34.63,0.4169,90.46,0,0
2026-01-02 20:12:00,EV_BAT_01,54.96,376.5,45.96,32.83,0.371,90.27,0,0
2026-01-02 20:13:00,EV_BAT_01,53.58,378.18,49.18,33.33,0.401,90.08,0,0
2026-01-02 20:14:00,EV_BAT_01,56.87,380.08,35.69,32.39,0.3831,90.13,0,0
2026-01-02 20:15:00,EV_BAT_01,59.52,379.94,39.02,36.5,0.3728,90.41,0,0
2026-01-02 20:16:00,EV_BAT_01,52.59,379.62,48.92,32.72,0.3771,90.5,0,0
2026-01-02 20:17:00,EV_BAT_01,51.27,380.96,35.88,31.75,0.3799,90.48,0,0
2026-01-02 20:18:00,EV_BAT_01,54.96,378.75,37.39,36.0,0.3895,90.34,0,0
2026-01-02 20:19:00,EV_BAT_01,55.15,379.85,42.28,33.53,0.3597,90.15,0,0
2026-01-02 20:20:00,EV_BAT_01,55.49,373.58,45.41,,0.3481,89.61,0,0
2026-01-02 20:21:00,EV_BAT_01,53.91,378.97,51.41,33.56,0.402,90.24,0,0
2026-01-02 20:22:00,EV_BAT_01,54.33,381.28,44.68,34.11,0.409,90.18,0,0
2026-01-02 20:23:00,EV_BAT_01,55.47,379.33,43.36,35.04,0.406,90.2,0,0
2026-01-02 20:24:00,EV_BAT_01,56.83,379.31,47.39,33.78,0.3919,90.18,0,0
2026-01-02 20:25:00,EV_BAT_01,50.12,378.4,48.37,34.3,0.4078,89.93,0,0
2026-01-02 20:26:00,EV_BAT_01,53.48,382.2,48.59,32.94,0.407,90.26,0,0
2026-01-02 20:27:00,EV_BAT_01,54.64,381.5,46.42,33.06,0.4092,90.27,0,0
2026-01-02 20:28:00,EV_BAT_01,52.03,382.11,39.62,32.02,0.3684,90.28,0,0
2026-01-02 20:29:00,EV_BAT_01,57.73,377.64,44.05,34.82,0.3626,90.32,0,0
2026-01-02 20:30:00,EV_BAT_01,52.4,380.57,53.67,33.27,0.3805,90.25,0,0
2026-01-02 20:31:00,EV_BAT_01,53.58,380.47,48.99,34.39,0.3898,90.07,0,0
2026-01-02 20:32:00,EV_BAT_01,54.76,380.58,47.19,35.53,0.3841,90.12,0,0
2026-01-02 20:33:00,EV_BAT_01,52.1,380.09,53.18,32.46,0.3431,90.15,0,0
2026-01-02 20:34:00,EV_BAT_01,49.21,380.69,44.39,32.97,0.4328,90.15,0,0
2026-01-02 20:35:00,EV_BAT_01,52.2,382.95,48.19,33.33,0.3826,90.3,0,0
2026-01-02 20:36:00,EV_BAT_01,55.27,378.08,49.82,35.03,0.3933,90.23,0,0
2026-01-02 20:37:00,EV_BAT_01,52.13,384.83,47.65,35.01,0.4195,90.49,0,0
2026-01-02 20:38:00,EV_BAT_01,50.87,382.61,49.96,33.97,0.3292,90.51,0,0
2026-01-02 20:39:00,EV_BAT_01,54.63,381.76,48.92,34.1,0.3743,90.12,0,0
2026-01-02 20:40:00,EV_BAT_01,51.73,383.57,,35.03,0.3766,89.41,0,0
2026-01-02 20:41:00,EV_BAT_01,51.19,379.43,50.58,33.64,0.377,90.32,0,0
2026-01-02 20:42:00,EV_BAT_01,52.5,380.94,44.6,33.22,0.3801,89.99,0,0
2026-01-02 20:43:00,EV_BAT_01,53.72,382.02,50.63,32.85,0.4196,89.94,0,0
2026-01-02 20:44:00,EV_BAT_01,57.12,384.79,55.49,32.16,0.3992,90.01,0,0
2026-01-02 20:45:00,EV_BAT_01,53.56,382.34,48.88,33.88,0.4051,90.0,0,0
2026-01-02 20:46:00,EV_BAT_01,54.15,383.33,45.3,35.86,0.3811,90.18,0,0
2026-01-02 20:47:00,EV_BAT_01,50.33,381.55,49.46,34.55,0.3436,89.79,0,0
2026-01-02 20:48:00,EV_BAT_01,49.04,383.57,46.59,32.57,0.3252,89.87,0,0
2026-01-02 20:49:00,EV_BAT_01,51.29,385.8,52.23,33.65,0.3375,90.12,0,0
2026-01-02 20:50:00,EV_BAT_01,51.24,384.66,49.18,32.05,0.3833,90.17,0,0
2026-01-02 20:51:00,EV_BAT_01,48.48,382.8,56.51,34.21,0.3736,90.17,0,0
2026-01-02 20:52:00,EV_BAT_01,50.31,384.25,54.21,35.19,0.3659,89.9,0,0
2026-01-02 20:53:00,EV_BAT_01,51.43,384.15,48.81,33.74,0.3604,89.87,0,0
2026-01-02 20:54:00,EV_BAT_01,51.19,384.1,52.13,35.3,0.4182,89.95,0,0
2026-01-02 20:55:00,EV_BAT_01,51.35,385.26,47.52,34.61,0.3457,90.08,0,0
2026-01-02 20:56:00,EV_BAT_01,50.72,385.32,49.04,33.36,0.3878,90.3,0,0
2026-01-02 20:57:00,EV_BAT_01,48.81,383.18,47.26,33.92,0.3629,89.65,0,0
2026-01-02 20:58:00,EV_BAT_01,48.64,384.63,51.55,34.87,0.3596,89.98,0,0
2026-01-02 20:59:00,EV_BAT_01,46.98,382.85,53.98,32.56,0.3888,89.77,0,0
2026-01-02 21:00:00,EV_BAT_01,53.38,381.95,51.18,34.32,0.3942,89.71,0,0
2026-01-02 21:01:00,EV_BAT_01,49.33,383.19,51.41,33.87,0.3499,90.18,0,0
2026-01-02 21:02:00,EV_BAT_01,48.65,383.59,51.13,33.83,0.3741,90.1,0,0
2026-01-02 21:03:00,EV_BAT_01,46.94,380.8,49.34,33.51,0.3615,90.08,0,0
2026-01-02 21:04:00,EV_BAT_01,55.28,385.39,42.26,33.7,0.3508,90.16,0,0
2026-01-02 21:05:00,EV_BAT_01,46.3,378.92,53.29,35.14,0.354,89.9,0,0
2026-01-02 21:06:00,EV_BAT_01,47.55,388.84,53.36,33.35,0.3301,89.91,0,0
2026-01-02 21:07:00,EV_BAT_01,49.25,386.71,44.85,32.99,0.338,90.37,0,0
2026-01-02 21:08:00,EV_BAT_01,49.49,383.58,43.94,31.73,0.3295,89.93,0,0
2026-01-02 21:09:00,EV_BAT_01,50.12,384.11,47.49,34.87,0.365,90.1,0,0
2026-01-02 21:10:00,EV_BAT_01,51.82,384.68,46.85,42.65,0.8609,89.97,1,0
2026-01-02 21:11:00,EV_BAT_01,48.79,383.12,43.43,34.72,0.307,89.63,0,0
2026-01-02 21:12:00,EV_BAT_01,45.19,384.56,38.82,40.16,0.7364,89.59,1,0
2026-01-02 21:13:00,EV_BAT_01,46.78,383.99,44.61,33.12,0.2566,89.85,0,0
2026-01-02 21:14:00,EV_BAT_01,47.86,384.12,45.15,33.17,0.3229,90.14,0,0
2026-01-02 21:15:00,EV_BAT_01,51.57,384.64,45.4,33.16,0.335,90.08,0,0
2026-01-02 21:16:00,EV_BAT_01,43.78,381.98,43.44,31.84,0.3295,90.1,0,0
2026-01-02 21:17:00,EV_BAT_01,49.33,384.44,40.49,32.69,0.3813,89.76,0,0
2026-01-02 21:18:00,EV_BAT_01,46.91,384.69,45.08,32.35,0.3451,90.22,0,0
2026-01-02 21:19:00,EV_BAT_01,48.19,384.65,40.88,34.83,0.343,89.75,0,0
2026-01-02 21:20:00,EV_BAT_01,45.96,384.05,38.27,33.12,0.2878,89.96,0,0
2026-01-02 21:21:00,EV_BAT_01,44.16,386.5,38.91,33.36,0.319,89.91,0,0
2026-01-02 21:22:00,EV_BAT_01,47.5,383.83,32.15,33.66,0.3152,89.88,0,0
2026-01-02 21:23:00,EV_BAT_01,47.12,384.89,37.9,32.94,0.3071,90.15,0,0
2026-01-02 21:24:00,EV_BAT_01,47.65,386.83,40.87,34.27,0.3062,89.78,0,0
2026-01-02 21:25:00,EV_BAT_01,45.31,384.36,38.96,32.52,0.2806,89.65,0,0
2026-01-02 21:26:00,EV_BAT_01,43.86,384.89,43.17,31.64,0.2935,89.9,0,0
2026-01-02 21:27:00,EV_BAT_01,41.58,384.33,35.52,31.64,0.347,89.82,0,0
2026-01-02 21:28:00,EV_BAT_01,46.64,386.73,38.0,31.78,0.3215,90.49,0,0
2026-01-02 21:29:00,EV_BAT_01,45.6,384.04,38.69,34.18,0.3123,90.0,0,0
2026-01-02 21:30:00,EV_BAT_01,42.38,386.81,44.37,31.36,0.3249,89.8,0,0
2026-01-02 21:31:00,EV_BAT_01,43.15,384.31,35.06,33.5,0.3543,89.68,0,0
2026-01-02 21:32:00,EV_BAT_01,43.14,382.94,29.78,31.83,0.3255,89.53,0,0
2026-01-02 21:33:00,EV_BAT_01,40.73,385.69,36.82,32.86,0.3392,89.68,0,0
2026-01-02 21:34:00,EV_BAT_01,42.03,383.91,40.38,31.26,0.3049,89.88,0,0
2026-01-02 21:35:00,EV_BAT_01,41.16,385.56,31.11,33.15,0.3111,90.11,0,0
2026-01-02 21:36:00,EV_BAT_01,42.58,379.51,35.25,32.41,0.336,90.05,0,0
2026-01-02 21:37:00,EV_BAT_01,41.69,384.41,36.29,32.21,0.3752,89.88,0,0
2026-01-02 21:38:00,EV_BAT_01,39.57,383.55,34.93,31.17,0.3644,89.78,0,0
2026-01-02 21:39:00,EV_BAT_01,47.43,382.43,30.87,32.82,0.3441,89.88,0,0
2026-01-02 21:40:00,EV_BAT_01,45.57,383.32,27.08,31.93,0.3343,89.74,0,0
2026-01-02 21:41:00,EV_BAT_01,40.93,383.25,29.06,33.47,0.3666,90.13,0,0
2026-01-02 21:42:00,EV_BAT_01,43.08,384.17,30.73,33.21,0.3525,89.79,0,0
2026-01-02 21:43:00,EV_BAT_01,43.23,381.76,32.06,32.15,0.2765,89.8,0,0
2026-01-02 21:44:00,EV_BAT_01,44.77,384.75,29.29,33.9,0.3088,89.41,0,0
2026-01-02 21:45:00,EV_BAT_01,40.18,386.6,25.98,33.8,0.3449,89.77,0,0
2026-01-02 21:46:00,EV_BAT_01,44.22,384.6,29.27,31.82,0.2932,89.95,0,0
2026-01-02 21:47:00,EV_BAT_01,40.44,385.5,30.05,32.56,,89.61,0,0
2026-01-02 21:48:00,EV_BAT_01,38.55,385.97,27.7,32.37,0.3234,89.66,0,0
2026-01-02 21:49:00,EV_BAT_01,42.91,386.18,22.42,32.01,,89.93,0,0
2026-01-02 21:50:00,EV_BAT_01,44.0,387.26,24.63,31.24,0.3369,89.52,0,0
2026-01-02 21:51:00,EV_BAT_01,46.69,382.94,28.75,31.99,0.3386,89.97,0,0
2026-01-02 21:52:00,EV_BAT_01,38.19,382.49,19.05,31.47,0.3682,89.68,0,0
2026-01-02 21:53:00,EV_BAT_01,42.2,385.14,15.84,32.11,0.3427,89.7,0,0
2026-01-02 21:54:00,EV_BAT_01,39.6,384.94,29.89,31.23,0.3415,89.56,0,0
2026-01-02 21:55:00,EV_BAT_01,42.07,385.0,25.55,30.56,0.3192,89.83,0,0
2026-01-02 21:56:00,EV_BAT_01,36.95,386.94,25.61,32.92,0.3804,90.2,0,0
2026-01-02 21:57:00,EV_BAT_01,37.24,383.49,18.56,29.81,0.3399,89.89,0,0
2026-01-02 21:58:00,EV_BAT_01,38.15,384.16,25.51,33.53,0.3314,89.59,0,0
2026-01-02 21:59:00,EV_BAT_01,39.87,381.56,23.38,31.95,0.3658,89.95,0,0
2026-01-02 22:00:00,EV_BAT_01,38.13,387.09,15.67,30.52,0.3432,89.68,0,0
2026-01-02 22:01:00,EV_BAT_01,40.83,382.57,27.45,31.9,0.3512,89.98,0,0
2026-01-02 22:02:00,EV_BAT_01,41.49,382.54,22.15,33.04,,89.88,0,0
2026-01-02 22:03:00,EV_BAT_01,40.39,382.39,19.71,29.82,0.36,89.2,0,0
2026-01-02 22:04:00,EV_BAT_01,42.48,381.77,19.58,31.95,0.4278,89.54,0,0
2026-01-02 22:05:00,EV_BAT_01,39.68,381.53,12.84,31.94,0.37,89.89,0,0
2026-01-02 22:06:00,EV_BAT_01,35.93,381.81,23.11,31.76,0.3891,89.74,0,0
2026-01-02 22:07:00,EV_BAT_01,41.45,380.21,21.63,30.88,0.327,89.52,0,0
2026-01-02 22:08:00,EV_BAT_01,36.97,381.16,19.67,30.89,0.3558,89.59,0,0
2026-01-02 22:09:00,EV_BAT_01,40.15,385.99,25.44,31.72,0.3518,89.36,0,0
2026-01-02 22:10:00,EV_BAT_01,41.46,383.71,14.69,33.98,0.3568,89.68,0,0
2026-01-02 22:11:00,EV_BAT_01,38.85,383.96,17.76,33.35,0.3927,90.09,0,0
2026-01-02 22:12:00,EV_BAT_01,34.41,384.31,16.68,31.85,0.4098,89.83,0,0
2026-01-02 22:13:00,EV_BAT_01,35.53,385.39,18.92,30.75,0.3941,90.08,0,0
2026-01-02 22:14:00,EV_BAT_01,40.32,378.8,20.28,30.79,0.3813,89.84,0,0
2026-01-02 22:15:00,EV_BAT_01,36.89,379.67,21.72,32.54,0.3726,89.86,0,0
2026-01-02 22:16:00,EV_BAT_01,37.29,380.33,18.62,33.15,0.4175,90.02,0,0
2026-01-02 22:17:00,EV_BAT_01,38.64,380.83,16.53,31.89,0.4427,89.73,0,0
2026-01-02 22:18:00,EV_BAT_01,38.36,381.02,26.83,31.28,0.3955,89.63,0,0
2026-01-02 22:19:00,EV_BAT_01,37.3,380.65,29.79,32.0,0.4168,89.84,0,0
2026-01-02 22:20:00,EV_BAT_01,36.09,381.74,20.8,30.79,0.4029,89.91,0,0
2026-01-02 22:21:00,EV_BAT_01,35.72,381.29,17.3,29.84,0.4142,89.56,0,0
2026-01-02 22:22:00,EV_BAT_01,38.16,379.81,26.35,31.19,0.367,89.51,0,0
2026-01-02 22:23:00,EV_BAT_01,37.35,377.08,14.79,30.17,0.3847,89.66,0,0
2026-01-02 22:24:00,EV_BAT_01,35.43,379.09,19.4,33.68,0.4075,89.78,0,0
2026-01-02 22:25:00,EV_BAT_01,38.24,379.77,18.12,34.2,0.4285,89.77,0,0
2026-01-02 22:26:00,EV_BAT_01,35.44,380.19,16.45,31.23,0.3783,89.37,0,0
2026-01-02 22:27:00,EV_BAT_01,33.72,378.48,20.18,32.28,0.3483,89.96,0,0
2026-01-02 22:28:00,EV_BAT_01,33.79,379.51,18.06,32.84,0.387,89.5,0,0
2026-01-02 22:29:00,EV_BAT_01,33.18,378.23,21.81,31.95,0.4249,89.56,0,0
2026-01-02 22:30:00,EV_BAT_01,34.61,379.91,22.12,30.84,0.3602,89.44,0,0
2026-01-02 22:31:00,EV_BAT_01,37.79,378.08,19.79,34.4,0.3704,90.09,0,0
2026-01-02 22:32:00,EV_BAT_01,33.18,378.36,21.08,32.11,0.4037,89.64,0,0
2026-01-02 22:33:00,EV_BAT_01,35.24,377.4,21.94,31.94,0.3967,89.44,0,0
2026-01-02 22:34:00,EV_BAT_01,33.26,379.35,26.42,33.09,0.4142,89.74,0,0
2026-01-02 22:35:00,EV_BAT_01,34.01,377.93,22.92,31.94,0.3683,89.72,0,0
2026-01-02 22:36:00,EV_BAT_01,31.14,380.99,27.15,31.72,0.3904,89.54,0,0
2026-01-02 22:37:00,EV_BAT_01,33.86,379.95,26.55,31.14,0.4279,89.72,0,0
2026-01-02 22:38:00,EV_BAT_01,33.8,378.96,26.87,31.95,0.3676,89.42,0,0
2026-01-02 22:39:00,EV_BAT_01,35.3,377.52,30.51,29.26,0.4336,89.48,0,0
2026-01-02 22:40:00,EV_BAT_01,34.49,379.5,20.88,31.36,0.3692,89.2,0,0
2026-01-02 22:41:00,EV_BAT_01,31.24,379.92,23.87,33.03,0.4163,89.32,0,0
2026-01-02 22:42:00,EV_BAT_01,36.15,378.8,33.24,31.6,0.3848,89.88,0,0
2026-01-02 22:43:00,EV_BAT_01,34.12,381.29,25.58,33.82,0.3644,89.84,0,0
2026-01-02 22:44:00,EV_BAT_01,33.99,379.09,15.79,32.19,0.3795,89.55,0,0
2026-01-02 22:45:00,EV_BAT_01,33.42,379.77,26.69,31.85,0.4044,89.84,0,0
2026-01-02 22:46:00,EV_BAT_01,32.2,378.22,28.5,30.27,0.3893,89.5,0,0
2026-01-02 22:47:00,EV_BAT_01,33.71,379.05,17.96,30.61,0.4161,89.48,0,0
2026-01-02 22:48:00,EV_BAT_01,34.18,376.26,34.23,34.29,0.4227,89.53,0,0
2026-01-02 22:49:00,EV_BAT_01,29.18,376.73,26.53,33.48,0.3558,89.5,0,0
2026-01-02 22:50:00,EV_BAT_01,31.74,378.04,31.18,31.44,0.3525,89.48,0,0
2026-01-02 22:51:00,EV_BAT_01,32.27,377.88,29.46,30.94,0.3497,89.72,0,0
2026-01-02 22:52:00,EV_BAT_01,33.3,378.04,25.71,30.37,0.3583,89.53,0,0
2026-01-02 22:53:00,EV_BAT_01,35.26,378.96,27.09,31.32,0.4068,89.63,0,0
2026-01-02 22:54:00,EV_BAT_01,30.85,374.27,28.14,31.03,0.3915,89.68,0,0
2026-01-02 22:55:00,EV_BAT_01,31.36,374.93,36.74,32.16,0.3622,89.56,0,0
2026-01-02 22:56:00,EV_BAT_01,31.24,376.96,32.32,32.94,0.3739,89.31,0,0
2026-01-02 22:57:00,EV_BAT_01,30.51,375.09,31.34,30.08,0.4075,89.24,0,0
2026-01-02 22:58:00,EV_BAT_01,31.43,382.33,30.22,32.1,0.4184,89.51,0,0
2026-01-02 22:59:00,EV_BAT_01,33.8,377.03,39.26,32.38,0.3754,89.44,0,0
2026-01-02 23:00:00,EV_BAT_01,29.7,375.82,40.86,31.83,0.3007,89.49,0,0
2026-01-02 23:01:00,EV_BAT_01,32.88,374.89,40.26,33.41,0.3729,89.46,0,0
2026-01-02 23:02:00,EV_BAT_01,28.12,374.8,38.02,31.47,0.3871,89.93,0,0
2026-01-02 23:03:00,EV_BAT_01,30.55,375.58,37.73,31.64,0.3676,89.22,0,0
2026-01-02 23:04:00,EV_BAT_01,30.98,375.58,32.22,29.7,0.3784,89.09,0,0
2026-01-02 23:05:00,EV_BAT_01,35.32,374.41,36.62,32.12,0.3675,89.51,0,0
2026-01-02 23:06:00,EV_BAT_01,30.96,374.6,35.38,30.72,0.326,89.38,0,0
2026-01-02 23:07:00,EV_BAT_01,26.65,377.36,31.33,31.35,0.3331,89.5,0,0
2026-01-02 23:08:00,EV_BAT_01,27.02,377.29,43.36,32.97,0.3456,89.54,0,0
2026-01-02 23:09:00,EV_BAT_01,31.43,375.11,36.85,31.25,0.3787,89.66,0,0
2026-01-02 23:10:00,EV_BAT_01,32.64,372.1,44.91,31.5,0.3314,89.15,0,0
2026-01-02 23:11:00,EV_BAT_01,32.05,375.34,44.15,32.57,0.3604,89.32,0,0
2026-01-02 23:12:00,EV_BAT_01,31.53,377.02,43.33,32.59,0.3552,89.49,0,0
2026-01-02 23:13:00,EV_BAT_01,33.66,376.55,44.03,,0.3859,89.55,0,0
2026-01-02 23:14:00,EV_BAT_01,29.86,375.26,39.58,33.97,0.3439,89.8,0,0
2026-01-02 23:15:00,EV_BAT_01,32.96,376.36,49.93,30.91,0.2998,89.57,0,0
2026-01-02 23:16:00,EV_BAT_01,27.34,373.75,43.12,29.7,0.3586,89.39,0,0
2026-01-02 23:17:00,EV_BAT_01,28.89,374.65,44.6,31.3,0.3948,89.23,0,0
2026-01-02 23:18:00,EV_BAT_01,26.85,372.15,41.22,30.98,0.3581,89.29,0,0
2026-01-02 23:19:00,EV_BAT_01,30.18,373.77,40.51,31.06,0.3197,89.28,0,0
2026-01-02 23:20:00,EV_BAT_01,30.63,375.5,46.55,30.32,0.3114,89.5,0,0
2026-01-02 23:21:00,EV_BAT_01,30.94,371.91,45.91,31.61,0.3139,89.42,0,0
2026-01-02 23:22:00,EV_BAT_01,30.78,371.28,42.26,30.96,0.3871,89.13,0,0
2026-01-02 23:23:00,EV_BAT_01,28.56,372.87,40.04,32.65,0.3282,89.29,0,0
2026-01-02 23:24:00,EV_BAT_01,30.14,372.15,41.07,31.79,0.3193,89.52,0,0
2026-01-02 23:25:00,EV_BAT_01,27.23,373.6,51.28,32.69,0.3314,89.42,0,0
2026-01-02 23:26:00,EV_BAT_01,33.49,371.48,44.37,31.03,0.3271,89.46,0,0
2026-01-02 23:27:00,EV_BAT_01,29.79,375.26,45.78,31.2,0.374,89.42,0,0
2026-01-02 23:28:00,EV_BAT_01,29.35,369.71,53.24,30.14,0.3093,89.64,0,0
2026-01-02 23:29:00,EV_BAT_01,33.89,374.16,43.23,30.79,0.3641,89.38,0,0
2026-01-02 23:30:00,EV_BAT_01,27.63,370.4,45.08,31.24,0.3377,89.27,0,0
2026-01-02 23:31:00,EV_BAT_01,27.86,368.42,45.17,32.06,0.3649,89.17,0,0
2026-01-02 23:32:00,EV_BAT_01,27.9,371.96,54.95,32.35,0.3745,89.37,0,0
2026-01-02 23:33:00,EV_BAT_01,30.14,370.95,56.68,33.12,0.3374,88.88,0,0
2026-01-02 23:34:00,EV_BAT_01,31.22,369.29,51.91,31.08,0.3278,89.28,0,0
2026-01-02 23:35:00,EV_BAT_01,31.88,368.13,52.23,33.18,0.3378,89.28,0,0
2026-01-02 23:36:00,EV_BAT_01,35.89,371.03,46.94,31.99,0.3344,89.06,0,0
2026-01-02 23:37:00,EV_BAT_01,25.27,372.68,57.21,30.07,0.2961,89.14,0,0
2026-01-02 23:38:00,EV_BAT_01,31.54,371.86,50.63,32.24,0.3771,89.44,0,0
2026-01-02 23:39:00,EV_BAT_01,28.97,370.79,53.08,32.01,0.3453,89.34,0,0
2026-01-02 23:40:00,EV_BAT_01,28.89,371.44,49.35,33.56,0.311,89.31,0,0
2026-01-02 23:41:00,EV_BAT_01,28.81,370.42,48.78,29.34,0.2894,89.34,0,0
2026-01-02 23:42:00,EV_BAT_01,28.17,367.78,56.57,33.36,0.2841,89.3,0,0
2026-01-02 23:43:00,EV_BAT_01,33.87,367.69,52.12,31.51,0.3627,89.5,0,0
2026-01-02 23:44:00,EV_BAT_01,32.02,369.77,55.8,30.71,0.3292,89.29,0,0
2026-01-02 23:45:00,EV_BAT_01,30.22,369.74,51.02,30.85,0.3347,89.01,0,0
2026-01-02 23:46:00,EV_BAT_01,33.14,371.46,46.6,31.71,0.3597,89.56,0,0
2026-01-02 23:47:00,EV_BAT_01,26.84,371.19,47.63,31.86,0.336,89.33,0,0
2026-01-02 23:48:00,EV_BAT_01,27.25,370.82,50.33,33.77,0.3641,89.15,0,0
2026-01-02 23:49:00,EV_BAT_01,25.39,369.12,47.35,43.32,0.6343,89.02,1,0
2026-01-02 23:50:00,EV_BAT_01,28.65,365.05,45.34,31.51,0.4016,89.32,0,0
2026-01-02 23:51:00,EV_BAT_01,30.56,368.1,54.51,34.22,0.3688,89.21,0,0
2026-01-02 23:52:00,EV_BAT_01,30.44,368.14,47.44,33.06,0.392,89.51,0,0
2026-01-02 23:53:00,EV_BAT_01,30.56,362.72,50.06,32.98,0.432,89.15,0,0
2026-01-02 23:54:00,EV_BAT_01,27.14,365.35,50.57,33.81,0.4044,89.05,0,0
2026-01-02 23:55:00,EV_BAT_01,32.03,365.45,46.9,32.4,0.4561,89.35,0,0
2026-01-02 23:56:00,EV_BAT_01,30.81,366.74,54.9,33.72,0.4892,89.35,0,0
2026-01-02 23:57:00,EV_BAT_01,31.92,364.92,44.45,32.75,0.4515,89.2,0,0
2026-01-02 23:58:00,EV_BAT_01,26.17,366.14,49.77,33.62,0.477,89.28,0,0
2026-01-02 23:59:00,EV_BAT_01,31.04,365.68,49.51,34.79,0.4623,89.14,0,0
2026-01-03 00:00:00,EV_BAT_01,27.77,365.62,48.08,34.37,0.4356,89.18,0,0
2026-01-03 00:01:00,EV_BAT_01,29.54,364.46,42.87,34.24,0.4585,89.34,0,0
2026-01-03 00:02:00,EV_BAT_01,31.62,364.45,51.29,35.34,0.5085,89.23,0,0
2026-01-03 00:03:00,EV_BAT_01,30.68,363.51,50.51,34.28,0.4496,89.08,0,0
2026-01-03 00:04:00,EV_BAT_01,28.64,365.99,44.55,35.47,0.4413,89.34,0,0
2026-01-03 00:05:00,EV_BAT_01,30.57,366.19,49.78,36.26,0.4435,88.66,0,0
2026-01-03 00:06:00,EV_BAT_01,27.22,363.64,48.14,33.79,0.4709,89.44,0,0
2026-01-03 00:07:00,EV_BAT_01,33.16,367.62,41.19,35.28,0.4558,88.76,0,0
2026-01-03 00:08:00,EV_BAT_01,30.22,364.18,42.56,33.3,0.5272,88.94,0,0
2026-01-03 00:09:00,EV_BAT_01,33.18,367.37,50.17,34.3,0.4952,89.04,0,0
2026-01-03 00:10:00,EV_BAT_01,29.6,363.33,46.49,34.14,0.5184,89.01,0,0
2026-01-03 00:11:00,EV_BAT_01,29.66,360.71,42.62,35.07,0.491,89.2,0,0
2026-01-03 00:12:00,EV_BAT_01,29.18,364.95,41.06,33.13,0.4743,88.82,0,0
2026-01-03 00:13:00,EV_BAT_01,32.84,364.55,42.03,33.61,0.4743,89.05,0,0
2026-01-03 00:14:00,EV_BAT_01,29.4,364.04,41.91,35.43,0.4885,88.89,0,0
2026-01-03 00:15:00,EV_BAT_01,32.43,362.7,39.89,34.96,0.5239,89.03,0,0
2026-01-03 00:16:00,EV_BAT_01,30.23,363.68,35.88,36.01,0.5323,88.96,0,0
2026-01-03 00:17:00,EV_BAT_01,26.78,362.71,46.97,35.96,0.5383,88.97,0,0
2026-01-03 00:18:00,EV_BAT_01,29.93,362.97,45.85,34.33,0.4899,88.85,0,0
2026-01-03 00:19:00,EV_BAT_01,28.65,364.92,36.42,34.46,0.5309,88.84,0,0
2026-01-03 00:20:00,EV_BAT_01,31.38,363.63,41.6,36.56,0.509,88.98,0,0
2026-01-03 00:21:00,EV_BAT_01,28.75,364.29,36.98,41.16,0.9687,89.08,1,0
2026-01-03 00:22:00,EV_BAT_01,33.47,362.67,,35.42,0.5539,88.8,0,0
2026-01-03 00:23:00,EV_BAT_01,31.3,362.37,38.27,35.8,0.5161,88.74,0,0
2026-01-03 00:24:00,EV_BAT_01,31.18,360.81,37.45,35.26,0.5729,88.99,0,0
2026-01-03 00:25:00,EV_BAT_01,33.08,362.12,46.69,35.22,0.6105,88.87,0,0
2026-01-03 00:26:00,EV_BAT_01,33.83,356.72,36.43,36.03,0.5761,89.01,0,0
2026-01-03 00:27:00,EV_BAT_01,31.74,361.54,34.47,37.0,0.5543,88.69,0,0
2026-01-03 00:28:00,EV_BAT_01,30.16,362.37,34.17,37.81,0.5534,88.52,0,0
2026-01-03 00:29:00,EV_BAT_01,28.03,363.44,40.9,36.65,0.559,88.73,0,0
2026-01-03 00:30:00,EV_BAT_01,30.5,361.86,29.62,36.7,0.5481,88.68,0,0
2026-01-03 00:31:00,EV_BAT_01,30.73,362.89,32.69,36.67,0.5761,88.79,0,0
2026-01-03 00:32:00,EV_BAT_01,32.41,358.26,41.03,37.94,0.544,88.68,0,0
2026-01-03 00:33:00,EV_BAT_01,31.5,362.0,35.73,36.09,0.5277,88.92,0,0
2026-01-03 00:34:00,EV_BAT_01,33.85,359.01,35.03,35.74,0.5829,88.72,0,0
2026-01-03 00:35:00,EV_BAT_01,31.07,359.78,42.31,36.21,0.5803,88.79,0,0
2026-01-03 00:36:00,EV_BAT_01,32.38,361.55,34.28,38.87,0.5677,88.78,0,0
2026-01-03 00:37:00,EV_BAT_01,35.2,364.12,29.98,35.73,0.5521,88.78,0,0
2026-01-03 00:38:00,EV_BAT_01,33.44,362.43,31.21,35.84,0.5935,88.73,0,0
2026-01-03 00:39:00,EV_BAT_01,32.64,361.73,27.33,34.2,0.5635,88.81,0,0
2026-01-03 00:40:00,EV_BAT_01,31.54,361.6,36.43,38.17,0.5867,88.57,0,0
2026-01-03 00:41:00,EV_BAT_01,31.56,360.29,33.25,36.82,0.6361,88.95,0,0
2026-01-03 00:42:00,EV_BAT_01,31.18,360.54,35.0,35.95,0.61,88.65,0,0
2026-01-03 00:43:00,EV_BAT_01,31.96,362.24,34.91,35.94,0.5611,88.44,0,0
2026-01-03 00:44:00,EV_BAT_01,34.91,358.93,27.96,36.99,0.565,88.7,0,0
2026-01-03 00:45:00,EV_BAT_01,32.85,362.44,25.41,37.99,0.6022,88.51,0,0
2026-01-03 00:46:00,EV_BAT_01,30.47,360.63,28.57,36.91,0.5655,88.77,0,0
2026-01-03 00:47:00,EV_BAT_01,37.43,362.77,24.87,36.69,0.5512,89.04,0,0
2026-01-03 00:48:00,EV_BAT_01,34.34,362.97,28.63,36.49,0.6159,88.49,0,0
2026-01-03 00:49:00,EV_BAT_01,30.65,358.19,32.11,37.02,0.6119,88.68,0,0
2026-01-03 00:50:00,EV_BAT_01,32.87,360.12,26.53,36.57,0.6163,88.29,0,1
2026-01-03 00:51:00,EV_BAT_01,34.2,359.59,27.44,37.38,0.6128,88.68,0,1
2026-01-03 00:52:00,EV_BAT_01,37.81,357.84,26.11,38.31,0.6057,88.43,0,1
2026-01-03 00:53:00,EV_BAT_01,31.73,359.21,29.36,36.41,0.5918,88.46,0,1
2026-01-03 00:54:00,EV_BAT_01,36.42,365.44,23.15,37.65,0.6223,88.36,0,1
2026-01-03 00:55:00,EV_BAT_01,37.46,362.12,16.72,39.03,0.6487,88.68,0,1
2026-01-03 00:56:00,EV_BAT_01,33.11,364.45,27.09,36.16,0.5989,88.72,0,1
2026-01-03 00:57:00,EV_BAT_01,33.99,362.47,28.88,36.43,0.5869,88.54,0,1
2026-01-03 00:58:00,EV_BAT_01,32.43,359.62,26.44,38.36,0.585,88.36,0,1
2026-01-03 00:59:00,EV_BAT_01,34.38,360.25,21.84,38.47,0.5927,88.8,0,1
2026-01-03 01:00:00,EV_BAT_01,34.86,361.99,19.62,37.22,0.6203,88.36,0,1
2026-01-03 01:01:00,EV_BAT_01,36.5,361.7,25.92,38.09,0.5627,88.1,0,1
2026-01-03 01:02:00,EV_BAT_01,37.57,359.87,24.3,37.79,0.6281,88.56,0,1
2026-01-03 01:03:00,EV_BAT_01,33.64,358.18,23.04,36.53,0.6342,88.27,0,1
2026-01-03 01:04:00,EV_BAT_01,31.07,366.81,30.66,39.59,0.5741,88.63,0,1
2026-01-03 01:05:00,EV_BAT_01,35.47,360.63,19.43,37.79,0.5956,88.38,0,1
2026-01-03 01:06:00,EV_BAT_01,36.29,360.3,30.17,37.82,0.6231,88.54,0,1
2026-01-03 01:07:00,EV_BAT_01,36.31,361.09,23.08,37.69,0.6185,88.68,0,1
2026-01-03 01:08:00,EV_BAT_01,35.16,360.45,15.5,37.51,0.6362,88.2,0,1
2026-01-03 01:09:00,EV_BAT_01,36.28,361.11,22.04,39.05,0.6208,88.3,0,1
2026-01-03 01:10:00,EV_BAT_01,39.46,363.21,26.53,39.07,0.6571,88.38,0,1
2026-01-03 01:11:00,EV_BAT_01,37.08,360.68,21.18,40.43,0.6187,88.66,0,1
2026-01-03 01:12:00,EV_BAT_01,35.55,358.82,16.71,36.79,0.6034,88.25,0,1
2026-01-03 01:13:00,EV_BAT_01,35.39,360.64,21.93,37.24,0.6027,88.25,0,1
2026-01-03 01:14:00,EV_BAT_01,36.24,360.1,19.17,39.6,0.649,88.44,0,1
2026-01-03 01:15:00,EV_BAT_01,40.34,363.52,24.58,41.62,0.6328,88.24,0,1
2026-01-03 01:16:00,EV_BAT_01,36.46,363.08,25.75,37.42,0.6495,88.36,0,1
2026-01-03 01:17:00,EV_BAT_01,36.95,361.18,18.49,39.84,0.6505,88.04,0,1
2026-01-03 01:18:00,EV_BAT_01,36.06,358.71,19.97,38.51,0.5864,88.71,0,1
2026-01-03 01:19:00,EV_BAT_01,39.67,358.82,25.91,39.39,0.6101,88.05,0,1
2026-01-03 01:20:00,EV_BAT_01,41.69,361.08,19.56,39.51,0.6149,88.23,0,1
2026-01-03 01:21:00,EV_BAT_01,38.5,361.68,18.8,39.81,0.6219,88.27,0,1
2026-01-03 01:22:00,EV_BAT_01,37.81,360.43,18.56,40.89,0.6338,88.61,0,1
2026-01-03 01:23:00,EV_BAT_01,37.84,360.27,24.85,38.71,0.6713,88.02,0,1
2026-01-03 01:24:00,EV_BAT_01,32.65,360.1,24.86,40.33,0.6785,88.6,0,1
2026-01-03 01:25:00,EV_BAT_01,39.66,361.15,21.09,39.75,0.6434,88.37,0,1
2026-01-03 01:26:00,EV_BAT_01,38.45,356.94,24.07,39.32,0.6468,88.3,0,1
2026-01-03 01:27:00,EV_BAT_01,39.22,359.28,30.39,40.89,0.6379,88.03,0,1
2026-01-03 01:28:00,EV_BAT_01,36.85,360.17,20.64,39.1,0.6603,88.3,0,1
2026-01-03 01:29:00,EV_BAT_01,37.7,363.5,16.99,38.56,0.6658,88.06,0,1
2026-01-03 01:30:00,EV_BAT_01,37.77,359.9,26.91,38.81,0.6836,88.41,0,1
2026-01-03 01:31:00,EV_BAT_01,41.06,361.73,24.95,38.93,0.6862,87.99,0,1
2026-01-03 01:32:00,EV_BAT_01,38.11,361.85,22.86,40.25,0.6116,88.14,0,1
2026-01-03 01:33:00,EV_BAT_01,43.65,363.82,28.64,40.79,0.6684,88.05,0,1
2026-01-03 01:34:00,EV_BAT_01,40.15,363.8,29.74,39.37,0.7099,87.96,0,1
2026-01-03 01:35:00,EV_BAT_01,36.53,361.47,17.91,41.31,0.6675,88.26,0,1
2026-01-03 01:36:00,EV_BAT_01,39.19,360.76,,40.0,0.7103,88.21,0,1
2026-01-03 01:37:00,EV_BAT_01,38.17,360.47,36.77,41.62,0.6775,88.32,0,1
2026-01-03 01:38:00,EV_BAT_01,34.91,361.27,30.24,41.74,0.693,87.77,0,1
2026-01-03 01:39:00,EV_BAT_01,43.39,360.97,31.02,41.7,0.6638,88.28,0,1
2026-01-03 01:40:00,EV_BAT_01,41.55,362.8,33.43,42.67,0.6684,88.52,0,1
2026-01-03 01:41:00,EV_BAT_01,41.31,362.61,29.25,42.14,0.7177,87.98,0,1
2026-01-03 01:42:00,EV_BAT_01,40.63,362.97,32.82,42.41,0.7254,88.39,0,1
2026-01-03 01:43:00,EV_BAT_01,37.36,364.22,32.96,41.8,0.7079,87.99,0,1
2026-01-03 01:44:00,EV_BAT_01,39.47,365.35,32.72,40.39,0.6805,87.78,0,1
2026-01-03 01:45:00,EV_BAT_01,42.52,362.28,29.75,42.0,0.7164,87.96,0,1
2026-01-03 01:46:00,EV_BAT_01,38.48,364.08,32.22,43.98,0.7508,88.2,0,1
2026-01-03 01:47:00,EV_BAT_01,35.36,361.53,29.67,42.25,0.7671,87.85,0,1
2026-01-03 01:48:00,EV_BAT_01,40.56,364.34,32.58,41.15,0.7198,87.88,0,1
2026-01-03 01:49:00,EV_BAT_01,40.88,364.18,28.37,41.77,0.6905,88.08,0,1
2026-01-03 01:50:00,EV_BAT_01,41.62,364.14,30.4,42.66,0.7574,87.97,0,1
2026-01-03 01:51:00,EV_BAT_01,43.06,362.54,32.96,43.96,0.7339,88.06,0,1
2026-01-03 01:52:00,EV_BAT_01,42.99,361.23,30.84,43.38,0.7688,87.99,0,1
2026-01-03 01:53:00,EV_BAT_01,42.29,359.98,33.14,42.53,0.7567,88.02,0,1
2026-01-03 01:54:00,EV_BAT_01,44.48,362.47,35.04,41.52,0.7321,87.85,0,1
2026-01-03 01:55:00,EV_BAT_01,38.64,365.36,37.85,42.69,0.7601,87.95,0,1
2026-01-03 01:56:00,EV_BAT_01,43.22,362.1,40.59,42.9,0.7959,87.74,0,1
2026-01-03 01:57:00,EV_BAT_01,43.62,364.12,35.48,41.69,0.7641,88.12,0,1
2026-01-03 01:58:00,EV_BAT_01,39.64,364.29,43.23,43.38,0.7465,87.77,0,1
2026-01-03 01:59:00,EV_BAT_01,39.19,362.31,42.2,42.62,0.7373,88.07,0,1
2026-01-03 02:00:00,EV_BAT_01,40.98,365.25,41.02,43.33,0.7623,87.82,0,1
2026-01-03 02:01:00,EV_BAT_01,41.3,369.78,36.14,33.75,0.3733,88.69,0,0
2026-01-03 02:02:00,EV_BAT_01,44.54,372.95,37.32,30.7,0.4059,88.56,0,0
2026-01-03 02:03:00,EV_BAT_01,41.65,373.63,41.32,32.41,0.3593,88.46,0,0
2026-01-03 02:04:00,EV_BAT_01,41.25,373.94,41.98,30.31,0.428,88.33,0,0
2026-01-03 02:05:00,EV_BAT_01,41.91,376.15,42.94,32.84,0.3576,88.45,0,0
2026-01-03 02:06:00,EV_BAT_01,45.84,376.2,38.28,31.44,0.4512,88.57,0,0
2026-01-03 02:07:00,EV_BAT_01,43.54,376.52,40.85,32.5,0.4378,88.67,0,0
2026-01-03 02:08:00,EV_BAT_01,43.24,377.02,44.51,33.14,0.4,88.81,0,0
2026-01-03 02:09:00,EV_BAT_01,43.51,374.37,37.14,30.64,0.357,88.54,0,0
2026-01-03 02:10:00,EV_BAT_01,46.72,374.02,38.86,31.99,0.3985,88.46,0,0
2026-01-03 02:11:00,EV_BAT_01,42.35,377.05,40.68,31.29,0.3919,88.35,0,0
2026-01-03 02:12:00,EV_BAT_01,47.01,375.34,44.7,31.56,0.3713,88.69,0,0
2026-01-03 02:13:00,EV_BAT_01,44.7,373.77,45.24,31.64,0.4119,88.85,0,0
2026-01-03 02:14:00,EV_BAT_01,44.01,378.48,41.12,30.16,0.3855,88.82,0,0
2026-01-03 02:15:00,EV_BAT_01,49.98,379.37,36.47,41.29,0.8572,88.72,1,0
2026-01-03 02:16:00,EV_BAT_01,42.27,379.79,43.93,32.78,0.4038,88.7,0,0
2026-01-03 02:17:00,EV_BAT_01,43.94,377.45,39.71,32.72,0.3958,88.89,0,0
2026-01-03 02:18:00,EV_BAT_01,42.12,378.37,37.86,30.72,0.4633,88.64,0,0
2026-01-03 02:19:00,EV_BAT_01,47.04,379.84,39.18,41.25,0.8229,88.69,1,0
2026-01-03 02:20:00,EV_BAT_01,48.78,376.34,45.95,31.73,0.4245,88.51,0,0
2026-01-03 02:21:00,EV_BAT_01,48.85,379.62,50.48,30.26,0.4181,88.32,0,0
2026-01-03 02:22:00,EV_BAT_01,47.98,378.24,45.58,32.76,0.4242,88.44,0,0
2026-01-03 02:23:00,EV_BAT_01,44.96,379.51,46.64,31.27,0.4268,88.55,0,0
2026-01-03 02:24:00,EV_BAT_01,44.71,378.32,50.88,32.17,0.4388,88.56,0,0
2026-01-03 02:25:00,EV_BAT_01,41.94,380.44,40.31,30.69,0.4241,88.89,0,0
2026-01-03 02:26:00,EV_BAT_01,50.21,378.63,48.9,30.72,0.4235,88.56,0,0
2026-01-03 02:27:00,EV_BAT_01,46.87,375.68,47.09,31.31,0.4198,88.75,0,0
2026-01-03 02:28:00,EV_BAT_01,44.86,381.08,49.7,33.98,0.4152,88.46,0,0
2026-01-03 02:29:00,EV_BAT_01,48.97,376.88,45.79,32.19,0.3961,88.47,0,0
2026-01-03 02:30:00,EV_BAT_01,44.01,380.96,44.72,30.45,0.4175,88.29,0,0
2026-01-03 02:31:00,EV_BAT_01,47.15,378.65,48.81,29.51,0.4251,88.39,0,0
2026-01-03 02:32:00,EV_BAT_01,45.98,381.04,55.08,32.81,0.429,88.61,0,0
2026-01-03 02:33:00,EV_BAT_01,47.87,381.08,52.15,33.42,0.4233,88.51,0,0
2026-01-03 02:34:00,EV_BAT_01,46.42,379.92,46.88,30.11,0.4127,88.68,0,0
2026-01-03 02:35:00,EV_BAT_01,43.47,380.17,43.73,32.36,0.4168,88.54,0,0
2026-01-03 02:36:00,EV_BAT_01,46.92,380.13,42.54,29.95,0.4039,88.43,0,0
2026-01-03 02:37:00,EV_BAT_01,49.16,375.85,54.68,31.9,0.4251,88.88,0,0
2026-01-03 02:38:00,EV_BAT_01,46.88,379.79,45.73,32.25,0.4111,88.47,0,0
2026-01-03 02:39:00,EV_BAT_01,48.75,377.67,48.37,31.43,0.4204,88.69,0,0
2026-01-03 02:40:00,EV_BAT_01,44.83,380.09,55.06,32.56,0.4401,88.41,0,0
2026-01-03 02:41:00,EV_BAT_01,47.17,377.83,43.4,33.15,0.3965,88.6,0,0
2026-01-03 02:42:00,EV_BAT_01,45.94,377.85,55.89,31.38,0.4282,88.64,0,0
2026-01-03 02:43:00,EV_BAT_01,49.05,382.97,48.95,33.87,0.4131,88.5,0,0
2026-01-03 02:44:00,EV_BAT_01,47.56,382.1,45.4,30.69,0.4617,88.04,0,0
2026-01-03 02:45:00,EV_BAT_01,49.1,380.26,49.01,31.8,0.4045,88.46,0,0
2026-01-03 02:46:00,EV_BAT_01,50.06,380.69,47.1,32.16,0.4261,88.67,0,0
2026-01-03 02:47:00,EV_BAT_01,49.27,380.0,51.73,31.97,0.4078,88.54,0,0
2026-01-03 02:48:00,EV_BAT_01,48.43,381.56,47.33,31.23,0.3713,88.52,0,0
2026-01-03 02:49:00,EV_BAT_01,45.71,379.41,42.21,30.11,0.3916,88.13,0,0
2026-01-03 02:50:00,EV_BAT_01,47.98,382.5,48.89,33.48,0.4251,88.31,0,0
2026-01-03 02:51:00,EV_BAT_01,46.89,380.34,44.25,30.21,0.3908,88.5,0,0
2026-01-03 02:52:00,EV_BAT_01,47.38,380.12,50.37,31.51,0.3445,88.5,0,0
2026-01-03 02:53:00,EV_BAT_01,47.39,380.99,44.67,30.75,0.3976,88.64,0,0
2026-01-03 02:54:00,EV_BAT_01,46.13,379.96,47.31,34.37,0.3694,88.39,0,0
2026-01-03 02:55:00,EV_BAT_01,44.05,381.69,49.83,30.47,0.3984,88.49,0,0
2026-01-03 02:56:00,EV_BAT_01,46.96,380.21,48.06,32.45,0.4321,88.41,0,0
2026-01-03 02:57:00,EV_BAT_01,48.92,382.09,49.7,32.82,0.4109,88.23,0,0
2026-01-03 02:58:00,EV_BAT_01,45.6,383.51,51.2,31.29,0.4283,87.99,0,0
2026-01-03 02:59:00,EV_BAT_01,48.66,380.09,43.61,32.77,0.3741,88.47,0,0
2026-01-03 03:00:00,EV_BAT_01,52.87,381.21,47.73,,0.3828,88.42,0,0
2026-01-03 03:01:00,EV_BAT_01,51.0,382.34,34.4,31.99,0.3585,88.27,0,0
2026-01-03 03:02:00,EV_BAT_01,52.43,380.79,48.42,31.94,0.3658,88.09,0,0
2026-01-03 03:03:00,EV_BAT_01,49.73,382.47,45.93,32.83,0.358,88.49,0,0
2026-01-03 03:04:00,EV_BAT_01,51.5,382.69,42.89,32.16,0.3468,88.32,0,0
2026-01-03 03:05:00,EV_BAT_01,47.39,383.69,47.75,33.04,0.4119,88.47,0,0
2026-01-03 03:06:00,EV_BAT_01,47.62,380.7,50.84,30.42,0.3238,88.7,0,0
2026-01-03 03:07:00,EV_BAT_01,43.07,380.15,43.89,31.79,0.4087,87.97,0,0
2026-01-03 03:08:00,EV_BAT_01,51.75,381.34,41.64,31.22,0.404,88.23,0,0
2026-01-03 03:09:00,EV_BAT_01,52.58,380.19,45.7,32.6,0.3837,88.31,0,0
2026-01-03 03:10:00,EV_BAT_01,48.02,382.99,39.3,33.37,0.3418,88.61,0,0
2026-01-03 03:11:00,EV_BAT_01,48.72,379.93,41.59,31.37,0.3287,88.05,0,0
2026-01-03 03:12:00,EV_BAT_01,47.67,386.26,48.71,32.18,0.3531,88.68,0,0
2026-01-03 03:13:00,EV_BAT_01,50.21,384.43,43.64,32.11,0.381,88.36,0,0
2026-01-03 03:14:00,EV_BAT_01,51.88,382.15,35.43,30.3,0.3642,88.31,0,0
2026-01-03 03:15:00,EV_BAT_01,45.61,383.72,35.31,28.69,0.3368,88.29,0,0
2026-01-03 03:16:00,EV_BAT_01,50.38,379.24,42.69,30.89,0.3904,88.24,0,0
2026-01-03 03:17:00,EV_BAT_01,48.91,386.76,45.03,31.59,0.4027,88.5,0,0
2026-01-03 03:18:00,EV_BAT_01,49.8,381.17,34.63,31.42,0.3539,88.12,0,0
2026-01-03 03:19:00,EV_BAT_01,50.59,382.04,42.42,32.07,0.3613,88.37,0,0
2026-01-03 03:20:00,EV_BAT_01,49.2,378.94,45.45,30.62,0.32,88.23,0,0
2026-01-03 03:21:00,EV_BAT_01,49.41,383.17,47.19,32.26,0.3465,88.16,0,0
2026-01-03 03:22:00,EV_BAT_01,49.2,380.32,40.46,30.33,0.3689,88.76,0,0
2026-01-03 03:23:00,EV_BAT_01,51.83,382.51,40.66,30.92,0.3644,88.36,0,0
2026-01-03 03:24:00,EV_BAT_01,50.63,381.35,29.59,28.88,0.3423,88.39,0,0
2026-01-03 03:25:00,EV_BAT_01,50.22,380.4,46.0,31.74,0.3477,88.48,0,0
2026-01-03 03:26:00,EV_BAT_01,46.96,380.9,34.79,31.24,0.3431,88.02,0,0
2026-01-03 03:27:00,EV_BAT_01,48.94,382.75,32.83,30.21,0.347,88.58,0,0
2026-01-03 03:28:00,EV_BAT_01,51.76,380.04,35.03,31.02,0.3644,87.81,0,0
2026-01-03 03:29:00,EV_BAT_01,49.88,381.0,41.57,32.96,0.3046,88.12,0,0
2026-01-03 03:30:00,EV_BAT_01,51.26,383.53,43.83,31.6,0.3519,88.17,0,0
2026-01-03 03:31:00,EV_BAT_01,53.7,387.02,34.98,30.23,0.3627,88.36,0,0
2026-01-03 03:32:00,EV_BAT_01,52.11,383.18,37.95,32.22,0.3399,88.29,0,0
2026-01-03 03:33:00,EV_BAT_01,50.03,380.66,33.6,33.25,0.3425,88.21,0,0
2026-01-03 03:34:00,EV_BAT_01,48.71,381.64,28.76,31.95,0.3436,88.23,0,0
2026-01-03 03:35:00,EV_BAT_01,44.22,382.34,38.3,31.65,0.3434,88.06,0,0
2026-01-03 03:36:00,EV_BAT_01,49.46,381.63,29.39,31.17,0.3561,87.96,0,0
2026-01-03 03:37:00,EV_BAT_01,49.12,383.86,37.51,32.63,0.3599,88.35,0,0
2026-01-03 03:38:00,EV_BAT_01,50.69,382.61,36.06,32.6,0.305,88.34,0,0
2026-01-03 03:39:00,EV_BAT_01,49.49,383.82,32.82,34.9,0.3747,88.5,0,0
2026-01-03 03:40:00,EV_BAT_01,49.11,381.59,37.19,31.77,0.352,88.07,0,0
2026-01-03 03:41:00,EV_BAT_01,45.89,384.51,38.31,32.65,0.4087,88.33,0,0
2026-01-03 03:42:00,EV_BAT_01,47.73,381.79,28.2,32.85,0.3317,88.15,0,0
2026-01-03 03:43:00,EV_BAT_01,50.83,380.31,25.19,33.64,0.341,88.41,0,0
2026-01-03 03:44:00,EV_BAT_01,53.54,385.94,20.5,30.03,0.3588,88.38,0,0
2026-01-03 03:45:00,EV_BAT_01,49.54,378.69,36.48,31.27,0.3756,88.23,0,0
2026-01-03 03:46:00,EV_BAT_01,50.45,380.6,25.29,33.67,0.3179,88.12,0,0
2026-01-03 03:47:00,EV_BAT_01,51.81,380.76,31.15,34.51,0.3474,88.35,0,0
2026-01-03 03:48:00,EV_BAT_01,47.9,386.36,23.22,31.7,0.3845,88.29,0,0
2026-01-03 03:49:00,EV_BAT_01,50.47,385.04,31.92,31.13,0.3476,88.05,0,0
2026-01-03 03:50:00,EV_BAT_01,48.01,384.43,22.56,30.85,0.4072,87.93,0,0
2026-01-03 03:51:00,EV_BAT_01,51.51,381.09,20.2,33.47,0.3632,88.11,0,0
2026-01-03 03:52:00,EV_BAT_01,49.91,385.99,23.75,32.23,0.3538,88.43,0,0
2026-01-03 03:53:00,EV_BAT_01,50.2,382.23,22.08,31.0,0.3934,88.36,0,0
2026-01-03 03:54:00,EV_BAT_01,47.79,383.26,26.24,32.65,0.4201,87.95,0,0
2026-01-03 03:55:00,EV_BAT_01,51.03,381.76,23.3,32.53,0.3922,87.93,0,0
2026-01-03 03:56:00,EV_BAT_01,54.02,381.29,25.69,32.2,0.4151,88.37,0,0
2026-01-03 03:57:00,EV_BAT_01,47.18,380.85,21.7,31.44,0.4274,87.93,0,0
2026-01-03 03:58:00,EV_BAT_01,48.61,380.86,19.9,30.23,0.3643,88.22,0,0
2026-01-03 03:59:00,EV_BAT_01,49.82,382.26,19.95,30.42,0.4127,88.01,0,0
2026-01-03 04:00:00,EV_BAT_01,51.0,381.75,30.19,33.93,0.3531,88.41,0,0
2026-01-03 04:01:00,EV_BAT_01,47.99,380.95,22.66,31.16,0.4037,87.98,0,0
2026-01-03 04:02:00,EV_BAT_01,42.94,383.65,13.58,31.06,0.3932,88.32,0,0
2026-01-03 04:03:00,EV_BAT_01,52.11,375.51,19.22,32.17,0.428,88.14,0,0
2026-01-03 04:04:00,EV_BAT_01,50.74,381.69,21.48,30.99,0.4281,88.15,0,0
2026-01-03 04:05:00,EV_BAT_01,45.18,381.98,28.29,31.19,0.4149,87.74,0,0
2026-01-03 04:06:00,EV_BAT_01,47.62,382.66,24.85,31.62,0.41,87.7,0,0
2026-01-03 04:07:00,EV_BAT_01,52.35,380.39,16.89,30.52,0.417,88.05,0,0
2026-01-03 04:08:00,EV_BAT_01,52.02,380.79,30.12,32.94,0.4076,88.13,0,0
2026-01-03 04:09:00,EV_BAT_01,50.84,382.1,20.2,32.48,0.4063,87.88,0,0
2026-01-03 04:10:00,EV_BAT_01,48.33,382.91,25.21,30.71,0.4456,87.88,0,0
2026-01-03 04:11:00,EV_BAT_01,48.83,379.59,15.53,33.36,0.4502,88.17,0,0
2026-01-03 04:12:00,EV_BAT_01,48.29,380.51,10.49,32.64,0.4092,88.17,0,0
2026-01-03 04:13:00,EV_BAT_01,50.99,382.95,14.4,31.1,0.4202,88.04,0,0
2026-01-03 04:14:00,EV_BAT_01,46.51,376.01,7.01,31.96,0.4178,88.2,0,0
2026-01-03 04:15:00,EV_BAT_01,46.59,378.48,28.45,32.85,0.3769,87.84,0,0
2026-01-03 04:16:00,EV_BAT_01,50.52,382.26,20.87,31.17,0.4101,87.98,0,0
2026-01-03 04:17:00,EV_BAT_01,48.12,381.48,16.34,32.99,0.4598,88.34,0,0
2026-01-03 04:18:00,EV_BAT_01,51.17,380.35,21.89,41.93,0.897,88.05,1,0
2026-01-03 04:19:00,EV_BAT_01,46.58,378.49,20.9,32.9,0.4749,88.06,0,0
2026-01-03 04:20:00,EV_BAT_01,47.86,377.6,22.71,30.7,0.4524,88.45,0,0
2026-01-03 04:21:00,EV_BAT_01,45.87,378.0,25.17,30.12,0.4341,87.77,0,0
2026-01-03 04:22:00,EV_BAT_01,47.83,381.74,19.29,31.36,0.439,88.16,0,0
2026-01-03 04:23:00,EV_BAT_01,44.47,377.71,17.06,31.46,0.4028,88.32,0,0
2026-01-03 04:24:00,EV_BAT_01,46.56,378.9,24.05,31.5,0.4198,87.95,0,0
2026-01-03 04:25:00,EV_BAT_01,44.39,377.24,24.11,32.28,0.463,88.16,0,0
2026-01-03 04:26:00,EV_BAT_01,48.98,379.99,21.5,33.41,0.4122,87.83,0,0
2026-01-03 04:27:00,EV_BAT_01,48.94,377.39,30.01,32.38,0.4545,87.87,0,0
2026-01-03 04:28:00,EV_BAT_01,43.46,378.06,19.77,32.32,0.3938,88.06,0,0
2026-01-03 04:29:00,EV_BAT_01,50.1,375.08,18.16,32.44,0.3985,88.13,0,0
2026-01-03 04:30:00,EV_BAT_01,52.57,375.08,23.68,30.56,0.4761,88.19,0,0
2026-01-03 04:31:00,EV_BAT_01,47.07,377.87,19.58,33.08,0.4283,88.26,0,0
2026-01-03 04:32:00,EV_BAT_01,45.46,375.34,24.55,32.55,0.4151,87.96,0,0
2026-01-03 04:33:00,EV_BAT_01,52.98,381.38,19.53,31.97,0.4625,88.19,0,0
2026-01-03 04:34:00,EV_BAT_01,43.76,373.75,21.58,32.63,0.4593,87.91,0,0
2026-01-03 04:35:00,EV_BAT_01,46.6,375.89,31.07,30.47,0.4508,88.12,0,0
2026-01-03 04:36:00,EV_BAT_01,46.85,377.23,22.23,32.18,0.4131,88.0,0,0
2026-01-03 04:37:00,EV_BAT_01,49.3,376.41,21.01,31.17,0.4197,88.03,0,0
2026-01-03 04:38:00,EV_BAT_01,47.02,374.94,29.26,31.63,0.434,88.03,0,0
2026-01-03 04:39:00,EV_BAT_01,45.02,375.07,20.76,31.69,0.4429,87.66,0,0
2026-01-03 04:40:00,EV_BAT_01,43.91,374.87,22.59,32.98,0.412,87.74,0,0
2026-01-03 04:41:00,EV_BAT_01,45.14,376.0,28.07,31.84,0.4281,87.95,0,0
2026-01-03 04:42:00,EV_BAT_01,43.56,379.89,29.94,33.21,0.4296,87.63,0,0
2026-01-03 04:43:00,EV_BAT_01,45.76,376.38,31.49,31.77,0.454,88.08,0,0
2026-01-03 04:44:00,EV_BAT_01,44.3,378.23,24.06,33.35,0.4396,88.08,0,0
2026-01-03 04:45:00,EV_BAT_01,42.13,376.87,29.88,33.19,0.3819,87.98,0,0
2026-01-03 04:46:00,EV_BAT_01,48.06,377.82,26.09,32.19,0.413,87.71,0,0
2026-01-03 04:47:00,EV_BAT_01,44.08,370.64,26.0,30.52,0.3938,88.16,0,0
2026-01-03 04:48:00,EV_BAT_01,42.26,374.99,33.71,31.48,0.4298,88.27,0,0
2026-01-03 04:49:00,EV_BAT_01,44.55,377.75,27.18,32.19,0.4373,87.93,0,0
2026-01-03 04:50:00,EV_BAT_01,44.94,374.22,30.98,32.68,0.4152,87.99,0,0
2026-01-03 04:51:00,EV_BAT_01,40.82,378.28,30.99,32.35,0.4045,87.93,0,0
2026-01-03 04:52:00,EV_BAT_01,45.27,377.63,26.58,33.33,0.4113,87.98,0,0
2026-01-03 04:53:00,EV_BAT_01,42.1,373.97,35.24,32.16,0.4132,87.86,0,0
2026-01-03 04:54:00,EV_BAT_01,48.04,373.77,34.12,33.52,0.3903,87.87,0,0
2026-01-03 04:55:00,EV_BAT_01,45.29,372.7,24.45,32.83,0.3742,88.04,0,0
2026-01-03 04:56:00,EV_BAT_01,43.12,373.25,34.02,32.73,0.3517,88.29,0,0
2026-01-03 04:57:00,EV_BAT_01,42.23,372.02,30.34,31.63,0.4329,87.61,0,0
2026-01-03 04:58:00,EV_BAT_01,43.5,374.86,38.34,32.84,0.4119,87.84,0,0
2026-01-03 04:59:00,EV_BAT_01,44.94,371.32,28.69,32.31,0.4068,87.64,0,0
2026-01-03 05:00:00,EV_BAT_01,43.4,374.89,33.57,32.92,0.4276,88.14,0,0
2026-01-03 05:01:00,EV_BAT_01,42.84,374.78,36.97,42.9,0.7573,87.74,1,0
2026-01-03 05:02:00,EV_BAT_01,43.3,370.52,36.26,35.35,0.3491,87.58,0,0
2026-01-03 05:03:00,EV_BAT_01,41.7,376.15,39.62,34.52,0.4004,87.95,0,0
2026-01-03 05:04:00,EV_BAT_01,42.13,374.14,31.01,33.92,0.3964,88.15,0,0
2026-01-03 05:05:00,EV_BAT_01,38.15,374.42,44.21,34.56,0.3441,87.95,0,0
2026-01-03 05:06:00,EV_BAT_01,44.74,371.56,40.22,33.49,0.3947,87.86,0,0
2026-01-03 05:07:00,EV_BAT_01,43.1,373.9,44.07,32.31,0.374,87.89,0,0
2026-01-03 05:08:00,EV_BAT_01,40.6,374.67,42.63,33.12,0.3622,88.07,0,0
2026-01-03 05:09:00,EV_BAT_01,46.33,372.32,39.59,34.72,0.3725,87.65,0,0
2026-01-03 05:10:00,EV_BAT_01,42.19,375.95,34.99,33.6,0.3183,87.78,0,0
2026-01-03 05:11:00,EV_BAT_01,39.57,372.29,38.36,34.76,0.363,87.72,0,0
2026-01-03 05:12:00,EV_BAT_01,43.58,374.12,47.46,34.82,0.3588,87.59,0,0
2026-01-03 05:13:00,EV_BAT_01,42.42,372.45,47.12,31.68,0.3889,87.73,0,0
2026-01-03 05:14:00,EV_BAT_01,42.26,372.83,39.56,33.23,0.3697,87.99,0,0
2026-01-03 05:15:00,EV_BAT_01,40.3,368.63,31.23,31.83,0.3884,87.88,0,0
2026-01-03 05:16:00,EV_BAT_01,42.08,372.17,42.1,34.72,0.3075,87.89,0,0
2026-01-03 05:17:00,EV_BAT_01,40.35,370.04,42.24,33.88,0.3492,87.8,0,0
2026-01-03 05:18:00,EV_BAT_01,42.0,369.7,42.82,32.93,0.383,87.86,0,0
2026-01-03 05:19:00,EV_BAT_01,36.42,374.22,46.35,34.19,0.3604,87.62,0,0
2026-01-03 05:20:00,EV_BAT_01,39.5,370.56,48.15,34.1,0.3884,87.7,0,0
2026-01-03 05:21:00,EV_BAT_01,44.09,369.0,49.0,34.61,0.3214,87.79,0,0
2026-01-03 05:22:00,EV_BAT_01,38.45,370.02,47.2,32.19,0.3841,87.8,0,0
2026-01-03 05:23:00,EV_BAT_01,38.65,368.2,38.59,32.85,0.3492,87.8,0,0
2026-01-03 05:24:00,EV_BAT_01,38.83,372.98,44.78,34.97,0.3462,87.72,0,0
2026-01-03 05:25:00,EV_BAT_01,36.99,369.02,55.71,35.34,0.389,87.67,0,0
2026-01-03 05:26:00,EV_BAT_01,34.64,371.09,48.32,34.92,0.3929,88.3,0,0
2026-01-03 05:27:00,EV_BAT_01,38.83,372.45,48.61,35.31,0.3895,87.89,0,0
2026-01-03 05:28:00,EV_BAT_01,39.47,368.98,48.87,33.31,0.4144,87.8,0,0
2026-01-03 05:29:00,EV_BAT_01,38.89,370.71,49.38,33.37,0.395,87.68,0,0
2026-01-03 05:30:00,EV_BAT_01,38.53,367.77,38.46,33.09,0.3435,87.63,0,0
2026-01-03 05:31:00,EV_BAT_01,38.77,373.9,47.29,33.16,0.3671,87.69,0,0
2026-01-03 05:32:00,EV_BAT_01,40.77,371.05,48.33,34.4,0.3547,87.76,0,0
2026-01-03 05:33:00,EV_BAT_01,37.93,368.9,53.83,34.49,0.4148,87.36,0,0
2026-01-03 05:34:00,EV_BAT_01,36.92,367.73,49.1,46.52,0.6949,87.41,1,0
2026-01-03 05:35:00,EV_BAT_01,37.4,368.8,42.51,33.82,0.3603,87.58,0,0
2026-01-03 05:36:00,EV_BAT_01,39.13,368.27,50.99,35.04,0.3875,87.73,0,0
2026-01-03 05:37:00,EV_BAT_01,40.79,372.28,46.2,34.36,0.3355,87.64,0,0
2026-01-03 05:38:00,EV_BAT_01,36.14,366.44,44.69,34.81,0.3733,87.95,0,0
2026-01-03 05:39:00,EV_BAT_01,37.57,368.77,46.34,33.84,0.3445,87.41,0,0
2026-01-03 05:40:00,EV_BAT_01,37.93,368.38,51.94,36.02,0.3267,87.53,0,0
2026-01-03 05:41:00,EV_BAT_01,34.83,368.09,54.89,34.98,0.3895,87.94,0,0
2026-01-03 05:42:00,EV_BAT_01,36.89,368.0,51.85,33.42,0.3938,87.68,0,0
2026-01-03 05:43:00,EV_BAT_01,33.46,367.88,52.49,33.64,0.3837,87.82,0,0
2026-01-03 05:44:00,EV_BAT_01,32.62,369.55,51.88,33.41,0.3689,88.02,0,0
2026-01-03 05:45:00,EV_BAT_01,37.15,368.97,50.41,33.11,0.3432,87.52,0,0
2026-01-03 05:46:00,EV_BAT_01,35.33,368.52,52.78,35.9,0.3472,87.63,0,0
2026-01-03 05:47:00,EV_BAT_01,36.45,362.21,40.29,30.82,0.3535,87.59,0,0
2026-01-03 05:48:00,EV_BAT_01,35.8,368.11,50.36,35.61,0.3734,87.28,0,0
2026-01-03 05:49:00,EV_BAT_01,33.52,364.49,45.67,34.3,0.4078,87.57,0,0
2026-01-03 05:50:00,EV_BAT_01,35.4,368.54,54.42,35.7,0.409,87.78,0,0
2026-01-03 05:51:00,EV_BAT_01,32.62,369.93,49.08,35.17,0.343,87.72,0,0
2026-01-03 05:52:00,EV_BAT_01,38.22,365.52,49.68,35.44,0.3686,87.73,0,0
2026-01-03 05:53:00,EV_BAT_01,32.01,366.62,43.4,34.51,0.3697,87.54,0,0
2026-01-03 05:54:00,EV_BAT_01,34.39,365.93,53.33,33.64,0.3262,87.49,0,0
2026-01-03 05:55:00,EV_BAT_01,32.36,369.14,51.6,32.68,0.4055,87.83,0,0
2026-01-03 05:56:00,EV_BAT_01,35.74,367.0,51.14,34.65,0.387,87.51,0,0
2026-01-03 05:57:00,EV_BAT_01,33.59,369.86,45.45,33.66,0.3923,87.65,0,0
2026-01-03 05:58:00,EV_BAT_01,33.01,367.41,45.39,32.2,0.4306,87.62,0,0
2026-01-03 05:59:00,EV_BAT_01,35.86,367.03,49.14,34.75,0.4011,87.85,0,0
2026-01-03 06:00:00,EV_BAT_01,33.88,366.63,45.21,34.22,0.39,87.75,0,0
2026-01-03 06:01:00,EV_BAT_01,34.79,367.91,49.46,33.85,0.417,87.34,0,0
2026-01-03 06:02:00,EV_BAT_01,31.32,363.24,38.79,35.26,0.4311,87.36,0,0
2026-01-03 06:03:00,EV_BAT_01,30.22,366.45,45.19,41.88,0.7041,87.67,1,0
2026-01-03 06:04:00,EV_BAT_01,33.38,366.1,54.01,35.53,0.4256,87.55,0,0
2026-01-03 06:05:00,EV_BAT_01,32.28,367.47,48.25,34.44,0.4066,87.48,0,0
2026-01-03 06:06:00,EV_BAT_01,34.19,365.76,46.81,34.68,0.41,87.74,0,0
2026-01-03 06:07:00,EV_BAT_01,32.47,364.16,53.73,35.04,0.4167,87.58,0,0
2026-01-03 06:08:00,EV_BAT_01,32.94,365.99,36.08,32.65,0.3968,87.55,0,0
2026-01-03 06:09:00,EV_BAT_01,28.75,363.97,41.78,34.47,0.4032,87.68,0,0
2026-01-03 06:10:00,EV_BAT_01,36.31,362.4,43.04,35.7,0.4535,87.47,0,0
2026-01-03 06:11:00,EV_BAT_01,31.63,367.12,47.67,34.04,0.4709,87.81,0,0
2026-01-03 06:12:00,EV_BAT_01,33.36,366.8,47.32,33.14,0.4621,87.38,0,0
2026-01-03 06:13:00,EV_BAT_01,29.83,366.55,39.92,33.24,0.3908,87.64,0,0
2026-01-03 06:14:00,EV_BAT_01,32.18,368.01,46.94,33.25,0.3898,87.78,0,0
2026-01-03 06:15:00,EV_BAT_01,28.48,364.43,40.89,34.87,0.397,87.26,0,0
2026-01-03 06:16:00,EV_BAT_01,32.18,363.01,46.89,34.84,0.4314,87.45,0,0
2026-01-03 06:17:00,EV_BAT_01,30.24,365.42,37.44,33.99,0.3591,87.71,0,0
2026-01-03 06:18:00,EV_BAT_01,30.92,364.88,40.61,34.11,0.4158,87.71,0,0
2026-01-03 06:19:00,EV_BAT_01,32.24,363.96,38.66,34.54,0.4669,87.46,0,0
2026-01-03 06:20:00,EV_BAT_01,27.83,365.3,44.35,35.21,0.4573,87.36,0,0
2026-01-03 06:21:00,EV_BAT_01,28.88,364.31,37.54,33.3,0.4209,87.66,0,0
2026-01-03 06:22:00,EV_BAT_01,31.23,362.08,38.96,32.49,0.4237,87.69,0,0
2026-01-03 06:23:00,EV_BAT_01,34.69,364.57,40.66,34.7,0.4495,87.27,0,0
2026-01-03 06:24:00,EV_BAT_01,29.61,363.29,40.3,33.88,0.4594,87.26,0,0
2026-01-03 06:25:00,EV_BAT_01,31.06,365.74,41.15,34.46,0.4233,87.51,0,0
2026-01-03 06:26:00,EV_BAT_01,29.37,364.12,37.93,34.17,0.4313,87.58,0,0
2026-01-03 06:27:00,EV_BAT_01,33.73,367.29,34.89,33.75,0.4234,87.4,0,0
2026-01-03 06:28:00,EV_BAT_01,25.46,368.16,34.65,33.15,0.4046,87.58,0,0
2026-01-03 06:29:00,EV_BAT_01,29.36,366.49,35.63,33.25,0.4326,87.32,0,0
2026-01-03 06:30:00,EV_BAT_01,25.42,362.47,36.0,34.44,0.4308,87.06,0,0
2026-01-03 06:31:00,EV_BAT_01,23.33,367.96,33.89,34.37,0.4067,87.36,0,0
2026-01-03 06:32:00,EV_BAT_01,29.35,368.09,34.03,33.59,0.4543,87.45,0,0
2026-01-03 06:33:00,EV_BAT_01,28.86,365.29,27.36,33.32,0.4501,87.38,0,0
2026-01-03 06:34:00,EV_BAT_01,27.78,367.64,35.58,36.24,0.4551,87.22,0,0
2026-01-03 06:35:00,EV_BAT_01,28.03,364.27,33.12,32.42,0.4182,87.1,0,0
2026-01-03 06:36:00,EV_BAT_01,34.93,361.91,35.89,34.41,0.3874,87.33,0,0
2026-01-03 06:37:00,EV_BAT_01,27.4,363.91,31.37,34.74,0.4481,87.58,0,0
2026-01-03 06:38:00,EV_BAT_01,28.95,368.4,23.91,33.94,0.4192,87.64,0,0
2026-01-03 06:39:00,EV_BAT_01,26.26,362.62,28.93,34.07,0.4128,87.62,0,0
2026-01-03 06:40:00,EV_BAT_01,28.2,365.32,29.07,35.51,0.4029,87.25,0,0
2026-01-03 06:41:00,EV_BAT_01,26.88,365.4,32.35,36.51,0.4266,87.19,0,0
2026-01-03 06:42:00,EV_BAT_01,26.37,364.44,20.62,34.16,0.4719,87.48,0,0
2026-01-03 06:43:00,EV_BAT_01,31.13,364.59,28.59,33.94,0.4188,87.5,0,0
2026-01-03 06:44:00,EV_BAT_01,29.59,365.54,30.01,33.97,0.4031,87.45,0,0
2026-01-03 06:45:00,EV_BAT_01,27.16,364.43,24.85,32.34,0.4454,87.01,0,0
2026-01-03 06:46:00,EV_BAT_01,21.66,362.91,27.35,34.36,0.4322,87.22,0,0
2026-01-03 06:47:00,EV_BAT_01,25.8,365.89,24.1,33.02,0.3736,87.36,0,0
2026-01-03 06:48:00,EV_BAT_01,32.41,367.48,23.26,35.06,0.4418,87.45,0,0
2026-01-03 06:49:00,EV_BAT_01,25.83,367.15,24.13,34.36,0.477,87.5,0,0
2026-01-03 06:50:00,EV_BAT_01,28.63,364.16,22.52,35.02,0.3573,87.38,0,0
2026-01-03 06:51:00,EV_BAT_01,29.25,363.41,27.7,35.08,0.3899,87.41,0,0
2026-01-03 06:52:00,EV_BAT_01,26.43,365.2,21.64,35.32,0.348,87.36,0,0
2026-01-03 06:53:00,EV_BAT_01,23.98,368.58,20.6,34.59,0.4157,87.46,0,0
2026-01-03 06:54:00,EV_BAT_01,20.35,366.97,30.92,36.47,0.4407,87.39,0,0
2026-01-03 06:55:00,EV_BAT_01,27.09,367.13,27.35,35.52,0.4169,87.34,0,0
2026-01-03 06:56:00,EV_BAT_01,23.67,367.52,15.73,34.26,0.4474,87.28,0,0
2026-01-03 06:57:00,EV_BAT_01,25.73,366.73,19.81,33.9,0.4316,87.34,0,0
2026-01-03 06:58:00,EV_BAT_01,22.48,366.25,23.53,35.3,0.4517,87.41,0,0
2026-01-03 06:59:00,EV_BAT_01,24.53,367.28,23.57,31.92,0.4364,87.36,0,0
2026-01-03 07:00:00,EV_BAT_01,25.07,365.17,16.05,33.99,0.3955,87.38,0,0
2026-01-03 07:01:00,EV_BAT_01,25.47,363.67,26.39,33.33,0.4055,87.55,0,0
2026-01-03 07:02:00,EV_BAT_01,22.32,367.59,24.82,33.64,0.3804,87.35,0,0
2026-01-03 07:03:00,EV_BAT_01,27.29,368.58,23.22,33.02,0.3946,87.18,0,0
2026-01-03 07:04:00,EV_BAT_01,23.24,364.41,26.52,35.69,0.4002,87.45,0,0
2026-01-03 07:05:00,EV_BAT_01,20.76,367.98,22.71,36.48,0.3948,87.04,0,0
2026-01-03 07:06:00,EV_BAT_01,24.1,369.6,22.53,35.18,0.4288,87.09,0,0
2026-01-03 07:07:00,EV_BAT_01,24.31,366.64,26.81,35.46,0.3854,87.34,0,0
2026-01-03 07:08:00,EV_BAT_01,24.48,365.26,24.85,36.24,0.3687,87.37,0,0
2026-01-03 07:09:00,EV_BAT_01,27.02,367.03,16.96,34.23,0.3687,87.05,0,0
2026-01-03 07:10:00,EV_BAT_01,23.41,365.9,22.76,32.54,0.4053,87.2,0,0
2026-01-03 07:11:00,EV_BAT_01,23.57,365.87,17.49,33.86,0.3523,87.15,0,0
2026-01-03 07:12:00,EV_BAT_01,21.31,367.84,22.1,35.87,0.381,87.17,0,0
2026-01-03 07:13:00,EV_BAT_01,25.44,364.26,21.94,33.69,0.4178,87.42,0,0
2026-01-03 07:14:00,EV_BAT_01,23.95,364.64,14.48,34.75,0.3906,87.37,0,0
2026-01-03 07:15:00,EV_BAT_01,22.53,367.37,19.51,34.84,0.3802,87.24,0,0
2026-01-03 07:16:00,EV_BAT_01,19.17,367.39,21.07,36.59,0.38,87.14,0,0
2026-01-03 07:17:00,EV_BAT_01,26.45,368.14,18.29,36.18,0.354,86.99,0,0
2026-01-03 07:18:00,EV_BAT_01,20.49,370.99,21.34,37.09,0.3573,87.48,0,0
2026-01-03 07:19:00,EV_BAT_01,21.8,367.91,23.37,34.79,0.3729,87.33,0,0
2026-01-03 07:20:00,EV_BAT_01,23.81,368.89,20.11,35.32,0.3837,87.09,0,0
2026-01-03 07:21:00,EV_BAT_01,20.31,366.16,21.23,33.63,0.3998,87.35,0,0
2026-01-03 07:22:00,EV_BAT_01,19.58,369.4,25.98,35.76,0.3777,87.2,0,0
2026-01-03 07:23:00,EV_BAT_01,18.11,367.18,22.47,35.35,0.4086,87.15,0,0
2026-01-03 07:24:00,EV_BAT_01,24.29,368.36,21.54,33.6,0.4144,87.28,0,0
2026-01-03 07:25:00,EV_BAT_01,21.43,368.15,17.07,34.88,0.3937,87.06,0,0
2026-01-03 07:26:00,EV_BAT_01,29.0,370.31,23.78,34.29,0.4041,87.13,0,0
2026-01-03 07:27:00,EV_BAT_01,20.3,366.2,22.62,34.0,0.3484,87.21,0,0
2026-01-03 07:28:00,EV_BAT_01,20.39,364.56,26.65,35.13,0.3443,87.09,0,0
2026-01-03 07:29:00,EV_BAT_01,21.11,368.4,21.94,33.63,0.3859,87.3,0,0
2026-01-03 07:30:00,EV_BAT_01,22.82,369.74,14.74,33.93,0.3395,87.51,0,0
2026-01-03 07:31:00,EV_BAT_01,21.19,369.29,15.48,34.92,0.3659,87.03,0,0
2026-01-03 07:32:00,EV_BAT_01,23.51,371.35,25.51,34.44,0.3926,86.87,0,0
2026-01-03 07:33:00,EV_BAT_01,19.95,370.04,20.58,34.75,0.409,86.8,0,0
2026-01-03 07:34:00,EV_BAT_01,19.0,368.35,24.93,37.54,0.3677,87.13,0,0
2026-01-03 07:35:00,EV_BAT_01,18.03,365.3,23.97,36.47,0.3583,87.03,0,0
2026-01-03 07:36:00,EV_BAT_01,17.04,369.18,23.19,33.27,0.3832,87.19,0,0
2026-01-03 07:37:00,EV_BAT_01,20.74,371.58,23.82,35.71,0.349,87.17,0,0
2026-01-03 07:38:00,EV_BAT_01,21.17,369.15,21.12,36.87,0.3723,86.85,0,0
2026-01-03 07:39:00,EV_BAT_01,20.39,370.03,24.9,36.08,0.3773,86.81,0,0
2026-01-03 07:40:00,EV_BAT_01,24.47,370.86,23.02,34.57,0.3778,87.18,0,0
2026-01-03 07:41:00,EV_BAT_01,24.39,368.4,24.28,35.68,0.3817,87.15,0,0
2026-01-03 07:42:00,EV_BAT_01,20.91,371.48,24.89,34.2,0.3598,87.04,0,0
2026-01-03 07:43:00,EV_BAT_01,17.66,373.43,25.71,35.76,0.3637,86.82,0,0
2026-01-03 07:44:00,EV_BAT_01,20.32,370.3,30.74,35.14,0.3644,87.2,0,0
2026-01-03 07:45:00,EV_BAT_01,20.21,368.71,26.98,35.4,0.3439,87.34,0,0
2026-01-03 07:46:00,EV_BAT_01,20.04,370.75,32.05,34.12,0.3944,87.15,0,0
2026-01-03 07:47:00,EV_BAT_01,19.92,366.99,34.58,35.24,0.4097,86.95,0,0
2026-01-03 07:48:00,EV_BAT_01,19.98,371.74,32.32,35.34,0.4088,87.1,0,0
2026-01-03 07:49:00,EV_BAT_01,20.54,372.07,31.52,36.98,0.3839,86.84,0,0
2026-01-03 07:50:00,EV_BAT_01,19.97,374.41,31.18,34.97,0.3718,87.28,0,0
2026-01-03 07:51:00,EV_BAT_01,21.8,371.17,33.83,36.63,0.4124,87.1,0,0
2026-01-03 07:52:00,EV_BAT_01,22.11,372.39,31.22,35.41,0.4115,86.76,0,0
2026-01-03 07:53:00,EV_BAT_01,19.29,370.24,35.31,37.03,0.4027,87.02,0,0
2026-01-03 07:54:00,EV_BAT_01,24.07,371.28,34.34,34.11,0.4427,87.15,0,0
2026-01-03 07:55:00,EV_BAT_01,19.09,369.31,30.96,34.75,0.4003,87.0,0,0
2026-01-03 07:56:00,EV_BAT_01,17.67,371.84,36.5,35.38,0.3964,87.01,0,0
2026-01-03 07:57:00,EV_BAT_01,22.06,371.77,33.8,36.1,0.3947,86.83,0,0
2026-01-03 07:58:00,EV_BAT_01,19.41,372.99,33.53,35.1,0.3676,87.15,0,0
2026-01-03 07:59:00,EV_BAT_01,21.9,371.46,32.57,35.28,0.425,86.93,0,0
2026-01-03 08:00:00,EV_BAT_01,15.9,372.87,35.66,34.87,0.4078,86.65,0,0
2026-01-03 08:01:00,EV_BAT_01,24.24,372.25,39.51,35.07,0.4251,86.97,0,0
2026-01-03 08:02:00,EV_BAT_01,22.65,372.39,39.6,36.39,0.4603,87.21,0,0
2026-01-03 08:03:00,EV_BAT_01,17.87,373.27,37.98,37.15,0.4063,86.96,0,0
2026-01-03 08:04:00,EV_BAT_01,17.91,373.33,39.49,34.89,0.3595,87.33,0,0
2026-01-03 08:05:00,EV_BAT_01,24.84,374.76,42.69,36.48,0.4319,87.09,0,0
2026-01-03 08:06:00,EV_BAT_01,19.54,373.3,37.52,36.2,0.4259,87.07,0,0
2026-01-03 08:07:00,EV_BAT_01,19.33,373.02,34.17,37.93,0.4052,86.99,0,0
2026-01-03 08:08:00,EV_BAT_01,16.19,373.46,44.34,34.74,0.4352,86.99,0,0
2026-01-03 08:09:00,EV_BAT_01,20.41,372.63,37.52,38.09,0.4467,86.95,0,0
2026-01-03 08:10:00,EV_BAT_01,20.69,373.4,37.37,34.93,0.405,86.94,0,0
2026-01-03 08:11:00,EV_BAT_01,22.78,377.84,33.43,34.13,0.4228,87.09,0,0
2026-01-03 08:12:00,EV_BAT_01,18.14,372.67,43.39,37.21,0.4689,86.82,0,0
2026-01-03 08:13:00,EV_BAT_01,17.89,373.94,35.09,37.27,0.4154,86.79,0,0
2026-01-03 08:14:00,EV_BAT_01,22.24,373.87,39.04,34.7,0.4366,86.77,0,0
2026-01-03 08:15:00,EV_BAT_01,23.48,374.26,44.85,39.69,0.3707,87.34,0,0
2026-01-03 08:16:00,EV_BAT_01,17.83,374.23,45.84,36.19,,87.06,0,0
2026-01-03 08:17:00,EV_BAT_01,23.69,375.46,40.78,38.87,0.4429,87.02,0,0
2026-01-03 08:18:00,EV_BAT_01,21.42,372.01,43.28,36.21,0.4709,86.77,0,0
2026-01-03 08:19:00,EV_BAT_01,23.76,377.08,40.74,36.86,0.4072,87.07,0,0
2026-01-03 08:20:00,EV_BAT_01,21.23,376.47,42.45,36.46,0.4442,86.93,0,0
2026-01-03 08:21:00,EV_BAT_01,15.87,373.22,46.1,36.52,0.4339,86.98,0,0
2026-01-03 08:22:00,EV_BAT_01,21.11,371.5,43.41,35.84,0.468,86.77,0,0
2026-01-03 08:23:00,EV_BAT_01,23.81,373.95,44.81,36.65,0.4145,86.97,0,0
2026-01-03 08:24:00,EV_BAT_01,19.55,375.39,40.29,36.28,0.4564,86.86,0,0
2026-01-03 08:25:00,EV_BAT_01,20.7,380.6,51.02,38.02,0.4299,86.79,0,0
2026-01-03 08:26:00,EV_BAT_01,21.2,377.05,48.86,37.44,0.4523,87.06,0,0
2026-01-03 08:27:00,EV_BAT_01,15.25,372.94,50.31,36.79,0.4489,86.64,0,0
2026-01-03 08:28:00,EV_BAT_01,25.35,375.07,52.6,37.75,0.4412,87.02,0,0
2026-01-03 08:29:00,EV_BAT_01,19.73,376.33,44.42,38.82,0.4596,87.03,0,0
2026-01-03 08:30:00,EV_BAT_01,22.87,377.0,46.56,35.57,0.4489,86.75,0,0
2026-01-03 08:31:00,EV_BAT_01,21.62,374.29,40.66,36.72,0.4445,86.75,0,0
2026-01-03 08:32:00,EV_BAT_01,24.62,376.52,61.04,37.19,0.4389,86.86,0,0
2026-01-03 08:33:00,EV_BAT_01,22.8,375.59,48.1,37.97,0.4495,86.94,0,0
2026-01-03 08:34:00,EV_BAT_01,21.44,375.0,53.06,37.59,0.4529,86.86,0,0
2026-01-03 08:35:00,EV_BAT_01,20.05,377.57,44.14,39.38,0.4223,86.96,0,0
2026-01-03 08:36:00,EV_BAT_01,23.83,378.6,,39.16,0.4378,87.2,0,0
2026-01-03 08:37:00,EV_BAT_01,18.01,378.83,56.85,38.46,0.4197,86.78,0,0
2026-01-03 08:38:00,EV_BAT_01,23.61,378.45,49.31,37.74,0.4444,86.56,0,0
2026-01-03 08:39:00,EV_BAT_01,19.83,376.63,45.63,39.08,0.4299,87.01,0,0
2026-01-03 08:40:00,EV_BAT_01,25.06,378.91,49.22,35.64,0.4632,87.16,0,0
2026-01-03 08:41:00,EV_BAT_01,22.73,378.28,40.95,37.91,0.4599,86.93,0,0
2026-01-03 08:42:00,EV_BAT_01,23.85,378.06,49.77,38.34,0.419,86.66,0,0
2026-01-03 08:43:00,EV_BAT_01,22.68,376.82,53.25,37.28,0.441,86.82,0,0
2026-01-03 08:44:00,EV_BAT_01,18.72,377.12,49.85,36.82,0.4559,86.64,0,0
2026-01-03 08:45:00,EV_BAT_01,20.75,378.24,48.86,37.76,0.4344,86.95,0,0
2026-01-03 08:46:00,EV_BAT_01,24.19,382.59,52.1,37.73,0.4193,86.59,0,0
2026-01-03 08:47:00,EV_BAT_01,23.15,378.83,52.38,37.32,0.4089,86.77,0,0
2026-01-03 08:48:00,EV_BAT_01,25.46,377.28,43.28,40.38,0.4562,86.64,0,0
2026-01-03 08:49:00,EV_BAT_01,23.82,376.97,50.21,38.16,0.456,86.84,0,0
2026-01-03 08:50:00,EV_BAT_01,20.89,377.66,59.52,37.89,0.4267,86.75,0,0
2026-01-03 08:51:00,EV_BAT_01,21.34,382.55,44.33,37.3,0.4495,86.84,0,0
2026-01-03 08:52:00,EV_BAT_01,23.4,377.99,49.21,37.99,0.3547,86.81,0,0
2026-01-03 08:53:00,EV_BAT_01,18.16,380.42,57.19,38.87,0.4604,86.62,0,0
2026-01-03 08:54:00,EV_BAT_01,27.02,378.19,53.68,39.08,0.4216,86.91,0,0
2026-01-03 08:55:00,EV_BAT_01,24.39,379.41,47.04,38.2,0.4274,86.78,0,0
2026-01-03 08:56:00,EV_BAT_01,26.21,380.44,49.73,38.75,0.4141,86.61,0,0
2026-01-03 08:57:00,EV_BAT_01,20.12,378.06,48.69,38.26,0.4553,87.19,0,0
2026-01-03 08:58:00,EV_BAT_01,26.42,378.0,45.49,37.57,0.3922,86.86,0,0
2026-01-03 08:59:00,EV_BAT_01,28.68,382.21,47.95,38.0,0.4538,86.75,0,0
2026-01-03 09:00:00,EV_BAT_01,20.96,381.06,46.87,39.32,0.4251,87.02,0,0
2026-01-03 09:01:00,EV_BAT_01,25.66,380.77,48.17,37.01,0.429,87.1,0,0
2026-01-03 09:02:00,EV_BAT_01,24.05,380.83,44.44,37.98,0.4035,86.73,0,0
2026-01-03 09:03:00,EV_BAT_01,20.75,380.3,42.03,38.8,0.3773,86.82,0,0
2026-01-03 09:04:00,EV_BAT_01,25.33,383.16,46.66,39.51,0.4315,86.57,0,0
2026-01-03 09:05:00,EV_BAT_01,26.17,379.66,53.35,36.57,0.4143,86.72,0,0
2026-01-03 09:06:00,EV_BAT_01,23.12,380.67,46.48,38.33,0.4389,86.71,0,0
2026-01-03 09:07:00,EV_BAT_01,27.1,377.07,44.46,35.58,0.3984,86.77,0,0
2026-01-03 09:08:00,EV_BAT_01,20.97,378.24,48.44,37.49,0.3911,86.79,0,0
2026-01-03 09:09:00,EV_BAT_01,21.45,377.61,44.4,37.15,0.4347,86.83,0,0
2026-01-03 09:10:00,EV_BAT_01,25.15,382.11,52.11,40.11,0.4463,86.77,0,0
2026-01-03 09:11:00,EV_BAT_01,25.01,375.26,44.22,39.0,0.3973,86.5,0,0
2026-01-03 09:12:00,EV_BAT_01,23.48,379.17,46.62,38.27,0.3768,86.55,0,0
2026-01-03 09:13:00,EV_BAT_01,26.94,374.54,40.37,39.48,0.4145,86.61,0,0
2026-01-03 09:14:00,EV_BAT_01,26.44,378.47,44.96,37.23,0.3865,86.66,0,0
2026-01-03 09:15:00,EV_BAT_01,27.27,379.11,43.6,39.71,0.4066,86.89,0,0
2026-01-03 09:16:00,EV_BAT_01,25.22,382.52,41.82,39.88,0.384,86.49,0,0
2026-01-03 09:17:00,EV_BAT_01,26.93,380.77,39.57,36.23,0.4285,86.63,0,0
2026-01-03 09:18:00,EV_BAT_01,24.73,378.58,38.55,39.47,0.3708,86.86,0,0
2026-01-03 09:19:00,EV_BAT_01,30.34,382.02,41.75,36.16,0.3994,86.63,0,0
2026-01-03 09:20:00,EV_BAT_01,24.15,380.15,42.65,38.63,0.3743,86.76,0,0
2026-01-03 09:21:00,EV_BAT_01,30.69,380.2,39.13,37.18,0.3787,86.65,0,0
2026-01-03 09:22:00,EV_BAT_01,26.25,377.99,40.28,36.83,0.3747,86.72,0,0
2026-01-03 09:23:00,EV_BAT_01,23.26,378.38,38.48,37.95,0.4028,86.63,0,0
2026-01-03 09:24:00,EV_BAT_01,29.41,378.69,38.51,39.3,0.4068,86.78,0,0
2026-01-03 09:25:00,EV_BAT_01,26.8,380.26,36.8,37.13,0.3973,86.38,0,0
2026-01-03 09:26:00,EV_BAT_01,28.51,380.32,37.16,37.39,0.3803,86.59,0,0
2026-01-03 09:27:00,EV_BAT_01,29.45,382.97,47.36,37.98,0.3863,86.7,0,0
2026-01-03 09:28:00,EV_BAT_01,27.62,380.88,37.29,35.95,0.4051,86.74,0,0
2026-01-03 09:29:00,EV_BAT_01,25.7,375.31,38.1,37.58,0.4058,86.91,0,0
2026-01-03 09:30:00,EV_BAT_01,29.27,380.65,36.75,36.97,0.3153,86.56,0,0
2026-01-03 09:31:00,EV_BAT_01,27.25,377.56,33.43,37.29,0.3759,86.9,0,0
2026-01-03 09:32:00,EV_BAT_01,28.88,378.42,39.13,37.72,0.3773,86.51,0,0
2026-01-03 09:33:00,EV_BAT_01,22.75,378.69,32.27,40.7,0.4,86.86,0,0
2026-01-03 09:34:00,EV_BAT_01,28.6,378.94,37.13,38.82,0.382,86.76,0,0
2026-01-03 09:35:00,EV_BAT_01,26.34,377.64,31.06,38.29,0.4022,86.45,0,0
2026-01-03 09:36:00,EV_BAT_01,31.5,380.47,28.04,40.52,0.3578,86.66,0,0
2026-01-03 09:37:00,EV_BAT_01,29.36,377.54,32.83,36.67,0.392,86.59,0,0
2026-01-03 09:38:00,EV_BAT_01,28.65,380.7,26.45,39.34,0.4088,86.71,0,0
2026-01-03 09:39:00,EV_BAT_01,29.32,384.05,32.51,39.24,0.3503,86.55,0,0
2026-01-03 09:40:00,EV_BAT_01,26.18,377.61,25.09,38.87,0.4509,86.53,0,0
2026-01-03 09:41:00,EV_BAT_01,32.08,379.45,28.1,40.05,0.4189,86.83,0,0
2026-01-03 09:42:00,EV_BAT_01,33.01,375.39,23.17,38.71,0.3903,86.56,0,0
2026-01-03 09:43:00,EV_BAT_01,29.63,379.36,39.72,38.3,0.3707,86.73,0,0
2026-01-03 09:44:00,EV_BAT_01,32.39,381.02,21.34,37.66,0.3883,86.53,0,0
2026-01-03 09:45:00,EV_BAT_01,27.77,381.11,27.54,38.41,0.3961,86.87,0,0
2026-01-03 09:46:00,EV_BAT_01,27.4,379.91,31.62,39.14,0.4065,86.44,0,0
2026-01-03 09:47:00,EV_BAT_01,29.37,381.33,30.76,38.43,0.4345,86.45,0,0
2026-01-03 09:48:00,EV_BAT_01,30.37,384.26,29.59,36.95,0.3866,86.83,0,0
2026-01-03 09:49:00,EV_BAT_01,28.68,382.71,24.5,39.99,0.4141,86.47,0,0
2026-01-03 09:50:00,EV_BAT_01,30.86,378.64,30.76,40.2,0.3694,86.83,0,0
2026-01-03 09:51:00,EV_BAT_01,30.48,376.91,28.62,39.57,0.3931,86.7,0,0
2026-01-03 09:52:00,EV_BAT_01,27.74,378.73,25.43,37.95,0.4145,86.51,0,0
2026-01-03 09:53:00,EV_BAT_01,31.21,377.7,25.17,38.35,0.4242,86.21,0,0
2026-01-03 09:54:00,EV_BAT_01,32.1,380.16,22.64,36.47,0.3899,86.52,0,0
2026-01-03 09:55:00,EV_BAT_01,30.71,377.15,19.87,38.94,0.3995,86.54,0,0
2026-01-03 09:56:00,EV_BAT_01,33.0,379.08,28.13,37.96,0.4489,86.73,0,0
2026-01-03 09:57:00,EV_BAT_01,27.92,380.65,28.11,38.19,0.4433,86.8,0,0
2026-01-03 09:58:00,EV_BAT_01,31.76,378.89,19.03,37.44,0.4214,86.39,0,0
2026-01-03 09:59:00,EV_BAT_01,28.29,377.3,21.66,38.96,0.3622,86.65,0,0
