Timestamp,Robot_ID,Operating_Mode,Location,Temperature_C,Humidity_percent,Battery_Voltage_V,Battery_Current_A,Vibration_g,Motor_Current_A,Motor_Speed_RPM,Motor_Temperature_C,Obstacle_Count,Ultrasonic_Distance_cm,Distance_Travelled_m,Pressure_kPa,Light_Intensity_lux,Acceleration_X_g,Acceleration_Y_g,Acceleration_Z_g,Gyroscope_X_dps,Gyroscope_Y_dps,Gyroscope_Z_dps,Sound_Level_dB,CPU_Temperature_C,Wheel_Slip_percent,Network_Latency_ms,Signal_Strength_dBm,Power_Consumption_W
2026-01-01 09:00:00,R02,Navigation,Zone_D,36.59,37.96,24.67,7.79,0.16,9.9,1101.8,47.32,3,295.2,4.31,102.48,111.32,0.079,0.465,9.811,-0.807,0.08,0.468,60.72,43.19,8.63,42.13,-60.25,67.56
2026-01-01 09:01:00,R07,Pick-and-Place,Zone_A,37.17,66.69,24.51,1.95,0.406,4.05,1472.7,62.84,2,162,3.8,101.7,141.62,0.05,-0.164,9.708,0.222,-5.956,-1.904,75.38,41.01,6.87,20.09,-54.73,68.67
2026-01-01 09:02:00,R03,Pick-and-Place,Zone_B,38.7,58.47,25.34,2.84,0.076,11.6,1329.7,49.93,3,299,3.13,104.01,86.53,0.156,0.017,10.038,-0.768,0.893,-1.58,69.59,49.76,10.59,55.52,-74.57,131.03
2026-01-01 09:03:00,R01,Charging,Zone_D,41.14,43.51,25.24,2.92,7.389,6.2,1319.9,49.02,4,343.5,0.12,101.87,147.66,0.327,-0.011,9.402,-3.367,2.208,-1.363,71.06,46.83,9.64,16.65,-57.04,125.56
2026-01-01 09:04:00,R06,Charging,Zone_C,37.92,47.37,23.28,7.8,0.586,9,1453.5,43.1,3,252.7,5.06,103.5,97.49,0.066,-0.062,9.686,-0.88,0.253,2.164,75.97,45.56,12.45,0.66,-61.96,87.06
2026-01-01 09:05:00,R06,Inspection,Zone_C,44.01,49.59,22.04,4.65,0.359,4.74,1198.2,53.25,3,218.2,3.5,102.06,56.04,0.288,-0.008,10.158,-0.881,-1.089,-0.681,70.51,49.63,7.43,20.98,-59.29,112.95
2026-01-01 09:06:00,R06,Inspection,Zone_B,46.11,37.52,23.34,6.53,0.34,4.36,1494.5,52.14,3,25.4,0.93,102.68,225.93,-0.343,-0.046,10.052,-3.885,1.905,-1.473,54.87,50.27,14.19,13.15,-53.45,163.77
2026-01-01 09:07:00,R05,Pick-and-Place,Zone_A,38.91,55.9,25.81,3.68,0.715,6.6,1519.9,53.38,3,124.4,0.11,97.97,76.99,-0.065,0.135,9.825,-3.169,-0.08,2.492,68.3,51.18,7.39,19.21,-48.21,100.33
2026-01-01 09:08:00,R05,Navigation,Zone_D,34.95,52.36,23.23,2.36,0.054,6.15,1520.7,53.82,5,322.1,0.77,101.7,32.89,-0.107,0.049,10.136,2.521,2.226,4.887,53.77,47.11,23.8,2.1,-59.65,85.87
2026-01-01 09:09:00,R04,Navigation,Zone_D,43.69,44.99,22.21,3.4,1.475,9.19,1290.7,54.4,3,213.8,0.96,100.36,37.82,0.145,-0.047,10.401,0.505,-1.981,-0.254,57.24,47.62,2.17,17.48,-49.72,86.32
2026-01-01 09:10:00,R08,Pick-and-Place,Zone_D,43.44,46.72,25.09,7.98,0.731,9.09,1316.9,50.16,2,318.6,7.35,101.76,94.26,0.226,-0.037,9.717,-2.22,-0.384,-0.164,61.41,39.05,28.91,14.53,-51.32,182.92
2026-01-01 09:11:00,R06,Navigation,Zone_A,38.61,56.81,23.74,4.53,0.192,3.89,1037.7,52.34,5,239.3,0.25,95,57.55,0.086,0.47,9.709,-0.893,0.637,4.518,70.2,47.58,17.29,32.86,-34.84,113.17
2026-01-01 09:12:00,R05,Pick-and-Place,Zone_D,44.56,59.02,22.61,2.17,1.086,10.66,989.3,51.65,1,186.4,2.35,102.01,103.27,-0.01,0.02,9.439,-2.056,-1.606,-4.003,73.95,52.01,1.63,3.85,-73.66,76.08
2026-01-01 09:13:00,R05,Pick-and-Place,Zone_B,38.42,52.01,25.26,2.78,0.123,4.11,1211.3,43.1,4,328.6,1.87,99.36,128.16,-0.047,0.107,9.505,-0.626,-0.695,-1.888,59.86,47.06,14.39,17.41,-46.43,134.35
2026-01-01 09:14:00,R03,Idle,Zone_A,47.93,48.38,23.14,4.2,1.178,8.96,1293.8,41.67,7,289.6,3.51,103.59,48.11,-0.064,0.202,9.802,0.627,-1.756,-4.144,64.26,36.51,20.77,225.8,-50.31,81.05
2026-01-01 09:15:00,R07,Navigation,Zone_B,46.57,64.27,25.64,1.64,0.168,7.98,1365.7,58.85,2,111.2,0.6,101.08,106.67,-0.571,0.189,9.292,-2.829,-0.237,-1.75,63.88,50.84,25.68,28.57,-66.79,149.56
2026-01-01 09:16:00,R06,Navigation,Zone_B,34.91,60.8,23.02,2.13,2.513,6.71,1178.2,52.62,2,66.4,3.71,100.84,59.98,-0.208,-0.225,10.331,-3.529,-4.007,-1.907,51.32,51.14,19.28,52.37,-62.51,86.99
2026-01-01 09:17:00,R04,Navigation,Zone_D,43.94,63.64,25.46,4.49,0.823,4.33,1553,57,2,283.3,1.08,99.17,26.05,-0.189,0.057,10.046,-0.316,-0.005,-1.119,76.74,46.15,7.93,38.03,-53.5,139.51
2026-01-01 09:18:00,R01,Charging,Zone_A,29.32,68.08,23.25,1.36,2.435,9.03,1689,42.33,0,106,2.33,99.68,98.52,0.332,-0.007,9.635,-2.278,0.383,-0.417,64.54,50.72,7.91,40.06,-54,182.43
2026-01-01 09:19:00,R02,Pick-and-Place,Zone_C,34.18,56.68,24.59,2.12,0.663,11.79,1679.8,54.96,2,99.7,0.87,103.24,62.65,-0.481,0.161,9.957,1.844,2.914,-1.36,78.05,49.52,18.39,42.11,-59.07,126.27
2026-01-01 09:20:00,R08,Navigation,Zone_B,42.85,72.65,23.06,5.52,0.605,7.08,1761.3,50.74,3,333.9,1.98,99.66,35.66,0.03,-0.127,9.574,2.267,1.447,1.239,62.09,52.85,5.55,17.92,-66.43,88.94
2026-01-01 09:21:00,R01,Inspection,Zone_B,40.38,55.46,24.8,1.75,0.229,7.63,1387,57.81,2,349,0.26,98.17,78.86,0.156,-0.044,10.141,1.275,-1.098,1.029,58.57,39.2,9.09,25.76,-62.99,75.37
2026-01-01 09:22:00,R08,Navigation,Zone_D,41.58,59.55,22.23,3.54,0.166,9.81,1891.7,37.92,0,107,4.84,104.26,80.91,0.103,0.237,9.963,3.241,-0.033,0.347,77.14,46.55,13.91,76.39,-48.78,147.25
2026-01-01 09:23:00,R08,Pick-and-Place,Zone_B,40.2,50.93,23.19,4.17,0.208,3.72,1299.8,65.92,2,31.8,0.71,101.88,160.25,0.143,0.011,10.102,-1.826,-0.512,-0.779,50.8,52.36,2.61,9.95,-42.93,75.35
2026-01-01 09:24:00,R05,Inspection,Zone_C,37.77,64.15,25.38,3.21,0.137,7.71,1511.1,52.25,6,359,5.7,97.35,57.38,-0.056,-0.036,9.795,-0.43,-1.288,-1.423,56.58,42.35,5.67,16.07,-61.08,105.72
2026-01-01 09:25:00,R02,Navigation,Zone_D,36.46,59.16,23.03,2.85,0.006,4.8,1150.7,53.89,1,296.6,3.07,101.64,176.17,-0.048,-0.021,9.797,2.557,0.047,-2.396,61.65,39.21,1.24,8.3,-45.71,65.22
2026-01-01 09:26:00,R01,Navigation,Zone_A,40.73,46.26,22.1,6.64,0.933,4.93,1212.6,49.81,2,65.4,6.4,104.5,30.53,0.207,-0.265,9.544,0.037,2.249,-1.421,60.22,48.07,14.18,24.52,-49.31,105.1
2026-01-01 09:27:00,R07,Navigation,Zone_B,40.61,62.5,24.58,3.61,0.647,3.67,1739.3,55.7,5,85.9,1.09,103.03,116.15,-0.16,0.62,10.099,2.519,-1.417,3.085,63.68,50.52,3.53,20.9,-59.31,184.65
2026-01-01 09:28:00,R02,Navigation,Zone_C,43.25,53.18,23.05,4.72,0.697,3.22,1360.3,57.82,1,342.3,8.44,104.32,191.35,-0.142,0.073,10.019,0.388,0.082,-1.515,65.62,52.24,16.35,276.3,-45.36,99.82
2026-01-01 09:29:00,R05,Navigation,Zone_D,39.33,71.31,25.01,2.72,0.087,6,1434.7,50.72,3,36.5,3.74,101.56,118.13,-0.367,0.258,9.797,0.638,-0.443,-1.655,62.28,39.09,5.96,16.75,-64.82,130.63
2026-01-01 09:30:00,R04,Pick-and-Place,Zone_A,40.17,56.16,22.93,3.01,0.192,11.28,1532.9,56.42,5,237.7,0.59,98.05,39.61,0.043,-0.355,9.889,-1.175,-3.162,-4.54,71,40.42,14.01,49.5,-44.99,148.03
2026-01-01 09:31:00,R01,Charging,Zone_D,37.24,58.66,22.69,4.35,0.456,6.76,1376.7,54.85,1,272.4,3.49,104.4,43.23,0.013,0.141,9.944,-3.525,0.277,0.3,67.69,44.72,2.61,52.73,-35.21,115.98
2026-01-01 09:32:00,R05,Pick-and-Place,Zone_C,34.49,48.54,24.92,3.42,0.103,11.58,1667.4,59.55,3,137.7,0.2,100.36,121.05,0.334,-0.494,9.993,3.109,1.345,1.12,68.95,48.01,6.63,26.07,-62.45,63.48
2026-01-01 09:33:00,R02,Pick-and-Place,Zone_D,38.22,59.35,24.72,1.58,0.121,4.27,1297.3,52.15,2,121.8,0.79,102.5,74.63,0.023,-0.36,9.332,1.97,0.104,-0.095,72.95,49.54,24.54,6.2,-53.7,66.58
2026-01-01 09:34:00,R03,Navigation,Zone_A,41.28,58.54,22.31,1.85,0.289,10.91,1782.3,54.71,7,104,1.6,100.67,78.1,0.128,0.006,10.228,-0.513,1.532,0.275,62.38,39.99,24.32,5.81,-51.11,67.44
2026-01-01 09:35:00,R02,Charging,Zone_B,39.58,48.49,22.46,5.28,0.632,9.46,1451,54.07,5,224.3,4.56,103.52,184.41,0.1,-0.278,9.46,1.925,0.205,-0.932,58.45,49.91,3.78,86.3,-66.82,168.87
2026-01-01 09:36:00,R05,Inspection,Zone_B,40.8,47.76,22.85,2.29,0.896,5.53,1147,49.31,2,266.2,0.18,101.56,20.49,0.156,-0.353,9.573,-3.906,-0.599,-1.759,73.56,55.07,6.93,4.2,-61.91,66.76
2026-01-01 09:37:00,R08,Pick-and-Place,Zone_C,41.31,51.56,24.53,0.48,0.309,3.4,1433.8,47.46,3,108,0.51,101.17,129.34,0.069,0.023,9.871,-3.548,0.76,-2.7,62.52,51.81,4.97,168.5,-47.05,82.26
2026-01-01 09:38:00,R08,Navigation,Zone_C,40.47,57.65,24.94,3.65,0.243,9.25,1531.4,52.69,3,164.3,3.08,100.81,39.9,-0.035,-0.14,9.993,0.031,2.781,1.191,65.85,50.47,2.74,3.38,-66.86,67.31
2026-01-01 09:39:00,R06,Pick-and-Place,Zone_A,42.99,56.18,23.75,2.25,0.593,12.51,1533.2,50.54,3,35.1,2.58,102.5,140.03,0.02,0.28,9.759,-2.442,-2.886,2.288,69.11,50.43,11.23,32.23,-52.61,96.95
2026-01-01 09:40:00,R05,Pick-and-Place,Zone_A,39.07,60.34,24.68,2.46,1.811,6.37,1543.7,50.32,5,24,5.6,100.88,107.72,0.056,0.597,10.077,0.358,-3.238,1.364,60.9,46.51,8.66,13.28,-44.9,49.86
2026-01-01 09:41:00,R02,Charging,Zone_D,42.08,78.76,25.43,5.15,0.543,9.98,1683.5,60.69,4,292.6,4.57,99.85,88.01,0.17,0.077,9.69,0.845,0.649,-2.639,69.82,49.15,5.19,57.02,-49.72,100.58
2026-01-01 09:42:00,R08,Charging,Zone_D,41.01,40.1,24.13,5.38,0.399,1.83,1495.6,54.4,0,150.8,2.08,104.56,89.56,-0.026,0.03,10.004,-0.221,-3.102,-1.536,50.93,47.86,15.88,0.57,-60.05,44.42
2026-01-01 09:43:00,R06,Inspection,Zone_C,44.58,52.22,22.45,5.29,1.085,21.02,1580.9,44.43,0,245.4,3.66,100.79,158.39,0.007,0.356,9.808,-1.981,3.042,3.147,61.08,59.47,7.88,3.81,-49.77,81.71
2026-01-01 09:44:00,R07,Inspection,Zone_B,40.42,48.34,25.03,1.29,0.016,6.38,1307.5,54.16,2,95.3,2.17,101.28,105,0.145,-0.552,10.22,-3.36,0.252,-0.744,62.26,48.23,6.86,14.07,-62.03,131.61
2026-01-01 09:45:00,R07,Charging,Zone_D,35.76,48.68,23.08,6.78,0.339,3.89,1307.7,50.43,2,212.7,0.06,101.84,112.75,-0.112,0.238,10.26,-0.639,-3.756,2.203,59.25,48.96,15.21,6.36,-51.6,141.84
2026-01-01 09:46:00,R02,Inspection,Zone_A,39.61,62.45,25.23,10.15,0.247,3.51,1293,61.19,3,313.7,1.9,98.28,206.51,0.203,0.071,9.878,-0.647,1.387,0.654,55.73,50.23,3.63,45.73,-49.87,126.35
2026-01-01 09:47:00,R01,Idle,Zone_D,43.3,50.94,22.1,3.67,0.603,2.24,1338.2,50.13,2,203.5,6.1,104.33,83.91,-0.125,-0.114,10.435,-0.016,0.486,-3.04,45.75,48.15,3.59,8.41,-53.98,168.76
2026-01-01 09:48:00,R06,Pick-and-Place,Zone_C,46.38,56.93,25.32,4.16,0.079,12.56,1595.2,51.41,3,267.5,2.3,104.81,39.09,-0.007,0.468,9.994,-1.891,3.15,2.135,69.52,52.11,16.27,46.83,-52.85,73.39
2026-01-01 09:49:00,R01,Pick-and-Place,Zone_A,38.23,53.93,24.81,9.21,0.43,7.07,1766.1,56.54,1,46.7,8.12,102.21,75.89,0.084,0.148,9.751,-0.169,-0.812,-2.85,70.01,41.04,4.46,10.96,-66.83,110.96
2026-01-01 09:50:00,R08,Idle,Zone_B,44.38,51.26,24.4,7.52,0.361,18.1,1866.5,49.08,6,106.8,0.46,99.4,128.01,-0.171,-0.046,9.916,-0.935,-0.136,-0.646,73.09,50.94,7.7,17.43,-47.18,170.05
2026-01-01 09:51:00,R04,Pick-and-Place,Zone_C,45.94,66.85,23.28,4.9,0.669,5.77,1174.9,55.12,4,235.1,8.26,102.46,30.52,0.036,-0.16,9.583,-0.564,-0.05,2.513,76.69,52.49,6.35,13.75,-56.25,105.22
2026-01-01 09:52:00,R05,Pick-and-Place,Zone_D,44.44,58.34,23.35,3.09,0.538,3.56,1716.6,54.62,4,162,0.67,101.09,40.99,-0.214,0.357,9.938,0.369,-0.649,2.588,63.42,47.75,15.41,26.07,-59.89,74.66
2026-01-01 09:53:00,R02,Pick-and-Place,Zone_D,41.79,49.59,24.29,0.94,0.446,3.53,1272.8,50.48,3,210.5,0.07,96.69,57.08,0.094,0.248,9.311,-1.019,-0.337,-0.547,63.65,50.74,2.43,16.6,-64.11,60.28
2026-01-01 09:54:00,R06,Pick-and-Place,Zone_B,41.81,65.19,23.83,2.9,0.479,6.52,1116,57.1,4,74.6,0.23,102.5,57.87,0.098,-0.122,9.42,2.364,-2.175,-0.261,68.57,51.83,12.02,25.41,-49.87,171.43
2026-01-01 09:55:00,R02,Pick-and-Place,Zone_C,38.45,56.67,22.66,3.41,2.283,8.36,1204.3,50.47,3,333,3.53,101.52,87.02,0.177,0.54,9.331,2.108,8.001,2.476,53.22,49.58,9.49,4.59,-63.13,49.45
2026-01-01 09:56:00,R01,Inspection,Zone_B,36.31,49.85,22.5,4.85,0.349,5.17,818.8,45.56,1,265.1,1.14,100.29,83.98,0.02,-0.142,10.106,2.042,-2.96,-1.964,64.06,52.36,3.56,1.57,-43.62,189.02
2026-01-01 09:57:00,R02,Navigation,Zone_A,39.05,54.09,23.25,4.41,1.005,12.81,1286.6,55.18,1,65,4.01,103.91,106.24,0.058,0.26,9.913,0.453,1.66,4.271,80.42,46.92,21.36,4.48,-58.39,78.23
2026-01-01 09:58:00,R04,Inspection,Zone_A,36.19,49.78,24.22,4.74,0.11,8.52,1509.3,56.44,0,327.8,3.79,103.41,32.2,0.326,-0.013,9.709,-1.235,2.58,-0.154,56.77,51.19,20.74,3.11,-46.96,136.87
2026-01-01 09:59:00,R03,Idle,Zone_D,39.86,67.94,23.74,3.51,2.44,13.87,1583.7,44.39,5,340.8,0.52,98.25,51.46,0.241,0.143,9.536,-0.223,-1.139,0.032,72.39,44.44,1.69,15.11,-46.5,127.85
2026-01-01 10:00:00,R04,Pick-and-Place,Zone_D,42.58,54,24.18,3.19,0.159,6.87,1607.2,50.39,4,179.3,0.75,100.59,41.1,0.104,-0.192,10.157,0.217,1.214,1.415,73.01,43.42,10.52,16.43,-49.73,51.78
2026-01-01 10:01:00,R01,Inspection,Zone_B,43.79,53.85,24.21,4.01,1.61,6.01,1453,55.56,2,79.4,0.22,103.9,67.42,0.088,-0.08,9.279,0.063,-1.946,1.325,57.47,48.07,4.69,11.25,-56.88,75.65
2026-01-01 10:02:00,R08,Inspection,Zone_B,36.51,50.45,25.08,2.7,0.923,6.03,1063.1,54.08,3,258.2,2.82,100.41,61.84,0.218,0.012,9.781,-0.565,2.206,-2.349,80.65,52.98,10.77,33.27,-58.58,76.06
2026-01-01 10:03:00,R08,Idle,Zone_D,35.64,53.06,23.56,2.23,0.376,5.05,1295.3,47.83,1,328.2,0.41,100.87,112.61,-0.531,0.066,9.372,-0.48,0.433,-1.565,54.5,54.4,15.73,18.16,-40.52,70.02
2026-01-01 10:04:00,R04,Navigation,Zone_A,44.55,58.6,25.58,4.78,0.349,5.39,1869.8,46.88,1,52.4,1.82,99.66,156.76,-0.262,-0.021,10.069,2.368,2.892,-4.387,69.94,48.72,2.22,67.89,-53.21,115.7
2026-01-01 10:05:00,R02,Idle,Zone_B,39.04,61.04,24.16,3.26,0.148,6.6,1523.1,52.56,3,203.6,0.09,102.72,50.94,-0.303,-0.351,9.414,2.051,-2.528,-2.617,68.82,47.88,6.25,28.01,-57.27,86.87
2026-01-01 10:06:00,R07,Charging,Zone_D,39.51,45.23,25.25,3.05,2.352,3.26,1370.8,51.22,1,135.6,2.16,101.98,176.51,-0.335,-0.298,9.884,0.185,1.665,2.559,75.94,45.51,18.39,0.99,-58.38,84.07
2026-01-01 10:07:00,R01,Inspection,Zone_C,45.56,47.83,22.57,2.46,0.6,10.22,1520,53.96,1,131.6,0.18,105.58,104.64,0.341,-0.089,9.643,1.104,-3.136,0.526,63.74,50.21,11.99,91.68,-40.19,77.57
2026-01-01 10:08:00,R06,Inspection,Zone_C,42.19,47.44,24.13,3.68,1.068,5.88,1613.8,52.85,4,393.9,3.97,102.05,137.31,0.325,-0.14,10.026,2.98,0.666,-0.309,64.77,45.33,22.07,4.6,-59.01,82.99
2026-01-01 10:09:00,R06,Charging,Zone_B,37.12,57.18,24.89,8.2,0.255,11.56,1486.5,51.58,3,393.6,4.12,104.17,104.11,-0.234,0.049,9.999,-0.886,1.004,0.654,72.35,52.95,6.74,31.11,-45.9,63.6
2026-01-01 10:10:00,R03,Charging,Zone_D,46.37,52.65,24.74,7.67,0.585,5.69,1576.6,55.05,6,385.3,3.15,100.97,81.1,0.17,0.347,9.951,-1.224,0.349,2.487,61.8,45.96,15.59,12.21,-45.82,136.52
2026-01-01 10:11:00,R07,Inspection,Zone_D,41.8,54.49,22.96,6.28,1.473,3.8,1594.7,51.52,4,317.8,0.17,101.08,74.46,0.088,-0.139,10.163,2.297,-3.476,1.768,72.74,45.37,24.75,40.92,-53.69,79.77
2026-01-01 10:12:00,R01,Navigation,Zone_C,38.12,52.17,24.09,5.41,0.063,3.02,1287.2,49.68,3,349,1.67,99.79,68.31,-0.094,-0.084,9.522,1.822,1.716,-2.117,56.96,46.97,2.13,7.44,-39.32,79.78
2026-01-01 10:13:00,R08,Pick-and-Place,Zone_B,43.92,67.08,22.37,3.15,1.644,10.14,1208.1,53.82,3,88.9,5.24,102.92,47.44,-0.181,0.058,9.131,0.834,-2.393,0.607,74.29,53.81,16.37,131.34,-56.42,57.49
2026-01-01 10:14:00,R04,Idle,Zone_A,39.68,38.31,23.1,8.31,0.423,7.82,1447.9,53.78,4,214.7,0.79,100.57,89.6,0.115,-0.325,10.038,-0.843,1.889,0.076,72.76,46.19,18.09,58.59,-53.2,89.02
2026-01-01 10:15:00,R04,Inspection,Zone_A,41.54,52.42,23.25,1.98,2.157,7.53,1484.2,53.55,5,18.9,6.16,104.66,153.11,-0.174,-0.186,10.054,-1.586,2.242,0.653,61.1,44.11,12.06,56.53,-48.62,109.68
2026-01-01 10:16:00,R06,Pick-and-Place,Zone_A,41.51,59.8,24.05,4.48,1.15,7.01,1433.5,39.56,3,125.3,0.52,101.31,80.51,-0.021,-0.117,9.639,0.597,-0.568,-0.61,61.64,43.41,9.61,20.76,-60.95,116.59
2026-01-01 10:17:00,R05,Pick-and-Place,Zone_D,43.47,68.49,24.25,3.85,1.368,4.07,1155.1,51.24,2,305.9,1.08,103.13,66.63,-0.191,0.212,9.535,-0.486,-4.156,0.817,65.14,47.41,16.83,11.32,-49.31,95.87
2026-01-01 10:18:00,R04,Charging,Zone_B,42.03,63.86,22.73,9.19,0.111,9.85,1296.2,45.11,5,254.2,1.7,101.86,187.84,-0.418,-0.277,9.745,-1.891,-0.564,-2.285,49.83,49.74,13.07,5.94,-52.54,81.21
2026-01-01 10:19:00,R07,Pick-and-Place,Zone_D,37.55,55.97,23.79,4.83,0.315,4.57,1331.9,41.75,4,126.2,0.98,103.35,149.85,-0.185,-0.105,9.595,0.705,0.488,0.335,77.4,46.29,20.51,6.82,-53.97,107.21
2026-01-01 10:20:00,R08,Charging,Zone_D,44.87,62.59,24.77,4.21,0.88,3.95,1783.1,55.92,5,77.9,4.62,102.59,74.86,-0.129,-0.243,9.71,0.368,1.263,0.702,61.07,55.05,13.76,1.63,-74.3,127.03
2026-01-01 10:21:00,R01,Navigation,Zone_A,39.47,56.16,24.95,3.55,0.924,10.14,1412.9,58.61,6,300,3.32,99.86,70.23,0.075,0.038,9.7,-3.361,1.072,-0.139,72.84,44.25,6.74,0.6,-58.33,93.95
2026-01-01 10:22:00,R08,Inspection,Zone_D,40.3,39.82,25.29,5.17,0.189,5.53,1564.3,49.98,2,10.3,5.21,105.15,75.65,-0.033,0.135,9.062,0.456,-0.065,4.084,72.44,47.54,23.09,6.25,-53.17,63.53
2026-01-01 10:23:00,R03,Idle,Zone_B,38.59,47.77,23.85,7.01,0.543,2.81,1511.6,70.85,4,118,2.3,97.3,230.31,0.05,-0.382,10.021,-2.601,4.083,0.088,69.32,58.52,21.6,4.43,-63.68,135.23
2026-01-01 10:24:00,R05,Inspection,Zone_A,41.72,53.18,22.84,4.52,0.916,5.35,1500.8,50.5,4,333.8,4.73,98.39,80.43,0.161,0.274,10.029,-2.437,-0.21,1.54,66.73,43.11,32.53,29.8,-59.46,83.85
2026-01-01 10:25:00,R06,Pick-and-Place,Zone_C,39.59,51.02,24.95,4.63,0.627,2.85,1379.8,54,2,385.5,4.92,101.34,38.11,-0.051,0.22,10.342,3.552,0.902,0.223,61.53,49.09,13.86,1.02,-56.61,169.39
2026-01-01 10:26:00,R05,Idle,Zone_A,38,41.84,25.78,5.58,1.267,4.91,1278.8,53.39,3,294.4,9.28,100.29,70.39,-0.337,0.382,9.911,-1.992,6.2,4.074,77.64,48.49,4.09,18.7,-53.01,69.22
2026-01-01 10:27:00,R01,Navigation,Zone_D,42.07,44.16,23.71,2.09,1.38,14.71,1506.6,54.58,3,147.2,4.57,99.63,115.19,-0.398,0.208,9.817,1.575,-1.559,-1.476,72.92,45.95,19.32,2.7,-70.21,61.12
2026-01-01 10:28:00,R05,Pick-and-Place,Zone_C,35.6,51.35,25.71,8.15,0.942,10.48,1543.8,51.88,1,178.3,12.37,101.07,89.02,0.014,0.387,9.692,-1.279,-1.281,-2.003,71.64,54.94,37.45,25.31,-61.12,109.8
2026-01-01 10:29:00,R02,Inspection,Zone_B,39.7,55.52,25.6,7.71,1.329,5.39,1569.9,50.73,0,340.1,0.25,102.29,86.77,0.007,0.047,10.215,-0.324,-0.224,0.859,54.79,42.77,33.43,18.81,-65.07,152.36
2026-01-01 10:30:00,R03,Navigation,Zone_A,37.18,54.8,25.04,4.61,0.673,20.84,1434.5,59,4,118.4,0.68,102.63,53.79,0.017,-0.177,9.69,1.451,-4.33,3.374,60.76,46.76,10.71,10.21,-49.53,78.77
2026-01-01 10:31:00,R08,Inspection,Zone_D,32.17,52.19,21.98,3.66,0.116,9.27,1394.9,44.01,0,82.9,0.84,103.17,54.02,-0.192,-0.003,10.332,-3.863,1.369,2.67,77.85,42.92,6.4,5.13,-37.61,124.57
2026-01-01 10:32:00,R01,Inspection,Zone_A,38.65,55.23,24.03,8.36,1.282,6.93,1069,49.03,2,375.8,0.71,100.3,37.65,-0.452,0.046,9.812,-2.338,3.864,3.04,64.69,54.93,10.02,17.56,-58.94,80.1
2026-01-01 10:33:00,R07,Navigation,Zone_B,46.48,42.56,25.54,2.04,0.073,4.72,1385.4,51.28,3,208.6,3.18,99.02,129.27,0.004,-0.081,9.499,-2.525,-0.505,0.265,74.28,50.48,5.72,14.58,-47.91,155.74
2026-01-01 10:34:00,R04,Charging,Zone_A,45.85,57.02,25.12,3.28,0.106,4.9,1320.3,55.54,1,356.9,1.07,108,42.76,-0.393,0.154,9.302,3.258,-0.267,-0.562,57.27,51.29,10.75,14.04,-46.92,65.57
2026-01-01 10:35:00,R02,Pick-and-Place,Zone_C,41.04,48.01,24.1,4.38,0.666,7.5,1400.3,62.86,2,114.8,3.51,99.72,65.89,0.198,-0.023,10.122,-0.3,-0.792,1.472,70.8,48.09,6.55,34.59,-66.98,92.13
2026-01-01 10:36:00,R07,Pick-and-Place,Zone_B,34.44,54.49,23.47,2.75,0.894,5.32,1252.7,54.45,4,145.5,0.98,101.93,152.84,-0.034,-0.343,9.73,-0.791,-4.754,0.532,53.92,46.31,13.29,6.34,-47.49,69.3
2026-01-01 10:37:00,R05,Pick-and-Place,Zone_B,34.94,52.98,22.62,0.58,1.361,2.26,1400.7,45.65,1,348.4,0.93,102.4,106.08,-0.295,0.098,10.009,2.032,-0.797,1.87,70.18,42.44,7.71,6.98,-48.54,126.85
2026-01-01 10:38:00,R07,Pick-and-Place,Zone_B,42.15,46.71,23.69,3.12,1.952,7.6,1333.3,54.12,4,221.3,0.85,105.46,44.94,-0.135,-0.265,9.634,0.053,2.123,3.525,57.01,59.92,4.42,35.71,-60.79,90.37
2026-01-01 10:39:00,R01,Navigation,Zone_C,41.58,56.12,22.88,1.77,0.293,3.31,1500.6,51.36,3,163,0.73,102.66,32.82,-0.253,-0.02,10.263,0.508,0.791,1.783,67.96,46.37,9.55,39.64,-51.95,97.31
2026-01-01 10:40:00,R04,Navigation,Zone_C,33.27,67.47,22.37,1.54,0.565,35.35,1307.5,54.2,5,308,2.53,99.83,130.51,-0.107,-0.32,9.848,-0.17,-2.373,-0.856,76.54,47.35,23.95,40.3,-45.24,103.61
2026-01-01 10:41:00,R04,Navigation,Zone_B,42.46,54.29,24.93,3.55,0.937,6.72,1332.6,50.78,3,10.9,3.47,98.59,44.02,0.214,-0.121,9.454,-0.363,-3.105,3.449,71.96,57.06,13.48,12.24,-49.86,87.87
2026-01-01 10:42:00,R01,Navigation,Zone_D,45.68,50.62,25.57,4.47,0.101,7.73,1083.6,51.57,3,50.8,4.94,98.63,94.59,-0.177,0.227,9.739,-1.016,-0.154,1.581,65.87,53.65,15.15,9.09,-53.35,78.8
2026-01-01 10:43:00,R05,Inspection,Zone_A,39.37,57.3,22.92,2.95,0.429,5.51,1357.8,51.63,2,383.3,0.25,103.75,79.3,0.015,-0.344,9.334,-0.272,-2.147,0.659,69.93,52.93,3.94,67.96,-55.8,101.61
2026-01-01 10:44:00,R05,Idle,Zone_B,36.73,43.43,25.88,4.28,0.406,7.31,1478.2,56.05,3,374.1,6.48,104.98,231.08,0.325,-0.18,9.526,1.926,-1.195,4.933,74.01,50.41,13.88,32.28,-48.55,107.83
2026-01-01 10:45:00,R04,Pick-and-Place,Zone_B,35.68,44.2,25.58,2.24,2.357,6.33,1403.2,42.42,2,343.7,5.32,103.73,48.7,0.031,-0.047,9.781,-2.244,-1.822,-0.298,59.61,50.5,7.5,4.33,-41.2,68.02
2026-01-01 10:46:00,R04,Navigation,Zone_C,40.19,59.38,25.9,1.56,1.114,5.82,1529.6,49.48,1,117.2,0.92,101.06,32.79,0.359,0.183,9.578,2.72,2.419,0.924,59.7,50.1,10.29,67.51,-54.88,75.75
2026-01-01 10:47:00,R03,Inspection,Zone_A,38.06,65.21,23.35,5.4,0.068,9.67,1584.7,51.79,3,70.5,1.74,100.02,69.66,-0.024,-0.014,9.75,0.845,-2.178,1.705,69.6,48.5,11.09,58.05,-63.85,53.78
2026-01-01 10:48:00,R02,Navigation,Zone_A,37.97,47.61,23.38,2.37,0.328,5.45,1053.8,48.22,3,304.5,4.63,101.31,41.5,-0.034,-0.047,9.29,-0.805,2.391,1.902,62.04,46.62,3.78,15.3,-61.66,70.17
2026-01-01 10:49:00,R06,Inspection,Zone_D,45.53,67.13,25.05,3.64,2.025,4.01,1631,53.46,4,123.6,0.71,102.17,25.23,-0.226,-0.04,10.199,-0.376,0.615,-1.987,57.49,41.6,13.46,56.29,-36.81,90.34
2026-01-01 10:50:00,R08,Inspection,Zone_A,39.08,41.95,25.17,4.44,0.032,7.38,1279.6,57.42,3,323.6,1.84,99.54,101.29,0.002,0.134,9.542,-1,-2.143,-0.354,65.76,51.14,27.07,21.21,-57.95,115.9
2026-01-01 10:51:00,R06,Charging,Zone_D,43.55,68.98,24.83,4.62,2.182,3.8,1478.1,61.57,2,114.6,3.13,97.75,138.87,0.023,-0.197,9.933,0.044,-0.637,-0.441,71.54,53.2,2.47,14.5,-55.06,102.33
2026-01-01 10:52:00,R07,Pick-and-Place,Zone_B,38.78,59.7,23.64,14.07,1.431,6.98,1621.5,53.2,5,276.5,1.79,102.79,124.87,0.082,0.286,8.996,1.583,1.244,-0.285,61.85,54.43,1.72,74.87,-56.26,79.81
2026-01-01 10:53:00,R08,Pick-and-Place,Zone_A,40.93,49.06,23.43,1.48,2.224,8.08,1571,59.2,3,213.5,0.28,100.85,86.49,-0.497,-0.062,9.32,-2.236,3.36,-0.167,73.73,51.19,14.3,80.61,-59.76,123.46
2026-01-01 10:54:00,R05,Idle,Zone_C,48.46,59.25,23.41,5.4,0.638,3.83,1189,54.47,1,41.8,1.29,102.99,44.66,-0.159,-0.118,9.788,-0.006,-0.801,-2.23,68.66,47,4.68,1.97,-52.35,78.42
2026-01-01 10:55:00,R02,Navigation,Zone_D,40.62,58.87,25.14,1.85,0.788,8.02,1802,50.15,2,384.2,7.64,104.36,43.18,-0.129,-0.09,10.123,2.146,-0.771,-0.545,78.7,46.27,18.47,2.98,-55.03,153.31
2026-01-01 10:56:00,R08,Pick-and-Place,Zone_A,38.02,56.42,23.35,2.96,1.676,8.29,1737.6,50.17,3,315.2,0.73,103.33,50.67,0.369,-0.003,9.918,-0.026,1.036,0.22,68.39,54.88,15.16,7.11,-56.24,80.79
2026-01-01 10:57:00,R01,Charging,Zone_D,39.71,58.55,23.32,4.02,0.052,10.04,1607.2,48.8,6,135.7,0.9,100.23,76.3,-0.371,-0.031,9.765,0.725,1.347,1.344,74.43,60.84,5.61,2.24,-59.73,130.95
2026-01-01 10:58:00,R04,Inspection,Zone_D,40.78,48.71,25.9,2.29,0.384,3.33,1152.2,43.93,2,26.3,5.63,99.73,176.31,0.016,-0.579,9.87,-2.311,-2.005,1.563,65.9,44.99,10.45,6.25,-49.47,99.17
2026-01-01 10:59:00,R06,Pick-and-Place,Zone_B,38.08,49.87,24.01,4.8,0.129,7.01,1098,47.36,4,392.3,1.62,106.24,301.61,0.361,0.038,9.161,-1.805,-0.206,-1.299,63.43,52.66,2.17,4.33,-59.06,154.01
2026-01-01 11:00:00,R02,Navigation,Zone_D,45.2,49.93,25.32,5.02,0.138,2.98,1299.7,56.61,1,237.3,9.06,101,41.15,-0.11,-0.493,9.885,-0.403,-3.378,-0.131,70.94,56.59,17.29,7.41,-51.45,129.02
2026-01-01 11:01:00,R06,Pick-and-Place,Zone_C,38.53,60.18,21.94,5.87,1.219,6.72,1464.3,51.08,4,111.9,0.1,102.77,38.5,-0.245,-0.279,9.433,2.257,2.706,-0.675,60.14,49.46,19.53,13.17,-61.07,56.8
2026-01-01 11:02:00,R04,Idle,Zone_B,39.02,56.77,24.14,4.1,0.025,13.95,1467.9,57.66,2,381.5,3.82,101.83,135.68,0.018,0.173,9.354,-0.498,0.108,0.527,60.8,53.49,18.63,11.39,-51.15,108.89
2026-01-01 11:03:00,R06,Pick-and-Place,Zone_A,44.04,51.37,24.59,2.71,0.646,6.99,1615.6,58.3,1,280.7,1.85,100.71,97.46,0.012,0.127,10.525,3.321,1.77,-2.49,69.57,42.56,21.38,27.77,-43.87,86.35
2026-01-01 11:04:00,R02,Navigation,Zone_B,40.62,54.58,25.23,4.2,0.347,9.66,1298.6,45.71,6,357.4,1.69,104.05,144.81,-0.102,-0.356,9.814,-0.517,1.513,-0.1,83.49,42.81,22.35,25.35,-55.19,69.72
2026-01-01 11:05:00,R03,Charging,Zone_B,33.87,49.06,25.02,2.79,1.871,5.94,1397,53.1,5,277.2,2.21,102.1,39.8,-0.267,0.364,9.882,3.963,3.128,1.323,67.48,48.36,8.42,32.1,-51.23,130.42
2026-01-01 11:06:00,R06,Navigation,Zone_B,40.55,60.75,25.83,6.45,0.018,2.4,1394.6,59.62,6,192.9,0.75,102.68,174.79,0.052,0.509,9.82,-0.942,0.959,-2.406,77.22,50.31,6.27,0.71,-51.54,69.43
2026-01-01 11:07:00,R07,Pick-and-Place,Zone_D,41.82,57.72,25.42,2.68,0.489,5.7,1706.9,52.7,3,42.9,1.87,102.77,90.22,0.11,-0.095,9.614,0.121,0.747,1.296,64.78,51.64,9.89,14.97,-63.4,155.92
2026-01-01 11:08:00,R02,Inspection,Zone_A,40.12,56.22,22.47,11.14,0.023,5.12,1512.4,51.52,6,111.9,2.17,102.46,121.81,-0.175,-0.02,9.833,-2.368,-2.612,3.145,74.17,49.51,6.41,9.6,-52.12,59.83
2026-01-01 11:09:00,R06,Pick-and-Place,Zone_A,36.92,51.89,23.74,4.46,0.644,2.65,1328.5,53.14,4,261,0.74,100.88,72.13,0.083,-0.06,10.14,-1.803,-1.183,3.619,73.78,50.19,19.91,34.35,-61.51,52.23
2026-01-01 11:10:00,R04,Pick-and-Place,Zone_A,40.2,44.46,25.56,4.32,0.264,1.78,1182,51.11,2,316.3,1.17,100.59,75.34,0.011,-0.387,9.935,2.677,0.446,2.4,70.71,51.69,8.62,26.76,-55.56,82.29
2026-01-01 11:11:00,R04,Inspection,Zone_B,42.25,38.52,24.72,2.88,0.336,4.19,1207.9,59.73,2,69.1,2.73,101.43,69.49,-0.303,0.222,10.255,2.753,-0.59,0.857,71.65,50.82,15.93,37.23,-59.84,106.75
2026-01-01 11:12:00,R01,Inspection,Zone_B,40.83,66.42,23.56,2.18,0.41,10.63,1541.9,44.33,7,350.9,5.58,100.32,193.65,0.184,-0.055,9.802,2.419,-1.3,2.195,76.66,45.52,5.46,31.03,-62.35,126.28
2026-01-01 11:13:00,R04,Pick-and-Place,Zone_B,43.91,,25.18,2.65,0.971,13.18,1269.6,45.29,2,336.8,0.92,102.53,191.36,0.093,-0.088,9.921,-0.459,0.086,2.371,57.84,44.1,4.13,6.79,-49.11,94.45
2026-01-01 11:14:00,R02,Inspection,Zone_B,38.55,58.02,24.27,4.09,1.249,9.65,1414.1,49.67,4,169.5,15.88,100.1,62.44,0.179,0.16,9.665,0.723,1.698,-1.359,60.09,46.29,13.14,51.3,-47.18,113.93
2026-01-01 11:15:00,R07,Pick-and-Place,Zone_D,41.36,45.47,22.93,2.28,0.102,5.27,1304.8,53.16,2,150.6,7.2,98.47,60.54,0.375,0.119,9.164,0.56,1.299,-0.32,73.19,48.87,12.73,10.25,-50.12,116.04
2026-01-01 11:16:00,R08,Navigation,Zone_D,33.98,55.3,25.49,5.65,1.578,8.4,1785.3,58.95,4,345,1.94,100.98,95.11,-0.275,-0.318,9.805,2.722,-1.97,0.911,56.1,52.34,18.73,30.68,-54.06,201.3
2026-01-01 11:17:00,R05,Navigation,Zone_A,40.48,45.88,23.17,1.44,0.885,4.13,1488.3,54.82,0,244.2,1.12,99.74,64.03,-0.058,-0.096,9.552,2.269,-2.433,1.042,65.73,52.81,19.14,12.35,-55.8,103.84
2026-01-01 11:18:00,R07,Inspection,Zone_C,36.2,60.7,22.36,1.58,0.256,8.85,1746.9,48.92,2,308.5,1.07,102.21,55.22,-0.137,-0.02,9.815,-4.447,-1.801,-0.242,68.13,40.05,14.47,8.68,-49.19,108.97
2026-01-01 11:19:00,R05,Charging,Zone_B,43.63,42.25,25.93,4.69,0.027,7.61,1340.9,46.91,4,105.5,0.19,99.38,80.78,0.189,-0.393,9.654,2.752,-0.111,-2.853,63.41,45.71,3.62,19.77,-63.02,182.07
2026-01-01 11:20:00,R07,Idle,Zone_C,40.75,60.22,22.6,12.97,1.003,8.85,1674,48.78,4,42.2,1.01,100.39,89.23,-0.043,0.191,9.681,-0.736,-2.689,-3.214,65.59,48.34,24.36,23.81,-45.1,166.08
2026-01-01 11:21:00,R05,Navigation,Zone_C,34.25,57.92,22.09,2.26,1.112,7.66,1530.1,49.75,1,393.9,2.74,97.33,136.27,0.09,0.449,9.63,-0.857,1.093,1.164,62.74,46.46,19.46,7.02,-70.82,161.76
2026-01-01 11:22:00,R03,Idle,Zone_B,37.6,53.32,23.84,7.41,0.583,13.19,1636.3,48.29,1,345.4,0.59,101.02,130.52,-0.298,-0.211,9.734,1.493,-1.242,1.102,64.77,50.94,28.65,12.98,-45.94,82.71
2026-01-01 11:23:00,R01,Inspection,Zone_B,40.2,51.18,22.13,3.01,1.385,10.15,1243.5,48.65,3,268.9,0.58,104.36,104.51,-0.622,-0.002,9.583,1.736,-2.805,-1.586,62.53,53.34,4.04,0.43,-61.24,110.3
2026-01-01 11:24:00,R07,Pick-and-Place,Zone_D,37.01,48.04,23.79,4.05,0.984,10.19,1453.7,55.17,4,279.8,0.76,102.98,125.24,-0.008,0.221,9.722,-3.047,2.128,-1.14,68.21,41.76,9.99,20.26,-65.04,45.35
2026-01-01 11:25:00,R07,Navigation,Zone_A,40.69,53.17,23.17,5.01,0.172,10.31,1620.4,53.87,2,341.9,0.09,104.14,87.19,0.133,-0.221,9.731,4.321,3.006,-1.248,63.73,46.98,25.19,5.92,-62.95,109.35
2026-01-01 11:26:00,R05,Pick-and-Place,Zone_A,37.59,56.67,23.13,2.93,0.702,12.68,1468.1,52.9,4,361.3,3.41,101,174.48,-0.145,0.304,9.801,1.324,-1.321,0.107,71.7,57.86,20.03,40.12,-58.82,43.87
2026-01-01 11:27:00,R01,Pick-and-Place,Zone_C,34.36,51.36,22.96,2.1,0.233,5.62,1481.9,46.58,0,221.7,2.33,101.39,123.4,-0.311,0.542,10.06,1.832,0.924,1.47,61.2,52.15,18.56,1.87,-63.37,65
2026-01-01 11:28:00,R05,Idle,Zone_A,37.21,71.05,23.45,3.72,0.446,9.83,1411.9,40.15,4,391.6,3.45,104.44,40.43,-0.414,0.025,10.549,1.018,4.001,-1.299,59.12,52.28,4.92,25.53,-69.08,98.27
2026-01-01 11:29:00,R08,Inspection,Zone_C,40.9,52.61,25.73,3.38,3.97,3.06,1392,61.61,6,316.2,0.68,101.63,55.45,-0.129,0.159,10.032,-0.229,-0.433,1.309,76.23,43.65,10.99,0.96,-54.71,146.03
2026-01-01 11:30:00,R01,Pick-and-Place,Zone_D,42.1,50.68,23.12,2.84,0.121,6.66,1356.8,50.68,1,109.6,8.9,97.49,120.19,0.098,-0.077,9.808,4.508,0.911,1.766,72.02,44.53,6.7,19.59,-52.71,54.23
2026-01-01 11:31:00,R01,Navigation,Zone_D,36.98,52.92,25.32,3.49,1.254,4.98,1415.2,44.59,4,220,3.27,99.91,117.03,0.141,0.029,9.887,-2.064,-0.809,-5.122,75.46,48.77,7.78,39.44,-57.15,180.83
2026-01-01 11:32:00,R02,Charging,Zone_B,41.48,56.58,23.07,3.76,,2.11,1463.9,47.83,2,36.7,0.83,101.39,67.85,-0.206,-0.357,9.764,2.193,-1.407,2.217,66.57,47.87,14.4,17.39,-48.2,135.61
2026-01-01 11:33:00,R07,Inspection,Zone_C,36.71,40.45,22.43,7,0.378,8.37,1325,52.74,2,111.1,1.55,104.07,63,-0.265,-0.291,9.67,-2.009,1.995,2.178,57.89,49.36,8.72,24.67,-60.42,130.67
2026-01-01 11:34:00,R04,Navigation,Zone_C,39.59,57.51,23.9,1.97,1.076,7.43,1396.8,57.65,5,158.1,2.13,99.59,65.42,-0.185,0.659,9.72,0.353,-0.13,1.063,69.28,50.14,21.05,2.37,-47.07,87.67
2026-01-01 11:35:00,R02,Navigation,Zone_D,37.69,55.16,25.15,1.72,0.072,3.66,1652.8,61.87,3,328.7,1.62,101.31,119.47,0.553,0.04,9.961,-2.333,-4.18,0.551,63.7,37.94,4.74,28.87,-59.2,102.48
2026-01-01 11:36:00,R02,Pick-and-Place,Zone_B,44.26,64.09,24.96,4.71,0.605,2.01,1608.1,51.83,4,129.5,2.15,99.96,324.76,-0.328,-0.544,9.903,-1.955,-2.742,1.713,60.34,58.81,2.68,23.54,-70.72,116.81
2026-01-01 11:37:00,R05,Inspection,Zone_A,39.47,50.24,23.57,8.84,1.807,9.14,1289.2,45.8,2,266.4,5.43,100.29,47.62,0.259,-0.077,10.319,0.949,0.587,1.457,57.74,49.95,4.59,0.48,-46.52,95.29
2026-01-01 11:38:00,R08,Navigation,Zone_D,39.13,64.17,25.17,5.03,0.915,9.51,1250.5,55.35,5,253.6,1.51,102.73,69.47,0.194,0.094,9.779,-1.551,1.391,-1.931,78.57,51.6,8.28,8.93,-51.18,137.47
2026-01-01 11:39:00,R03,Navigation,Zone_B,42.17,46.18,23.85,8.24,0.679,6.67,1180.3,60.82,5,374.1,4.18,99.17,299.71,0.075,0.149,9.896,-1.169,2.299,2.14,73.87,51.72,9.39,20.9,-61.54,50.49
2026-01-01 11:40:00,R02,Navigation,Zone_C,40.86,52.79,25.52,6.06,0.281,9.98,1244.2,62.61,3,381.4,1.01,100.69,171.58,0.208,-0.285,9.68,-4.153,-2.186,-2.489,54.08,49.81,17.44,0.89,-50.68,58.42
2026-01-01 11:41:00,R06,Navigation,Zone_A,39.91,58.17,24.56,7.33,0.128,5.93,1108.1,52.36,3,337.4,7.69,99.58,55.29,-0.203,0.106,9.959,3.288,0.999,1.646,56.72,47.07,16.51,16.94,-50.59,124.85
2026-01-01 11:42:00,R05,Navigation,Zone_A,43.19,51.07,23.71,4.36,1.327,6.09,1560.2,53.35,9,330.4,5.07,100.55,70.91,0.427,0.389,9.619,0.859,-0.358,0.332,56.98,51.08,6.46,62.8,-64.7,168.02
2026-01-01 11:43:00,R03,Idle,Zone_C,41.77,46.45,25.66,2.53,2.15,8.22,1418.3,56.69,3,10.3,0.94,100.86,106.86,0.229,0.633,10.024,1.819,3.003,1.281,70.16,44.59,23.27,24.67,-51.74,119.92
2026-01-01 11:44:00,R08,Pick-and-Place,Zone_A,32.3,52.08,24.35,2.13,1.21,11.43,1550.2,52.78,2,336.5,0.76,103.57,136.69,-0.557,-0.473,10.042,-0.91,0.838,1.968,70.72,49.72,25.35,5.85,-52.29,63.36
2026-01-01 11:45:00,R07,Pick-and-Place,Zone_C,37.71,62.97,22.6,2.67,0.36,5.04,1603.1,56.95,2,25.1,1.31,96.82,109.48,0.097,-0.444,9.829,2.078,2.345,4.1,73.93,46.61,6.2,41.78,-57.75,111.9
2026-01-01 11:46:00,R05,Pick-and-Place,Zone_D,45.71,69.35,22.47,3.72,0.102,4.56,1366.7,63.77,3,133.3,2.23,97.92,25.66,-0.243,0.425,9.862,1.469,-2.035,0.698,71.68,44.64,4.7,23.29,-69.49,125.37
2026-01-01 11:47:00,R07,Pick-and-Place,Zone_D,36.55,68.56,24.89,3.03,0.249,1.79,1497.4,48.87,9,111.4,0.92,102.59,140.1,-0.301,-0.004,9.247,-0.536,0.91,1.499,68.96,45.47,7.79,14.62,-59.44,100.97
2026-01-01 11:48:00,R06,Navigation,Zone_D,45.19,64.27,23.69,6.98,0.33,8.66,1669.5,44.43,4,303.2,11.11,98.76,157.76,-0.524,-0.151,10.175,3.025,0.528,0.294,65.65,39.6,2.49,2.55,-54.02,129.39
2026-01-01 11:49:00,R04,Charging,Zone_D,39.99,61.8,23.94,3.59,0.467,4.16,1238.2,53.88,3,57.5,4.09,102.17,91.08,0.282,0.055,9.877,-0.631,1.092,-0.371,82.52,47.07,16.21,122.19,-49.01,90.6
2026-01-01 11:50:00,R04,Charging,Zone_C,43.47,36.36,23,3.04,1.17,4.83,1291.1,50.52,2,66.7,0.59,97.04,70.3,-0.083,-0.197,9.572,-1.275,-4.204,-0.549,83.5,54.11,31.96,9.73,-58.43,99.59
2026-01-01 11:51:00,R03,Charging,Zone_A,41.49,69.65,23.12,4.86,0.143,2.31,1585.8,48.88,2,251.6,3.18,100.36,162.2,0.181,-0.185,10.156,0.223,1.829,1.164,73.23,47.58,12.95,65.36,-51.12,79.4
2026-01-01 11:52:00,R02,Navigation,Zone_B,36.98,51.41,25.68,5.07,1.323,10.83,1249.4,48.67,4,81.8,0.68,102.78,171.18,0.376,0.008,10.044,-0.39,1.16,-1.956,62.75,47.51,18.82,25.02,-51.42,49.52
2026-01-01 11:53:00,R08,Navigation,Zone_D,40.46,56.21,24.17,4.09,0.207,13.4,1107.1,52.08,3,345,3.55,100.82,101.13,-0.071,0.177,10.009,-0.434,-0.523,0.146,63.35,46.06,2.06,46.93,-66.04,161.78
2026-01-01 11:54:00,R01,Navigation,Zone_C,43.15,47.98,23.63,4.05,0.664,6.84,1061.1,51.57,5,345.8,0.2,102.12,176.94,-0.035,-0.66,9.191,-3.39,1.896,2.189,61.1,42.64,8.61,5.6,-60.48,104.51
2026-01-01 11:55:00,R08,Navigation,Zone_A,42.35,68.66,22.23,2.13,0.879,7.5,1688.7,53.63,1,24.9,0.09,101.52,190.1,-0.104,0.019,10.234,-1.661,-0.772,-2.619,55.65,51.41,4.67,1.38,-57.61,75.21
2026-01-01 11:56:00,R01,Navigation,Zone_B,42.85,78.27,25.77,4.37,0.532,4.74,1282.6,55.2,7,376.4,1.82,100.98,62.27,0.047,0.019,9.614,0.904,-1.016,-2.9,50.85,44.01,4.06,50.26,-55,142.21
2026-01-01 11:57:00,R01,Pick-and-Place,Zone_D,46.21,57.56,23.07,4.37,0.694,5.42,1782.8,51.52,1,166.2,0.01,101.94,69.74,0.519,-0.273,10.341,0.744,1.909,-3.607,74.91,53.37,2.63,13.51,-50.96,85.05
2026-01-01 11:58:00,R01,Inspection,Zone_B,43.64,64.29,25.47,6.29,0.323,7.51,1605.5,45.14,1,329.5,0.35,101.7,108.52,-0.078,-0.25,9.65,-0.196,0.229,-1.908,80.79,49.58,6.39,26.8,-57.93,121.95
2026-01-01 11:59:00,R03,Navigation,Zone_D,39.63,56.75,24.27,3.72,0.084,4.98,1391.5,53.89,4,372.5,3.12,98.43,100.89,-0.185,0.214,9.967,-1.532,1.849,1.486,60.37,46.23,3.59,34.02,-69.71,93.84
2026-01-01 12:00:00,R04,Pick-and-Place,Zone_B,35.93,57.17,22.66,3.4,1.968,6.16,1383.3,51.49,1,341.8,3.99,100.31,50.87,-0.06,-0.43,9.625,2.579,1.47,0.323,56.41,47.97,1.35,42.36,-52.39,91.87
2026-01-01 12:01:00,R08,Idle,Zone_B,41.86,52.9,23.4,1.73,0.316,2.13,1487.9,46.05,4,140.8,0.37,99.75,40,-0.401,0.243,10.121,-1.478,-0.153,-0.933,72.78,51.64,9.12,41.79,-59.6,119.94
2026-01-01 12:02:00,R06,Idle,Zone_D,39.73,67.35,24.39,1.04,0.088,6.24,1305.2,58.81,4,197.6,4.07,104.82,69.94,0.148,-0.073,9.627,-0.46,2.967,-0.003,67.3,35.92,1.68,9.13,-47.65,120.46
2026-01-01 12:03:00,R04,Pick-and-Place,Zone_A,39.63,58.78,23.34,6.33,3.423,9.39,1300.5,49.6,2,42.6,0.6,101.79,134.8,0.476,0.336,9.362,0.761,0.171,0.37,81.71,47.52,3.32,19.45,-60.55,129.55
2026-01-01 12:04:00,R01,Navigation,Zone_A,35.63,55.7,22.25,3.65,2.006,3.03,1400.9,51.12,1,359.1,0.23,102.69,46.85,-0.093,-0.414,10.054,0.151,-0.067,0.575,62.63,40.57,23.9,98.58,-42.81,110.68
2026-01-01 12:05:00,R06,Pick-and-Place,Zone_D,36.71,45.73,22.55,6.03,0.204,4.13,1294.5,61.16,1,86.4,0.18,100.85,95.97,0.214,0.268,9.729,-0.61,-0.382,3.572,55.34,49.1,1.62,30.79,-46.65,96.15
2026-01-01 12:06:00,R03,Navigation,Zone_A,34.37,70.81,25.16,4.18,1.557,10.42,1329.8,59.78,5,27.5,0.04,98.58,103.76,0.046,-0.096,9.823,2.54,2.172,3.729,63.31,45.08,3.84,2.53,-55.02,136.48
2026-01-01 12:07:00,R07,Pick-and-Place,Zone_D,45.81,48.34,22.06,3.45,1.287,6.29,1208.8,60.06,3,105.7,0.61,101.28,140.8,0.073,-0.009,9.783,0.617,-2.509,0.509,58.53,47.44,17.66,60.94,-53.45,94.59
2026-01-01 12:08:00,R04,Navigation,Zone_C,43.33,65.9,25.46,4.6,0.542,6.42,1056.2,57.55,2,47.5,1.6,100.88,74.67,-0.342,-0.177,9.487,-0.673,1.352,0.901,68.53,51.84,28.87,29.52,-46.93,81.36
2026-01-01 12:09:00,R03,Charging,Zone_D,39.83,52.46,25.48,2.52,0.14,13,1502,65.93,4,310.3,1.92,102.22,72.95,0.042,-0.149,9.461,-1.427,2.558,1.104,69.4,51.25,7.18,11.78,-62.3,55.59
2026-01-01 12:10:00,R01,Navigation,Zone_C,37.22,46.18,22.1,5.79,0.67,8.52,1322.1,57.33,3,80,0.76,103.39,129.43,0.485,0.322,9.662,-1.932,0.164,1.942,86.33,49.7,13.95,5.15,-60.26,81.93
2026-01-01 12:11:00,R02,Inspection,Zone_C,39.05,47.56,24.28,4.26,1.421,8.12,1447.6,52.55,3,180.4,0.57,97.01,111.83,-0.28,0,10.201,1.269,4.876,1.661,54.12,50.96,3.78,27.23,-51.36,88.95
2026-01-01 12:12:00,R05,Idle,Zone_B,42.72,56.31,25.48,2.75,0.157,10.77,1483,45.98,1,43.3,0.26,98.49,46.55,-0.537,-0.036,9.684,2.153,1.38,0.676,73.63,52.04,7.52,6.79,-51.5,86.61
2026-01-01 12:13:00,R01,Idle,Zone_D,36.43,59.66,22.37,4.33,0.06,2.42,1500.3,47.26,2,181.2,0.87,102.08,95.63,0.016,-0.131,9.721,-1.169,-1.843,1.158,66.41,47.61,14.57,1.05,-50.19,91.43
2026-01-01 12:14:00,R01,Inspection,Zone_B,35.23,49.82,24.7,1.53,0.009,4.65,1281.3,39.21,2,235.5,1.62,103.66,29.95,-0.209,-0.597,9.636,-1.257,-0.82,-1.042,77.66,47.6,18.16,14.76,-51.43,151.01
2026-01-01 12:15:00,R07,Inspection,Zone_C,36.09,63.41,24.97,4.9,0.171,7.35,1345.5,43.77,3,290.6,1.36,102.83,93.53,0.011,-0.007,9.93,-0.034,0.197,-2.17,62.58,51.21,17.36,30.8,-49.81,80.09
2026-01-01 12:16:00,R08,Idle,Zone_A,45.97,58.15,25.55,4.38,1.426,2.01,1307.7,56.17,0,86.1,0.44,102.87,116.86,0.472,0.163,9.807,-1.913,-1.985,-0.062,67.4,54.83,8.36,5.84,-48.12,77.92
2026-01-01 12:17:00,R02,Inspection,Zone_C,37.94,57.04,22.98,4.23,0.449,1.84,1485.9,64.78,5,312.1,9.95,105.75,149.95,0.176,0.156,9.928,1.401,-0.376,2.389,68.9,44.95,29.51,18.18,-39,56.48
2026-01-01 12:18:00,R08,Navigation,Zone_D,42.09,57.5,25.93,4.14,0.107,3.19,1589.1,52.97,6,202,0.2,101.49,55.07,0.108,-0.436,9.71,-2.25,-3.404,-1.012,63.69,45.69,1.22,27.46,-54.54,156.94
2026-01-01 12:19:00,R02,Navigation,Zone_C,36.91,63.33,22.17,5.07,0.465,10.37,1507.3,57.72,5,77,0.64,99.33,85.67,0.002,0.053,10.043,0.526,1.606,0.347,63.2,46.38,4.37,119.41,-59.62,142.25
2026-01-01 12:20:00,R02,Navigation,Zone_D,39.98,58.51,25.08,2.15,1.857,4.88,1604.8,52.47,1,346.6,2.32,104.18,38.36,-0.249,-0.01,9.663,-2.763,-1.646,-2.372,67.88,42.59,2.38,9.48,-66.78,209.86
2026-01-01 12:21:00,R06,Inspection,Zone_A,44.64,63.21,22.85,2.58,0.088,4.44,1612.7,51.57,1,371.6,7.65,97.72,55.46,0.107,0.256,9.553,-0.381,-4.352,-0.047,67.69,51.44,14.8,37.62,-55.36,125.38
2026-01-01 12:22:00,R07,Navigation,Zone_D,,64.02,22.63,5.09,0.559,8.14,1284,56.64,3,396.5,4.01,102.94,39.18,0.44,-0.051,9.592,-1.98,2.35,-4.95,82.73,46.14,21.53,118.6,-58.02,66.5
2026-01-01 12:23:00,R05,Navigation,Zone_D,43.72,61.65,22.16,1.98,1.179,4.79,1534.2,52.31,3,351.9,0.42,103.4,148.99,0.25,-0.16,9.597,2.81,0.737,0.559,67.7,50.03,37.05,0.07,-56.27,155.73
2026-01-01 12:24:00,R08,Navigation,Zone_B,35.89,51.54,25.55,3.65,0.745,4.48,1649.9,44.74,6,29.9,0.8,104.95,23.14,-0.035,-0.262,10.057,1.699,1.999,-1.444,63.11,49.71,5.81,16.38,-56,118.84
2026-01-01 12:25:00,R05,Pick-and-Place,Zone_A,42.11,40.98,23.54,2.28,0.054,9.87,1361,49.1,3,358,0.82,101.22,43.87,0.408,-0.017,9.72,1.815,0.978,-0.623,74.69,47.06,9.57,2.28,-44.84,89.41
2026-01-01 12:26:00,R04,Pick-and-Place,Zone_C,38.02,65.92,24.44,3.28,0.344,9.78,1494.8,47.85,4,141.7,0.14,98.85,128.41,-0.32,0.057,9.642,-2.788,-1.589,-1.768,77.59,47.88,9.92,0.02,-50.32,42.82
2026-01-01 12:27:00,R06,Inspection,Zone_D,43.95,38.4,23.75,4.73,0.082,2.48,1429.7,49,2,394,3.91,100.03,98.58,-0.213,-0.047,9.873,2.485,2.656,0.563,54.43,44.29,29.47,38.14,-63.22,89.35
2026-01-01 12:28:00,R06,Pick-and-Place,Zone_A,39.7,55.61,25.49,7.31,0.336,3.74,1488.7,50.87,0,321.5,1.41,99.67,181.51,-0.082,0.222,9.984,-3.15,-5.686,-2.93,62.56,51.73,3.29,18.65,-55.63,137.18
2026-01-01 12:29:00,R05,Navigation,Zone_C,33.53,50.58,23.37,8.78,0.147,5.49,1266,53.62,2,97.2,1.67,102.44,42.66,0.014,-0.566,9.519,-1.496,0.705,-2.198,59.74,49.96,12.3,1.38,-45.44,113.88
2026-01-01 12:30:00,R04,Charging,Zone_B,38.88,50.86,23.37,4.52,0.794,10.56,1422.3,55.75,7,192.5,11.05,101.18,38.44,-0.171,-0.212,9.354,-1.975,4.564,0.541,70.34,47.43,0.75,2.28,-60.89,130.21
2026-01-01 12:31:00,R05,Inspection,Zone_C,42.59,53.96,22.58,2.99,0.185,7.32,1385.1,47.7,1,66.1,2.39,102.06,103.06,-0.009,-0.034,9.55,-3.578,-1.006,2.552,71.19,48.67,33.56,19.73,-52.18,79.5
2026-01-01 12:32:00,R03,Idle,Zone_A,37,54.71,25.67,1.94,0.573,5.3,1441,51.01,1,83.9,2.22,102.14,77.51,0.16,0.275,9.58,2.025,-1.177,0.07,72.52,39.45,8.72,0.49,-59.27,44.55
2026-01-01 12:33:00,R02,Navigation,Zone_D,41.42,48.44,23.92,3.67,0.149,8.4,1269.7,54.88,6,325.3,1.98,99.65,54.25,0.374,-0.287,9.966,-5.248,-0.761,-1.748,51.09,50.23,18.09,7.35,-58.64,64.98
2026-01-01 12:34:00,R02,Navigation,Zone_C,42.75,42.8,22.91,7.72,0.553,5.21,1626.2,57.04,8,121.1,0.23,99.51,129.98,-0.151,0.274,10.091,2.344,-3.813,-1.651,60.35,46.46,15.26,48.63,-49.68,113.27
2026-01-01 12:35:00,R07,Pick-and-Place,Zone_C,39.83,49.39,24.04,1.65,0.464,3.07,1177.9,48.66,3,177.1,3.71,101.53,63.16,-0.081,-0.095,9.902,-0.537,2.25,-0.265,70.41,49.83,4.1,21.31,-55.68,75.73
2026-01-01 12:36:00,R02,Charging,Zone_A,36.97,53.54,23.09,4.8,0.158,8.76,1414.9,52.78,2,178.1,0.68,102.78,61.85,0.22,0.23,9.915,-1.784,-0.602,0.658,69.68,47.25,14.37,35.65,-62.08,112.01
2026-01-01 12:37:00,R05,Inspection,Zone_B,37.85,52.06,24.69,11.46,0.115,8.75,1528.1,49.71,3,59.4,0.83,104.01,86.86,0.193,0.251,9.487,2.762,1.319,0.576,65.71,40.71,1.17,36.34,-39.45,244.98
2026-01-01 12:38:00,R06,Charging,Zone_C,38.47,62.07,23.28,5.15,0.194,3.24,1052.7,59.58,4,389.8,1.93,103.87,163.49,0.253,-0.011,10.281,-0.062,-2.652,-0.083,70.35,52.83,12.19,34.85,-51.13,68.83
2026-01-01 12:39:00,R01,Inspection,Zone_D,48.48,57.42,24.07,7.3,0.612,8.65,1767.6,46.62,5,144.1,1.57,101.02,52.61,-0.211,-0.025,9.742,0.537,3.495,0.13,61.96,44.32,13.98,5.72,-60.03,61.31
2026-01-01 12:40:00,R04,Idle,Zone_B,42.1,66.93,25.55,5.95,0.654,3.81,1260.2,43.89,1,251.9,0.99,98.94,188.87,-0.277,0.11,10.18,-0.417,0.258,-2.411,61.47,49.94,9.07,5.43,-57.55,159.08
2026-01-01 12:41:00,R01,Navigation,Zone_A,37.19,56.67,24.24,1.22,0.144,3.73,1364.4,51.13,1,41.8,1.86,99.47,186.5,0.06,0.207,9.472,2.859,-1.018,-0.065,54.92,50.62,6.18,2.16,-49.25,200.44
2026-01-01 12:42:00,R05,Pick-and-Place,Zone_C,39.71,53.71,22.36,1.8,1.765,6.41,1500,53.9,2,358.4,2.65,104.63,117.12,-0.19,-0.318,10.057,0.513,1.624,2.172,65.94,48.56,19.51,3.85,-58.13,79.85
2026-01-01 12:43:00,R05,Charging,Zone_B,36.61,64.51,22.82,3.28,1.131,7.55,1147.2,47.66,0,288.7,1.33,105.92,41.51,-0.026,-0.178,9.842,-0.354,4.27,2.244,63.93,54.68,2.3,20.95,-64.58,76.95
2026-01-01 12:44:00,R05,Navigation,Zone_B,48.77,45.38,24.74,5.24,1.629,7.15,1620.9,55.49,7,148,0.55,97.61,110.19,0,0.21,9.905,1.072,-2.325,2.776,81.36,45.3,7.77,49.76,-53.45,107.25
2026-01-01 12:45:00,R04,Pick-and-Place,Zone_D,42.22,48.04,25.43,3.52,0.626,3.54,1153.8,54.37,4,332.2,3.61,101.89,173.04,-0.343,-0.076,10.131,-1.92,-1.463,2.829,70.09,47.55,5.87,26.76,-48.43,219.19
2026-01-01 12:46:00,R07,Pick-and-Place,Zone_B,38.33,70.77,25.1,1.64,0.145,4.86,1517.4,55.64,2,65,1.09,97.2,78.45,-0.523,0.246,10.13,-1.139,0.967,0.918,64.72,42.54,1.39,24.15,-62.89,53.43
2026-01-01 12:47:00,R07,Pick-and-Place,Zone_A,42.3,48.53,24.08,2.42,0.376,6.72,1580.1,48.32,3,36.2,0.65,100.29,72.57,-0.157,0.008,10.02,-0.541,1.819,0.551,66.92,59.45,13.29,66.04,-47.95,103.17
2026-01-01 12:48:00,R02,Navigation,Zone_B,50.54,63.97,23.59,7.17,0.264,3.01,1517.5,63.18,2,385.1,2.15,103.13,64.11,0.317,-0.18,9.834,0.085,-0.326,4.968,69.85,44.72,12.56,89.4,-51.89,129.07
2026-01-01 12:49:00,R08,Pick-and-Place,Zone_C,38.14,46.35,22.28,3.71,0.15,2.73,1423.4,51.25,2,125,0.49,103.31,66.23,0.266,0.197,9.895,-1.188,2.766,0.763,54.46,42.4,8.12,4.4,-52.48,160.98
2026-01-01 12:50:00,R02,Charging,Zone_A,39.81,64.02,23.48,4.17,0.042,2.74,1316.8,54.5,4,137.6,4.99,100.21,136.07,0.108,-0.203,10.143,-3.407,-1.727,1.397,70.21,49.15,4.35,10.63,-39.44,88.13
2026-01-01 12:51:00,R01,Inspection,Zone_D,39.81,59.02,24.77,5.43,0.809,2.52,1360.3,55.02,3,114,1.01,97.76,151.66,-0.175,0.262,9.752,2.487,0.929,-3.124,77.77,56.63,21.78,0.45,-51.88,188.66
2026-01-01 12:52:00,R08,Inspection,Zone_D,37.76,54.54,24.8,7.91,1.161,5.54,1476.7,59.58,3,333,0.41,99.83,64.2,0.189,-0.075,9.872,-0.06,-1.94,3.163,64.41,47.39,7.41,21.5,-60.99,128.03
2026-01-01 12:53:00,R04,Inspection,Zone_A,38.91,53.25,24.1,10.2,0.7,5,1421.1,63.86,0,54.2,0.87,99.79,128.37,-0.125,0.28,9.608,1.465,-1.773,-0.125,68.09,49.71,3.86,13.88,-52.27,60.36
2026-01-01 12:54:00,R06,Idle,Zone_C,40.14,52.98,24.59,4.52,1.306,11.82,1241.9,59.12,4,127.3,0.31,97.49,39.01,0.054,0.151,9.835,1.31,1.364,1.797,64.9,45.35,11.4,32.38,-30,53.3
2026-01-01 12:55:00,R07,Pick-and-Place,Zone_C,41.02,61.92,23.97,4.12,0.144,1.11,1280.9,50.73,3,57.4,4.02,100.53,95.2,-0.248,-0.324,9.6,3.669,2.831,2.445,65.03,51.22,1.8,5.62,-43.15,92.82
2026-01-01 12:56:00,R04,Pick-and-Place,Zone_B,41.27,55.27,25.85,8.91,0.251,10.44,1593.2,45.29,4,13.8,0.13,103.58,93.22,0.529,0.349,9.96,-1.771,2.728,-2.159,62.7,52.73,4.53,9.59,-49.37,170.03
2026-01-01 12:57:00,R07,Inspection,Zone_A,39.97,57.39,25.3,6.9,1.802,2.5,1296.5,51.94,4,197.8,1.18,104.1,348.43,-0.431,-0.376,9.859,2.105,-2.567,2.585,72.92,47.8,9.64,17.17,-58.83,273.77
2026-01-01 12:58:00,R07,Idle,Zone_A,34.04,42.17,23.81,1.24,0.074,2.35,1367.4,52.34,6,390.7,2.4,99.27,96.89,0.04,-0.173,10.251,-1.192,1.113,-4.939,60.58,55.78,0.46,2,-47.26,155.6
2026-01-01 12:59:00,R05,Charging,Zone_C,40.38,67.32,23.96,1.97,1.925,4.8,1428.3,49.04,6,116.3,0.76,100.98,51.36,-0.316,0,9.922,0.446,-0.948,-1.776,77.8,43.58,7.21,31.48,-56.96,88.41
2026-01-01 13:00:00,R07,Pick-and-Place,Zone_B,40.31,48.97,25.69,3.28,0.776,3.11,1688.5,47.64,4,376.7,1.56,100.61,59.79,0.243,0.203,9.474,1.172,-0.69,-1.736,67.66,45.88,18.99,4.95,-62.08,137.07
2026-01-01 13:01:00,R02,Navigation,Zone_C,37,62.66,25.73,5.27,0.108,5.52,1587,53.43,3,131.2,7.54,99.56,116.9,0.191,-0.041,10.025,4.865,2.076,1.45,72.63,48.85,10.63,1.16,-47.46,174.44
2026-01-01 13:02:00,R03,Navigation,Zone_D,38.88,50.87,23.29,3.26,0.471,5.93,1552.4,61.25,1,199.2,5.76,99.4,49.82,-0.203,-0.172,9.931,3.276,0.334,0.44,71.29,50.98,5.56,3.2,-61.7,150.05
2026-01-01 13:03:00,R01,Inspection,Zone_C,44.77,53.27,21.96,14.36,0.139,7.79,1293.2,56.93,3,340,0.83,96.62,77.08,0.377,-0.407,9.768,1.83,2.214,1.316,50.24,47.32,12.32,30.53,-63.51,105.15
2026-01-01 13:04:00,R06,Pick-and-Place,Zone_A,38.79,44.21,23.87,3.04,0.009,7.66,1451.7,61.6,4,22.5,6.23,106.77,47.15,-0.057,0.041,9.974,-2.197,-3.712,1.725,55.47,55.72,6.68,20.95,-46.42,93.18
2026-01-01 13:05:00,R07,Inspection,Zone_B,42.63,52.15,22.77,4.86,0.063,4.17,1301.3,54.47,4,133.3,0.68,98.72,65.73,-0.108,-0.03,9.843,0.895,2.049,1.331,66.32,48.48,25.6,68.12,-66.41,92.92
2026-01-01 13:06:00,R05,Charging,Zone_C,39.82,43.52,23.79,4.07,0.577,6.99,1513.4,56.46,3,91.4,0.52,105.99,48.39,0.117,0.056,9.82,-2.32,1.641,-3.002,64.13,48.98,5.85,27.78,-45.1,145.73
2026-01-01 13:07:00,R05,Pick-and-Place,Zone_B,42.08,56.79,24.41,2.08,0.493,4.17,1294.1,49.24,5,117.1,1.81,103.62,39.03,0.052,0.01,9.314,0.826,0.991,-0.587,60.01,44.44,20.09,12.66,-55.17,45.18
2026-01-01 13:08:00,R06,Navigation,Zone_A,42.57,57.07,22.65,3.93,0.375,2.93,1137.2,49.33,5,274.8,5.59,100.55,77.3,0.25,-0.251,9.702,0.93,-5.06,0.087,71.24,44.9,21.97,22.39,-61.94,129.18
2026-01-01 13:09:00,R08,Pick-and-Place,Zone_C,42.51,63.73,24.88,4.53,0.132,16.23,1581.1,49.89,3,49.7,3.36,97.87,84.19,-0.193,-0.184,9.405,3.49,0.807,-0.074,71.29,39.76,20.29,37.58,-55,80.03
2026-01-01 13:10:00,R04,Idle,Zone_B,39.12,49.44,22.09,3.45,2.438,8.47,1405,55.12,3,284.2,2.18,102.82,141.55,-0.429,-0.103,10.028,0.209,1.511,-0.019,70.89,45.07,5.13,21.46,-56.12,113.48
2026-01-01 13:11:00,R04,Inspection,Zone_D,37.76,44.77,22.02,4.85,0.137,5.56,1471.4,45.71,6,110.6,4.88,99.79,42.54,0.327,0.115,9.218,-0.739,3.182,-1.305,64.59,45.07,11.68,32.74,-56.91,65.27
2026-01-01 13:12:00,R03,Pick-and-Place,Zone_A,36.3,61.86,25.13,2.39,0.451,2.76,1554.9,52.93,8,393.7,1.21,104.72,121.95,0.184,0.067,9.492,-0.133,-4.552,1.816,67.71,52.07,5.61,34.76,-53.02,144.82
2026-01-01 13:13:00,R06,Inspection,Zone_B,40.46,53.24,22.21,1.23,0.575,5.24,1534.8,39.89,2,207.1,5.74,96.38,83.07,-0.018,-0.138,9.647,1.25,2.326,-3.023,61.36,52.82,8.95,34.5,-51.86,124.71
2026-01-01 13:14:00,R02,Pick-and-Place,Zone_D,35.52,65.92,25.48,7.83,0.645,2.6,1639.1,48.12,2,393.2,0.01,104.13,173.39,0.161,0.065,10.462,2.128,0.7,3.969,68.81,52.27,22.61,84.75,-45.2,103.9
2026-01-01 13:15:00,R02,Inspection,Zone_A,43.52,46.46,25.48,4.18,1.975,13.43,1406.9,57.26,2,180.8,2.21,105.12,72.08,-0.475,-0.045,10.2,-1.645,-0.908,0.527,64.12,46.65,18.7,9.14,-52.81,70.97
2026-01-01 13:16:00,R08,Charging,Zone_D,39.04,44.16,25.18,4.24,0.886,8.48,1228,39.98,4,277.6,3.06,100.97,218.96,0.133,-0.246,9.38,-0.095,1.668,-0.856,59.96,45.59,0.84,36.04,-59.39,155.77
2026-01-01 13:17:00,R03,Navigation,Zone_B,37.73,57.25,23.45,8.59,0.501,10.71,1432.6,49.63,1,267.2,0.72,98.59,131.47,-0.253,0.179,10.317,0.496,0.185,-2.07,78.17,46.97,21.2,27.48,-67.83,152.94
2026-01-01 13:18:00,R05,Charging,Zone_C,28.95,55.61,24.48,4.59,0.375,8.96,1665.2,51.35,2,325.5,7.3,101.34,94.59,-0.053,-0.529,9.739,-3.379,-1.524,0.253,61.7,43.18,18.48,25.99,-54.18,53.6
2026-01-01 13:19:00,R02,Navigation,Zone_A,35.52,49.05,25.34,5.99,0.09,5.75,1533.6,61.68,4,29.3,0.81,98.3,51.66,-0.445,0.061,9.955,1.937,-0.896,-2.769,62.78,52.56,40.49,18.64,-64.93,116.08
2026-01-01 13:20:00,R04,Pick-and-Place,Zone_C,36.73,60.05,24.47,2.7,0.754,10.02,1299.3,49.97,8,89.2,0.27,96.7,82.96,-0.306,0.209,9.638,0.461,-1.764,0.627,63.23,42.21,13.41,10.28,-65.93,181.29
2026-01-01 13:21:00,R07,Inspection,Zone_B,40.93,64.29,25.35,2.66,0.558,4.71,1599,50.41,4,335.1,0.11,105.41,94.94,-0.077,0.227,10.055,0.748,-2.34,-0.17,71.4,54.95,8.95,7.48,-59.3,210.64
2026-01-01 13:22:00,R01,Navigation,Zone_C,35.61,64.3,22.1,4.62,0.151,2.24,1391.8,56.15,2,350.6,0.98,100,132.18,0.095,-0.245,9.864,3.783,1.446,-2.57,60.49,48.04,5.92,16.79,-65.25,96.13
2026-01-01 13:23:00,R07,Pick-and-Place,Zone_C,39.22,64.78,23.99,2.96,0.011,2.27,1315.3,65.61,3,385.4,2.95,100.75,231.78,0.071,0.113,10.433,1.002,2.227,-1.33,69.08,46.27,16.68,56.53,-46.23,106.39
2026-01-01 13:24:00,R06,Pick-and-Place,Zone_A,38.96,62.81,24.28,3.35,1.723,3.82,1564.7,44.72,2,358,4.74,101.83,146.75,0.052,-0.162,9.997,2.041,-1.13,2.674,63.43,50.31,3.38,33.37,-57.23,193.46
2026-01-01 13:25:00,R06,Navigation,Zone_D,37.36,63.51,23.54,4.86,0.592,13.11,1351.2,47.09,1,327.3,4.46,101.43,102.41,0.333,-0.259,10.114,-1.023,-0.526,0.964,57.14,42.44,25.37,15.61,-61.15,103.48
2026-01-01 13:26:00,R02,Navigation,Zone_A,39.54,45.4,22.58,1.51,1.236,5.77,1244.6,49.46,4,273.9,0.08,103.99,104.92,-0.222,-0.357,9.843,-4.444,-0.132,1.466,70.69,44.96,13.16,52.95,-48.45,107.06
2026-01-01 13:27:00,R08,Inspection,Zone_A,41.46,53.5,25.85,5.75,0.557,15.87,1409.3,46.19,1,124.2,2.43,104.06,75.05,-0.023,0.192,9.66,-1.077,0.872,0.582,64.75,40.59,15.77,9.43,-45.46,91.67
2026-01-01 13:28:00,R01,Navigation,Zone_D,35.69,63.19,22,2.5,4.772,14.65,1223.2,54.16,1,248.3,0.35,100.73,77.92,-0.115,0.306,9.19,3.015,3.172,0.004,65.45,50.66,5.9,25.96,-79.48,135.22
2026-01-01 13:29:00,R04,Pick-and-Place,Zone_B,43.13,48.31,24.79,19.45,0.561,6.26,1718.8,55.99,2,71.4,13.05,101.54,67.74,0.044,0.067,10.012,3.027,-2.72,3.081,65.63,43.51,1.38,2.2,-46.65,83.75
2026-01-01 13:30:00,R07,Idle,Zone_A,44.84,66.94,21.92,9.41,0.621,4.87,1536.7,56.58,5,335.6,0.66,106.93,317.58,0.018,0.259,10.341,0.041,2.62,3.309,61.67,48.08,32.58,4.72,-67.01,142.21
2026-01-01 13:31:00,R06,Navigation,Zone_D,37.82,65.57,24.61,2.16,0.032,4.25,1233.3,48.32,2,174.8,1.26,101.76,217.38,0.425,0.18,9.967,-2.2,-1.682,0.223,70.77,49.2,12.02,3.54,-59.33,126.33
2026-01-01 13:32:00,R01,Pick-and-Place,Zone_D,40.35,47.09,23.64,2.88,0.106,6.16,1528.8,54.33,1,99.1,5.76,100.48,71.35,-0.085,-0.063,9.486,-0.98,1.597,-3.282,68.53,42.3,10.74,4.1,-59.3,115.07
2026-01-01 13:33:00,R08,Pick-and-Place,Zone_B,38.21,63.9,23.05,4.94,0.26,11.48,1480.4,48.56,0,389.6,2.31,100.57,31.23,-0.158,-0.267,9.821,-0.175,-0.502,-0.528,66.83,47.17,20.46,18.41,-56.16,52.91
2026-01-01 13:34:00,R08,Inspection,Zone_D,43.06,64.33,22.25,9.96,0.489,8.39,1449.7,40.3,6,394.7,1.57,102.3,25.3,0.197,0.316,10.141,-0.672,0.225,-2.413,55.52,41.06,5.31,34.82,-39.92,61.1
2026-01-01 13:35:00,R05,Navigation,Zone_B,38.67,70.01,23.37,16.44,0.8,9.51,1634.4,50.15,1,356.3,0.56,100.64,82.75,0.287,-0.447,9.767,-1.954,1.122,-2.469,62.37,55.58,21.13,7.63,-59.35,112.75
2026-01-01 13:36:00,R08,Pick-and-Place,Zone_D,34.17,56.8,24.87,2.15,1.134,,1609.8,48.52,2,38.6,0.45,101.82,107.29,0.261,0.463,10.059,1.087,-1.21,-0.321,63.47,43.79,6.27,13.59,-64.74,83.21
2026-01-01 13:37:00,R01,Pick-and-Place,Zone_A,36.03,59.32,23.53,2.13,1.312,18.85,941.1,53.76,0,11.3,2.81,99.95,37.82,-0.036,0.311,9.945,2.622,0.926,-2.47,42.67,52.31,4.74,28.45,-55.8,60.32
2026-01-01 13:38:00,R05,Navigation,Zone_D,37.24,53.61,24.29,2.81,0.143,7.59,1271.5,55.54,1,394.3,5.07,98.16,67.72,0.807,-0.235,9.321,-1.085,0.342,-2.756,64.54,44.29,14.75,18.6,-61.32,124.54
2026-01-01 13:39:00,R08,Idle,Zone_A,39.32,56.15,25.67,4.53,0.592,7.98,1253.4,52.97,1,110.5,1.26,102.32,63.35,-0.234,0.127,9.847,-2.885,-0.486,1.447,64.56,41.82,6.55,0.77,-70.8,116.41
2026-01-01 13:40:00,R08,Navigation,Zone_D,46.51,62.41,24.11,5.13,1.033,5.43,1325.7,42.96,3,70.4,1.43,105.78,53.13,-0.128,-0.02,9.846,1.282,-1.172,0.091,54.77,52.87,15.69,32.53,-47.44,130.09
2026-01-01 13:41:00,R01,Inspection,Zone_D,41.77,62.13,23.3,3.07,0.228,3.18,1469,63.29,0,39.5,10.69,97.11,111.35,0.332,0.1,9.663,0.31,0.287,1.027,66.55,46.16,22.18,0.42,-64.87,99.9
2026-01-01 13:42:00,R08,Charging,Zone_B,42.65,60.24,22.91,2.07,0.29,6.89,1171,50.87,2,14.3,3.45,100.88,257.09,0.232,0.04,10.082,-1.104,0.633,3.019,52.32,45.27,17.7,34.39,-67.65,168.24
2026-01-01 13:43:00,R04,Pick-and-Place,Zone_B,40.05,58.26,25.68,2.94,0.415,4.68,1396.5,50.24,6,309.7,3.99,101.23,82.86,-0.02,-0.429,10.239,1.995,0.76,5.668,66.38,49.61,22.49,43.65,-62.2,99.48
2026-01-01 13:44:00,R07,Navigation,Zone_D,37.4,55.77,,4.03,0.313,13.21,1377.6,48.92,2,295.8,0.31,98.37,113.4,-0.071,-0.269,9.76,0.461,-0.399,-1.892,75.38,51.88,17.95,35.2,-57.76,77.65
2026-01-01 13:45:00,R07,Pick-and-Place,Zone_C,45.66,56.25,23.56,7.51,0.842,6.67,1385.5,54.46,3,319.3,6.24,101.24,59.85,-0.187,0.123,10.222,0.16,-0.906,-1.801,61.76,40,11.82,9.15,-42.01,148.26
2026-01-01 13:46:00,R07,Idle,Zone_B,37.94,53.85,23.71,3.1,0.113,12.88,1564.6,59.05,1,58.6,0.28,104.17,74.72,-0.407,0.417,9.756,4.013,-0.952,0.049,66.38,51.46,12.63,6.99,-47.45,96.97
2026-01-01 13:47:00,R01,Charging,Zone_D,36.65,63.61,23.94,5.26,0.182,1.81,1613,54.82,4,392.1,0.46,103.19,67.64,0.098,-0.074,9.581,0.342,-3.182,-0.582,70.03,50.52,15.01,4.97,-48.59,89.56
2026-01-01 13:48:00,R06,Navigation,Zone_B,39.24,69.2,24.8,1.12,0.806,5.21,1685.9,44.67,3,388.3,1.85,97.34,91.79,0.229,-0.39,10.109,2.05,2.078,-1.139,56.79,46.51,1.65,0.64,-60.69,72.67
2026-01-01 13:49:00,R02,Pick-and-Place,Zone_C,,49.03,24.67,5.24,0.169,20.29,1220.5,53.89,4,179.1,7.37,96.68,78.93,-0.043,-0.11,10.135,2.738,-0.855,-0.22,61.46,50.33,24.2,7.14,-45.14,100.09
2026-01-01 13:50:00,R04,Pick-and-Place,Zone_D,40.04,59.27,22.59,1.22,1.145,7.11,1621.7,61.11,4,24.4,1.14,104.87,61.24,-0.028,-0.251,9.395,-1.717,5.338,-1.771,72.05,46.91,19.9,29.58,-55.4,157.67
2026-01-01 13:51:00,R04,Pick-and-Place,Zone_B,45.88,59.99,22.52,6.78,0.384,7.24,1714.6,47.78,2,72.2,4.18,98.18,41.38,0.149,0.167,9.474,0.081,-1.061,-3.181,61.27,45.63,12.15,7.46,-51.88,170.79
2026-01-01 13:52:00,R07,Charging,Zone_A,37.12,49.13,22.64,2.7,0.271,8.49,1647.1,57.9,4,155.6,3.97,101.6,157.3,-0.357,-0.111,9.689,-1.537,0.565,-0.634,67.53,51.26,19.23,55.43,-56.48,122.53
2026-01-01 13:53:00,R01,Navigation,Zone_D,42.65,45.78,25.62,7.22,0.115,8.65,1325.8,53.44,4,344.3,0.61,101.47,266.6,-0.276,0.133,9.76,-1.697,-3.84,-1.476,68.47,49.9,21.85,35.78,-65.57,122.74
2026-01-01 13:54:00,R07,Charging,Zone_C,41.79,63.8,22.02,4.77,1.254,17.07,1576,54.71,1,355.2,8.86,101,30.73,0.419,-0.065,10.012,1.498,0.503,-0.059,68.52,48.08,28.42,2.13,-59.53,65.37
2026-01-01 13:55:00,R03,Idle,Zone_A,36.98,67.95,23.18,2.08,3.062,5.7,1462.2,63.48,2,358.7,2.38,101.55,52.71,0.276,0.433,9.277,-3.625,0.78,2.193,64.81,47.39,7.67,1.2,-44.34,65.27
2026-01-01 13:56:00,R07,Inspection,Zone_A,40.07,60.24,22.39,6.36,0.022,2.66,1505.1,45.9,2,270.2,2.91,100.3,41.18,0.069,-0.235,9.281,-1.459,1.816,0.646,52.07,46.8,11.47,43.77,-63.36,206.28
2026-01-01 13:57:00,R02,Navigation,Zone_A,43.91,43.55,24.62,2.36,1.275,4.48,1394.5,54.62,7,221,2.94,99.65,152.99,-0.288,-0.481,9.569,3.11,-0.604,-2.307,70.33,53.15,4.74,3.57,-45.14,110.42
2026-01-01 13:58:00,R05,Navigation,Zone_A,42.25,68.65,24.47,4.19,0.267,6.9,1616.9,50.29,1,273.8,2.08,102.79,87.57,-0.177,-0.283,9.993,1.157,-1.103,4.572,69.58,45.03,10.74,2.18,-40.97,65.29
2026-01-01 13:59:00,R05,Navigation,Zone_B,39.24,63.48,25.71,1.76,0.295,4.51,1554.1,57.29,2,264.8,0.45,103.58,68.98,0.223,-0.19,10.071,3.601,-0.011,-3.358,71.26,58.6,4.32,42.63,-54.05,122.16
2026-01-01 14:00:00,R06,Inspection,Zone_A,36.29,50.98,25.12,4.03,0.024,10.13,1509.7,50.95,4,391,2.73,100.83,79.51,-0.07,0.294,9.839,0.827,1.317,-5.047,85.87,47.31,5.17,64.75,-63.22,62.19
2026-01-01 14:01:00,R06,Pick-and-Place,Zone_D,36.5,63.04,22.03,1.32,0.543,2.4,1536.3,56.23,4,58.6,0.72,102.16,34.18,0.014,-0.27,9.607,-0.4,2.202,-0.714,71.86,50.19,8.67,62.04,-41.97,210.43
2026-01-01 14:02:00,R02,Navigation,Zone_C,40.84,64.53,25.08,3.03,3.099,3.09,1557.4,52.81,0,100,6.4,104.98,71.26,-0.117,-0.068,9.716,0.096,-1.415,3.946,69.4,50.75,6.18,16.16,-53.59,101.34
2026-01-01 14:03:00,R01,Idle,Zone_C,43,49.54,24.51,7.03,0.245,8.44,1140.5,53.79,3,283.9,0.99,100.61,88.19,-0.025,0.413,9.403,-0.629,2.572,-1.153,64.35,51.77,7.68,1.14,-62.76,77.69
2026-01-01 14:04:00,R08,Pick-and-Place,Zone_B,41.11,40.4,25.73,2.58,0.304,10.17,1537.8,52.32,0,116.6,6.4,100.24,105.01,0.033,-0.325,9.289,-0.392,2.394,0.935,61.01,50.2,6.49,7.49,-46.45,95.62
2026-01-01 14:05:00,R08,Pick-and-Place,Zone_C,38.75,60.9,22.07,2.63,0.733,14,1173.7,50.93,5,246.7,8.4,102.5,118.49,-0.08,-0.229,9.996,-0.605,1.773,-1.215,51.92,42.9,6.55,4.36,-62.77,84
2026-01-01 14:06:00,R01,Pick-and-Place,Zone_B,38.16,55.77,24.53,4.85,0.123,2.81,1274.8,57.14,2,377,1.83,102.11,182.31,0.211,-0.18,9.795,0.628,-2.351,0.074,75.63,47.01,27.54,52.48,-43.2,104.93
2026-01-01 14:07:00,R02,Navigation,Zone_A,40.91,51.58,24.74,2.62,0.262,4.71,1645.3,51.41,2,302.6,0.24,100.88,35.73,-0.313,-0.146,9.715,-1.35,-3.9,-0.042,76.44,40.84,3.46,45.91,-48.03,90.8
2026-01-01 14:08:00,R04,Inspection,Zone_C,40.12,44.92,22.9,2.85,0.158,4.19,1293.4,49.96,1,110.2,2.33,105.63,136.25,-0.007,-0.18,9.993,-1.064,-1.074,-0.022,69.1,49.45,1.16,16.13,-58.32,87.13
2026-01-01 14:09:00,R05,Pick-and-Place,Zone_C,38.36,55.81,25.73,4.85,0.942,9.54,1796.5,45.67,2,172.4,4.14,101.37,95.45,0.11,-0.201,9.666,0.877,0.404,-0.224,65.17,44.7,8.05,13.01,-46.47,111.16
2026-01-01 14:10:00,R04,Inspection,Zone_A,39.16,53.53,25.28,3.03,1.166,12.06,1447.7,50.58,1,70,0.79,103.05,146.37,-0.162,0.678,9.676,0.396,-2.235,-0.071,75.12,55.65,13.14,62.84,-43.39,153.92
2026-01-01 14:11:00,R06,Idle,Zone_C,42.4,52.49,25.34,3.65,1.107,2.45,1541.8,46.85,6,11.8,0.24,98.55,344.55,-0.356,0.085,9.701,0.767,1.19,-0.29,64.1,48.35,34.89,9.85,-58.04,59.79
2026-01-01 14:12:00,R04,Pick-and-Place,Zone_D,36.62,57.8,24.58,2.41,1.882,9.04,1781.1,50.63,3,292.8,2.18,101.41,154.47,-0.086,-0.35,9.46,-1.537,-2.387,0.196,61.28,41.49,7.87,17.29,-50.82,174.49
2026-01-01 14:13:00,R06,Navigation,Zone_B,44.89,53.94,24.69,2.73,0.217,9.76,1426,56.84,5,88.2,1.63,101.12,111.24,0.095,-0.074,10.322,2.275,1.147,-0.004,66.79,45.21,1.24,2.26,-64.86,120.03
2026-01-01 14:14:00,R06,Pick-and-Place,Zone_B,35.58,44.64,23.02,5.79,0.666,4.13,1231.4,48.09,3,164.6,2.3,99.9,99.08,-0.194,0.122,9.585,-4.167,-0.151,-0.96,64.08,48.19,13.08,19.81,-66.22,66.31
2026-01-01 14:15:00,R07,Pick-and-Place,Zone_C,47.18,52.48,23.01,3.3,0.993,13.28,1515.3,59.05,2,271.4,2.19,105.59,35.44,0.376,0.242,9.871,-0.783,0.24,-1.98,70.47,52.5,12.87,28.36,-52.82,182.42
2026-01-01 14:16:00,R03,Navigation,Zone_C,35.25,60.24,23.47,4.1,0.476,8.04,1552.2,44.36,4,277,2.68,102.98,68.83,-0.059,-0.162,9.927,-0.83,2.603,1.269,65.66,45.44,6.82,3.01,-62.45,135.28
2026-01-01 14:17:00,R03,Navigation,Zone_B,40.97,67.94,23.33,3.06,0.12,6.42,1490.6,55.32,3,236.2,0.58,103.51,70.44,-0.185,0.305,9.681,0.708,-1.121,1.808,71.76,43.5,7.02,3.29,-44.39,67.35
2026-01-01 14:18:00,R04,Charging,Zone_D,42.41,68.67,23.31,6.65,0.277,6.58,1476.6,52.87,2,281.6,0.77,101.71,262.63,0.219,-0.052,10.052,-0.497,3.159,1.9,65.13,48.65,10.68,23.28,-52.77,164.88
2026-01-01 14:19:00,R02,Navigation,Zone_B,44.99,47.77,24.71,4.85,1.736,4.19,1566,56.83,4,11.3,1.56,102.65,82.08,-0.12,0.281,9.644,1.987,-2.558,1.772,76.06,51.93,10.25,15.09,-60.82,129.16
2026-01-01 14:20:00,R03,Inspection,Zone_B,43.14,49.58,25.41,4.7,0.548,3.42,1449.9,48.29,3,309,1.74,97.83,215.67,0.252,-0.229,9.736,-1.983,2.454,2.515,61.45,54.3,22.37,13.15,-52.07,155.15
2026-01-01 14:21:00,R07,Pick-and-Place,Zone_D,44.24,52.61,25.85,3.78,1.022,12.22,1457.9,59.92,0,350.3,1.1,103.19,120.91,0.722,0.006,9.509,-0.174,0.617,0.436,78.7,42.87,6.9,40.72,-47.21,86.87
2026-01-01 14:22:00,R06,Inspection,Zone_D,35.32,56.74,25.35,9.26,0.38,9.53,1562.5,50.96,4,312.2,0.34,105.93,252.45,0.152,-0.211,9.524,1.802,1.716,-0.21,65.02,41.1,17.25,12.04,-68.5,158.26
2026-01-01 14:23:00,R08,Navigation,Zone_D,38.02,37.33,23.93,2.61,0.53,0.86,1548.6,48.83,2,245,0.16,100.98,239.64,-0.287,0.097,8.976,2.96,1.553,-1.591,71.59,39.67,12.41,33.11,-64.76,145.48
2026-01-01 14:24:00,R08,Idle,Zone_C,37.87,54.31,25.31,3.36,0.067,6.2,1390.3,50.49,4,159.8,0.9,100.85,90.66,0.131,0.126,9.589,-0.58,-2.218,2.631,67.35,46.84,20.22,5.74,-56.81,114.7
2026-01-01 14:25:00,R04,Navigation,Zone_A,41.35,63.04,22.81,4,0.622,4.86,1341.3,47.82,2,323.1,1.39,100.49,45.65,0.492,-0.049,9.469,-2.093,1.677,0.427,63.3,49.83,3.03,18.76,-45.44,106.84
2026-01-01 14:26:00,R02,Pick-and-Place,Zone_A,38.56,55.81,23.57,1.77,1.151,12,1448.5,57.16,2,324.6,1.84,99.88,24.58,-0.335,-0.166,9.807,0.093,-1.774,-0.46,63.09,46.33,23.43,1.11,-48.56,79.03
2026-01-01 14:27:00,R02,Charging,Zone_D,41.44,45.14,22.61,1.61,0.109,7.22,1212.2,46.01,3,183,0.5,102.58,53.53,-0.264,0.142,9.651,1.058,0.042,-0.032,60.94,51.44,6.57,7.57,-51.32,69.88
2026-01-01 14:28:00,R02,Navigation,Zone_D,41.54,44.02,23.48,7.11,0.312,5.21,1722.5,51.99,0,33.3,3.05,100.45,100.85,-0.012,0.045,9.976,-0.807,3.379,4.691,57.21,46.69,35.83,11.93,-51.95,95.02
2026-01-01 14:29:00,R08,Pick-and-Place,Zone_D,31.33,46.93,25.54,7.55,0.496,4.69,1651.1,56.52,3,231.6,1.93,101.06,123.19,0.226,0.079,9.951,-2.214,-0.078,0.093,60.51,44.34,13.98,6.6,-50.56,82.73
2026-01-01 14:30:00,R02,Navigation,Zone_B,40.44,59.36,23.64,1.37,0.872,3.96,1685.2,50.4,0,337.7,3.75,101.77,91.64,-0.15,0.231,9.863,0.436,-1.003,0.586,57,45.22,0.63,14.33,-57.47,94.14
2026-01-01 14:31:00,R07,Pick-and-Place,Zone_B,40.05,59.5,25.12,7.18,0.278,8.58,1101.7,48.2,3,389.9,1.38,98.88,122.3,0.427,0.308,9.282,-0.076,2.325,2.83,72.17,47.37,15.68,6.86,-53.49,79.12
2026-01-01 14:32:00,R07,Pick-and-Place,Zone_A,39.13,45.16,22.81,4.4,0.05,3.71,1428.7,42.86,5,252.9,3.7,105.58,68.05,-0.236,-0.162,10.535,-0.066,3.862,1.825,74.39,46.25,4.36,37.07,-57.27,50.94
2026-01-01 14:33:00,R07,Pick-and-Place,Zone_D,38.74,47.39,23.24,8.91,1.146,10.33,1509,54.61,1,13.2,1.97,101.86,103.8,0.148,-0.165,10.164,2.503,2.616,2.009,59.99,41.96,7.14,23.95,-68.55,128.07
2026-01-01 14:34:00,R02,Inspection,Zone_A,39.62,51.42,25.17,2.56,1.235,4.38,1516,47.38,2,183.2,7.99,104.72,59.63,0.547,0.174,9.949,1.292,2.294,-2.404,75.18,41.56,4.46,58.97,-62.09,96.02
2026-01-01 14:35:00,R05,Navigation,Zone_B,42.82,55.54,22.94,6.23,0.186,9.72,1325.5,49.07,2,58,7.48,100.86,113.31,-0.504,0.044,9.477,1.072,-0.082,-1.861,74.28,48.74,1.03,3.42,-51.35,105.26
2026-01-01 14:36:00,R03,Navigation,Zone_A,37.08,45.7,25.17,5.19,1.028,7.27,1360.2,51.67,3,247,0.35,99.25,95.52,0.342,0.34,9.943,-2.22,-0.136,-3.593,71.51,49.53,27.1,39.97,-53.78,87.88
2026-01-01 14:37:00,R05,Navigation,Zone_C,37.08,50.31,22.86,3.5,0.945,4.68,1085.2,52.55,1,346,0.26,101.37,85.66,-0.307,0.271,10.023,1.477,1.185,-2.377,69.6,40.18,29.16,15.96,-53.12,60.61
2026-01-01 14:38:00,R06,Charging,Zone_C,40.85,73.52,24.55,4.18,0.502,7.15,1261.4,55.1,2,298.3,0.23,101.84,109.25,-0.285,-0.303,9.413,-1.166,-1.259,-1.32,57.7,46.06,15.16,24.33,-42.6,103.58
2026-01-01 14:39:00,R05,Pick-and-Place,Zone_D,39,66.38,24.44,4.92,0.852,2.48,1538.2,52.05,4,175.1,3.38,100.27,94.78,-0.008,0.378,10.449,0.827,-2.054,0.793,68.19,41.63,10.53,24.04,-50.81,120.63
2026-01-01 14:40:00,R06,Inspection,Zone_A,36.05,65.7,25.5,2.89,0.858,6.14,1312.6,53.12,5,318,1.61,106.75,41.84,-0.249,0.251,9.427,0.022,-1.478,-2.102,70.08,48.23,11.56,7.78,-54.92,107.8
2026-01-01 14:41:00,R08,Navigation,Zone_D,45.79,50.78,23.55,4.72,0.084,4.73,1420.2,45.78,6,140.7,1.18,100.47,83.02,0.159,-0.542,9.592,-1.285,1.909,-1.276,63.68,49.94,14.97,2.62,-52.15,122.17
2026-01-01 14:42:00,R02,Pick-and-Place,Zone_B,39.75,45.29,23.54,1.94,0.982,6.15,1443.3,56.7,1,140.6,3.29,96.11,106.01,0.293,-0.03,9.64,-0.201,-1.806,-0.047,66.02,56.12,8.02,42.16,-52.21,74.77
2026-01-01 14:43:00,R01,Idle,Zone_B,38.12,59.47,23.6,4.24,0.721,8.87,1506.3,42.91,2,80.7,0.87,100.28,209.33,-0.021,0.419,10.389,1.758,-0.689,3.131,72.58,55.08,7.2,2.89,-65.28,104.84
2026-01-01 14:44:00,R06,Charging,Zone_C,43.4,51.73,22.24,3.43,1.89,13.53,1137.5,52.64,5,53.7,0.28,100.36,79.75,0.452,0.212,9.843,1.662,-1.49,-0.361,60.57,49.93,19.95,8.42,-40.02,155.04
2026-01-01 14:45:00,R05,Navigation,Zone_B,34.7,48.26,25.54,3.99,0.966,12.06,1685.7,54.84,3,17.5,1.1,102.21,197.62,-0.033,-0.407,10.076,-0.952,-4.037,-0.579,68.66,52.5,15.11,3.55,-56.21,68.31
2026-01-01 14:46:00,R03,Charging,Zone_C,43.74,46.23,25.14,9.79,0.119,8.13,1259.6,46.37,5,93.1,1.3,103.08,44.48,0.028,0.159,9.657,-0.272,-1.189,1.409,72.78,45.15,25.54,29.65,-50.3,75.24
2026-01-01 14:47:00,R04,Inspection,Zone_B,40.34,54.21,25.63,8.32,0.729,4.64,1373.1,48.16,4,127.5,1.52,102.12,59.1,0.163,0.02,9.546,-1.63,0.932,0.169,57.25,46.91,11.52,6.71,-60.83,99.62
2026-01-01 14:48:00,R02,Charging,Zone_D,39.2,55.33,22.41,4.13,0.25,6.78,1433.7,50.08,3,389.8,0.05,103.07,170.91,-0.255,-0.315,9.426,1.151,0.216,-1.467,72.29,45.05,5.28,70.4,-49.78,79.11
2026-01-01 14:49:00,R03,Pick-and-Place,Zone_D,37.89,47.61,25.43,4.75,0.247,6.11,1193.4,54.36,5,244.9,0.26,98.69,168.41,-0.057,-0.279,10.039,-0.312,2.345,-0.63,63.7,53.52,1.95,59.18,-48.19,41.36
2026-01-01 14:50:00,R07,Inspection,Zone_D,42.49,59.98,24.92,1.35,0.748,3.64,1516.5,56.64,1,235.9,3.86,97.55,63.05,-0.24,0.203,9.686,-2.945,-0.488,1.55,67.08,44.73,9.36,27.85,-53.09,163.05
2026-01-01 14:51:00,R02,Idle,Zone_C,43.17,65.5,23.08,3.36,0.355,2.04,1308.2,55.23,4,394.3,2.18,99.84,76.55,-0.155,0.211,9.569,0.907,-2.25,-2.159,62.81,49.81,26.78,46.7,-51.66,90.48
2026-01-01 14:52:00,R08,Idle,Zone_B,37.29,53.06,22.53,0.69,1.083,10.19,1427,50.01,4,220.9,1.34,100.06,62.53,0.379,0.307,9.569,-1.041,1.329,0.976,64.57,45.64,8.37,36.41,-58.11,156.48
2026-01-01 14:53:00,R07,Navigation,Zone_B,42.08,49.69,25.55,6.28,1.801,2.42,1379.2,52.32,4,13.1,8.11,100.29,206.47,-0.282,0.086,9.915,-1.063,2.568,1.886,66.99,54.18,7.57,28.12,-43.78,105.86
2026-01-01 14:54:00,R06,Idle,Zone_D,43.53,61.14,25.54,3.21,3.616,4.49,1749.1,45.77,4,341.8,2.92,98.41,179.19,0.015,-0.008,9.877,0.421,3.048,1.106,74.45,41.12,9.19,25.27,-45.13,119.77
2026-01-01 14:55:00,R01,Charging,Zone_B,38.62,48.59,25.38,5.29,0.634,,1420,46.04,1,243,3.56,99.29,156.73,0.495,-0.066,9.735,-6.575,-1.306,0.916,67.92,49.43,19.03,24.12,-47.81,121.59
2026-01-01 14:56:00,R06,Pick-and-Place,Zone_C,37.2,49.74,25.44,5.1,0.815,3.82,1755.3,55.56,2,277.8,0.8,97.18,72.76,0.081,0.039,9.335,2.574,0.081,1.941,77.83,45.09,18.17,12.19,-64.06,82.07
2026-01-01 14:57:00,R06,Pick-and-Place,Zone_D,35.85,48.5,22.86,1.77,0.489,6.37,1248.6,58.12,6,241,4.01,101.15,73.64,0.473,-0.159,9.276,2.3,-0.85,-1.707,62.66,49.63,10.36,20.26,-51.35,86.66
2026-01-01 14:58:00,R02,Navigation,Zone_B,42.55,57.91,25.03,4.9,0.042,2.51,1502.3,53.74,1,121.2,0.13,102.09,38.23,-0.19,-0.12,9.765,-2.123,2.888,0.738,68.17,48.74,11.08,75.46,-69.07,95.62
2026-01-01 14:59:00,R05,Inspection,Zone_C,40.56,56.89,24.16,1.97,1.228,5.39,1598.7,52.18,3,320.8,2.54,101.84,75.29,0.182,0.163,10.069,-1.75,-0.764,0.977,70.15,43.9,5.57,,-63.68,68.21
2026-01-01 15:00:00,R04,Pick-and-Place,Zone_D,35.96,54.76,21.85,10.75,1.336,4.76,1282.2,47.14,1,41.7,1.05,102.34,67.8,0.439,-0.177,9.886,-1.975,-2.864,-1.682,69.03,43.64,6.99,1.49,-40.69,60.67
2026-01-01 15:01:00,R03,Pick-and-Place,Zone_A,37.83,73.56,22.46,3.07,0.034,9.22,1131.8,46.44,3,81.4,3.35,103.16,56.16,0.034,0.13,9.585,3.346,1.694,-6.138,59.46,46.68,26.79,13.45,-49.86,133.88
2026-01-01 15:02:00,R04,Navigation,Zone_A,38.34,49.75,21.99,3.43,1.699,7.93,1585.3,48.03,4,294.9,3.2,100.58,78.65,0.1,-0.008,10.235,-3.775,5.261,-0.289,61.75,48.66,21.35,31.92,-50.79,146.24
2026-01-01 15:03:00,R01,Inspection,Zone_C,41.61,48.24,22.37,8.53,1.834,7.87,1414.8,61.17,3,392.7,4.74,101.82,92.86,-0.087,-0.366,9.692,0.824,0.714,1.878,64.08,52.1,4.87,21.08,-68.12,77.98
2026-01-01 15:04:00,R07,Navigation,Zone_C,41.86,64.53,22.32,2.79,0.481,8.63,1695.6,45.27,2,328.7,2.89,101.89,20.71,0.137,0.001,9.58,-2.277,1.017,0.125,67.76,50.63,7.16,23,-61.04,87.45
2026-01-01 15:05:00,R01,Navigation,Zone_C,37.05,53.87,23.93,3.64,1.323,4.09,1212,52.66,1,198.6,2.94,101.99,133.99,-0.075,0.217,9.94,2.651,0.816,1.243,63.07,44.1,6.35,32.84,-62.36,86.66
2026-01-01 15:06:00,R07,Navigation,Zone_B,39.78,63.33,23.01,3.58,0.362,5.7,1441.6,54.54,1,311.4,9.82,102.39,88.09,-0.462,-0.056,9.622,1.675,3.828,-2.772,72.9,42.57,17.98,4.23,-61.56,80.37
2026-01-01 15:07:00,R01,Navigation,Zone_A,43.77,66.88,22.66,3.35,0.771,4.76,1195.5,52.63,5,301.1,2.49,99.93,65.34,0.212,-0.461,10.168,-0.792,0.851,-1.652,76.06,39.61,9.84,37.04,-51.98,102.7
2026-01-01 15:08:00,R04,Navigation,Zone_B,38.19,54.36,23.86,2.39,2.171,11.51,1449.7,44.67,4,398.6,5.05,102.57,28.93,-0.123,0.291,9.744,1.647,-0.093,2.899,67.56,46.22,18.22,13,-50.72,51.49
2026-01-01 15:09:00,R08,Navigation,Zone_C,37.48,59.33,22.8,3.31,0.13,1.94,1629.3,50.54,0,327.8,0.14,101.08,206.19,-0.082,-0.228,9.811,-0.438,-0.474,0.377,77.07,46.69,14.23,63.85,-62.6,77.91
2026-01-01 15:10:00,R01,Navigation,Zone_D,44.09,62.2,25.03,2.31,0.348,2.71,1572.1,53.81,1,311.8,0.4,102.39,64.82,-0.133,-0.048,9.224,-2.949,-0.642,-1.296,55.6,49.13,9.12,5.9,-59.04,93.36
2026-01-01 15:11:00,R05,Navigation,Zone_A,36.57,52.87,23.12,6.75,0.116,3.05,1705.8,52.58,3,16.7,5.65,100.45,34.07,0.187,0.236,10.128,-0.099,-1.236,2.976,71.73,43.95,8.82,79.99,-46.41,51.39
2026-01-01 15:12:00,R01,Idle,Zone_B,37.26,58.95,25.31,6.36,0.218,9.54,1677.3,53.44,3,370.1,0.46,101.97,119.97,-0.145,0.484,9.086,-1.514,0.527,-2.962,65.98,52.48,4.46,2.23,-51.69,111.3
2026-01-01 15:13:00,R03,Inspection,Zone_A,38.84,53.66,22.92,1.8,2.041,7.67,1748.1,59.04,2,24.4,2.47,103.83,81.07,-0.175,0.108,9.566,2.786,-1.579,4.609,57.48,45.98,12.02,3.85,-67.3,79.86
2026-01-01 15:14:00,R03,Navigation,Zone_C,38.86,55.61,25.66,4.83,1.906,9.29,1581.3,54.06,4,324.2,1.55,102.36,95.38,-0.011,-0.144,9.9,-1.17,2.596,0.581,69.21,45.4,1.5,14.82,-50.39,115.38
2026-01-01 15:15:00,R03,Navigation,Zone_C,43.13,52.62,24.75,4,0.197,11.23,1434.4,50.92,0,363.1,7.39,102.13,79.55,0.088,-0.077,9.894,1.238,-2.881,1.596,72.33,45.84,9.05,66.22,-56.4,97.8
2026-01-01 15:16:00,R05,Pick-and-Place,Zone_C,40.11,45.1,25.56,5.48,0.135,4.38,1255.9,49.47,3,109.7,2.89,100.31,72.64,-0.251,-0.217,10.06,2.091,0.192,-1.684,68.62,54.93,19,40.22,-52.8,126.69
2026-01-01 15:17:00,R04,Pick-and-Place,Zone_A,41.28,41.44,23.86,5.05,0.233,3.04,1347,53.39,4,25.4,3.7,99,49.75,0.2,0.175,10.009,-3.484,-3.486,-1.615,59.33,54.39,0.1,6.07,-52.51,88.89
2026-01-01 15:18:00,R01,Inspection,Zone_B,33.18,48.54,22,10.42,0.424,5.56,1430.9,59.08,1,106.8,7.57,102.6,448.68,-0.01,-0.243,9.484,0.47,0.231,-2.493,72.62,46.4,7.38,44.64,-53.89,188.52
2026-01-01 15:19:00,R04,Navigation,Zone_A,44.69,49.54,24.81,4.04,0.278,8.51,1681.2,49.93,2,345.8,0.02,103.69,116.09,0.29,-0.032,9.481,3.315,2.253,2.562,68.47,49.69,8.89,17.79,-47.79,163.1
2026-01-01 15:20:00,R06,Idle,Zone_B,36.26,62.62,22.06,4.01,0.698,3.59,1195.4,44.28,3,69.7,6.96,100.87,161.53,0.019,-0.01,9.894,1.957,-0.598,-1.873,65.03,43.43,0.53,39.57,-51.11,71.53
2026-01-01 15:21:00,R07,Inspection,Zone_D,38.7,69.28,25.74,4.83,0.884,10.47,1537.5,46.13,1,216.1,2.23,104.33,44.19,-0.511,0.016,9.955,-2.027,-2.06,-0.666,82.5,44.95,17.42,14.23,-60.32,113.43
2026-01-01 15:22:00,R06,Navigation,Zone_B,41.05,49.47,24.53,3.79,0.487,14.43,1664,53.62,0,312.5,1.79,99.18,58.72,0.092,-0.057,10.1,1.812,1.995,-0.143,70.88,51.02,3.3,101.38,-63.1,69.12
2026-01-01 15:23:00,R07,Navigation,Zone_D,39.53,81.58,22.8,3.55,0.306,7.04,1596.8,52.08,4,244.2,6.74,98.19,170.6,0.391,-0.184,9.996,3.014,-0.172,-2.053,63.62,48.29,7.91,12.19,-59.64,108.75
2026-01-01 15:24:00,R01,Pick-and-Place,Zone_A,35.16,56.95,25.68,2.66,0.425,11.25,1420.9,57.26,5,206.6,0.89,101.31,76.89,0.035,-0.572,10.106,0.538,0.926,0.024,65.58,51.6,8.59,26.07,-58.88,98.39
2026-01-01 15:25:00,R07,Pick-and-Place,Zone_C,39.25,52.39,25.78,3.07,0.624,5.77,1531,43.57,3,268.7,0.5,104.92,100.94,0.363,0.271,9.682,3.036,3.117,-4.446,57.27,47.52,38.26,17.09,-62.36,121.68
2026-01-01 15:26:00,R07,Inspection,Zone_C,38.04,43.65,24.25,4.85,0.266,7.32,1389.3,55.31,4,129,1,99.86,55.37,0.269,0.271,10.006,1.309,0.709,-0.332,55.74,54.65,7.11,14.16,-69.54,89.39
2026-01-01 15:27:00,R02,Pick-and-Place,Zone_B,42,48.09,25.83,5.36,0.482,9.86,1663.9,51.8,5,297.3,0.43,101.21,62.23,-0.31,-0.267,10.269,-0.946,-0.539,-0.906,70.84,48.39,4.35,16.42,-48.41,163.08
2026-01-01 15:28:00,R06,Pick-and-Place,Zone_B,43.21,58.37,25.81,4.76,0.278,5.25,1529.6,53.27,1,332,1.6,104.09,236.5,-0.197,0.003,9.632,-2.376,-0.822,2.67,61.64,53.96,1.67,45.53,-47.95,160.42
2026-01-01 15:29:00,R04,Navigation,Zone_B,42.9,54.48,24.34,1.62,0.192,11.79,1441.3,59.66,4,164.4,1.43,103.51,98.1,0.312,-0.293,9.766,-1.005,3.516,-1.811,65.44,39.59,5.6,33.28,-62.81,75.23
2026-01-01 15:30:00,R03,Idle,Zone_C,40.47,46.55,25.79,1.67,0.195,11.54,1370.7,40.57,4,114.4,2.04,100.54,245.28,0.171,-0.016,10.248,-1.006,4.679,0.296,66.66,48.05,21.34,60.14,-55.49,92.48
2026-01-01 15:31:00,R01,Pick-and-Place,Zone_B,46.02,55.55,25.36,6.74,1.253,5.93,1708.1,47.95,3,22.3,0.15,99.56,137.04,-0.056,-0.021,9.591,-0.073,0.715,1.772,52.5,38.66,25.11,18.06,-60.5,131.97
2026-01-01 15:32:00,R06,Inspection,Zone_B,39.32,60.62,25.37,5.7,1.845,6.53,1489.3,53.26,2,179.1,0.77,102.75,83.35,-0.064,0.295,9.71,-2.315,-3.161,0.736,64.08,47.96,4.96,24.96,-43.01,73.91
2026-01-01 15:33:00,R06,Charging,Zone_A,36.43,53.69,24.84,1.79,0.599,7.37,1460.6,58.33,5,316.6,5.12,106.67,62.63,-0.077,-0.004,9.203,2.796,0.512,-0.41,55.59,49.63,7.64,29.35,-43.52,129.49
2026-01-01 15:34:00,R03,Inspection,Zone_A,45.06,54.05,23.64,5.23,1.522,4.58,1177.4,47.56,3,142.3,0.51,104.14,47.32,0.462,0.051,9.93,-2.738,-1.338,1.483,80.39,51.94,24.83,20.73,-53.16,103.19
2026-01-01 15:35:00,R03,Navigation,Zone_D,44.6,40.55,22.14,0.5,0.79,4.51,1152.6,49.23,5,99.6,5.23,105.93,44.91,0.18,0.236,9.622,-0.813,-3.054,3.379,62.34,41.93,12.8,5.05,-49.45,136.23
2026-01-01 15:36:00,R02,Inspection,Zone_A,43.32,65.01,25.15,3.22,1.928,5.64,1477.8,45.1,4,34.4,0.97,102.79,61.16,-0.093,0.53,10.048,0.817,-0.093,0.662,73,49.45,12.68,4.26,-55.21,52.73
2026-01-01 15:37:00,R06,Pick-and-Place,Zone_A,37.1,54.97,24.04,4.18,0.481,4.86,1654.9,50.46,3,365.8,1.38,102.86,170,-0.096,-0.01,10.196,-2.048,0.928,1.295,58.55,39.56,3.98,56.86,-46.44,65.66
2026-01-01 15:38:00,R06,Navigation,Zone_D,43.71,54.95,25.59,8.53,1.377,10.83,1380.5,49.21,2,370.4,0.1,102.05,121.25,-0.045,0.036,10.081,1.167,0.14,-0.464,66.78,51.25,9.98,36.82,-53.16,74.96
2026-01-01 15:39:00,R03,Navigation,Zone_D,39.56,74.51,24.26,1.46,0.139,2.84,1448.9,53.96,4,119.7,2.61,101.83,62.56,-0.036,-0.205,10.045,-1.889,0.518,0.802,65.77,46.64,6.26,50.66,-44.22,176.19
2026-01-01 15:40:00,R05,Inspection,Zone_C,41.68,47.5,25.3,0.81,0.076,3.47,1282,46.63,6,391.2,2.37,104.1,100.42,-0.338,-0.102,10.079,2.54,-2.041,-5.996,64.84,50.73,9.67,8.57,-45.28,114.57
2026-01-01 15:41:00,R07,Navigation,Zone_C,37.03,47.74,23.59,2.2,0.111,5.69,1502.5,52.36,3,47.4,0.46,97.08,52.75,-0.373,0.212,9.6,1.76,-0.244,0.232,63.18,35.76,16.31,70.27,-61.38,102.33
2026-01-01 15:42:00,R01,Pick-and-Place,Zone_B,41.65,43.82,24.17,1.69,0.032,6.51,1111.5,50.91,2,92.7,2.96,102.7,93.95,0.084,0.208,9.999,-1.687,-0.648,-0.347,70.93,43.54,7.35,7.73,-64.48,84.8
2026-01-01 15:43:00,R04,Pick-and-Place,Zone_C,39.47,59.74,22.59,1.53,0.141,4.48,1351.2,57.31,4,61.6,3.29,102.92,39.14,-0.122,0.285,10.026,-3.397,1.44,-0.494,62.93,46.6,7.3,32.78,-60.86,103.44
2026-01-01 15:44:00,R06,Navigation,Zone_A,,62.08,25.04,3.94,0.527,5.82,1228,54.63,3,171,0.06,102.78,69.3,-0.237,0.313,10.232,0.107,-2.485,-0.726,71.79,48.13,11.65,38.59,-43.22,105.78
2026-01-01 15:45:00,R03,Navigation,Zone_D,44.85,56.45,22.39,5.03,0.142,6.24,1302.1,52.24,4,293.4,0.39,101.01,77.43,-0.312,0.242,9.924,2.153,1.562,-0.473,54.76,41.91,4.12,7.07,-70.56,122.9
2026-01-01 15:46:00,R02,Idle,Zone_A,35.58,65.28,23.62,7.58,0.708,10.27,1622.3,51.64,4,64.8,0.22,105.28,143.39,0.173,0.202,9.1,0.684,-5.061,-1.704,77.72,50.1,8.24,52.82,-50.78,66.24
2026-01-01 15:47:00,R05,Navigation,Zone_C,33.84,57.19,22.37,2.32,0.319,6.37,1246,53.09,2,71.9,1.95,100.43,169.07,0.019,0.501,9.799,2.372,1.343,-1.782,64.03,53.1,5.65,14.6,-50.42,123.79
2026-01-01 15:48:00,R03,Charging,Zone_B,42.01,61.88,22.23,1.61,0.009,12.89,1259.3,69.38,3,207.4,4.28,102.39,110.82,-0.089,0.046,9.855,-0.075,-3.503,-0.337,53.11,52.21,12.25,51.17,-64.35,85.77
2026-01-01 15:49:00,R07,Navigation,Zone_A,42.65,54.79,22.64,7.41,0.092,10.48,1373,56.23,6,121.6,3.2,100.02,95.42,0.31,-0.319,9.89,1.441,1.2,-2.816,59.86,48.37,3.37,35.57,-49.78,93.04
2026-01-01 15:50:00,R02,Pick-and-Place,Zone_D,40.57,63.48,23.46,0.96,0.581,2.39,1408.7,49.73,4,395.7,0.34,98.77,152.31,0.022,-0.263,9.61,1.366,-1.132,0.061,66.53,50.09,14.95,19.11,-66.97,196.38
2026-01-01 15:51:00,R08,Idle,Zone_D,40.2,56.44,23.28,4.73,0.342,10.07,1277.6,51.92,4,210.9,0.62,100.17,288.9,0.351,0.118,9.646,3.648,0.278,-1.273,69.86,51.73,10.72,48.53,-44.74,187.15
2026-01-01 15:52:00,R07,Inspection,Zone_B,40.41,51.57,22.06,6.86,2.612,9.14,1120,46.65,5,253.6,1.17,102.64,66.63,0.148,0.083,9.545,-0.145,-3.111,2.566,71.04,38.75,17.95,19.49,-63.27,139.23
2026-01-01 15:53:00,R07,Inspection,Zone_C,46.79,32.73,23.72,5.98,0.413,4.1,1382.4,47.41,1,132.8,5.48,99.86,49.89,0.094,0.471,9.412,0.218,2.973,1.097,55.94,55.6,4.05,33.17,-40.2,107.16
2026-01-01 15:54:00,R04,Inspection,Zone_C,42.85,52.89,22.72,5.71,0.08,10.87,1423.1,46.71,3,383.3,2.27,103.56,35.42,-0.166,-1.026,9.853,3.099,-0.622,3.008,71.27,53.5,2.91,3.1,-54.35,153.92
2026-01-01 15:55:00,R03,Idle,Zone_B,39.35,49.98,25.42,1.23,0.14,14.45,1179.2,50.89,4,330.3,0.89,102.33,66.78,-0.104,-0.276,9.794,2.078,-2.985,-0.868,65.49,49.54,7.13,24.07,-58.82,206.8
2026-01-01 15:56:00,R06,Pick-and-Place,Zone_B,38.43,59.57,23.4,2.74,0.602,13.04,1339.6,55.44,2,47.5,0.72,105.82,49.1,0.068,-0.191,9.763,1.059,0.582,0.105,71.72,45.02,5.64,12.46,-61.82,103.83
2026-01-01 15:57:00,R04,Navigation,Zone_A,42.21,59.38,23.89,8.43,0.202,7.38,1296.4,59.45,7,187.2,0.36,101.42,77.5,0.053,0.074,9.627,0.542,0.644,-0.416,66.45,45.66,8.93,22.11,-61.24,191.14
2026-01-01 15:58:00,R01,Navigation,Zone_D,38.72,56.3,23.5,3.5,0.713,2.62,1518.5,49.47,2,382.8,0.37,105.16,95.08,-0.039,0.143,9.691,2.343,1.269,-3.671,63.4,44.33,4.32,71.61,-46.46,178.63
2026-01-01 15:59:00,R03,Inspection,Zone_D,39.8,60.06,23.85,3.03,0.534,5.43,1593.3,54.06,5,193.9,0.29,100.56,53.81,0.386,-0.016,9.772,2.28,3.256,-0.241,50.9,48.18,14.03,18.87,-58.03,112.37
2026-01-01 16:00:00,R08,Idle,Zone_A,39.77,47.51,24.07,3.03,0.536,7.23,1381.3,65.57,5,366.9,1.23,101.06,134.38,-0.251,-0.322,10.034,-1.931,-0.98,3.123,78.71,43.44,8.89,9.99,-45.3,81.11
2026-01-01 16:01:00,R03,Navigation,Zone_D,44.28,53.78,25.9,3.93,0.01,11.16,1348.8,52.07,1,335.9,0.17,101.68,101.25,0.032,0.257,10.002,5.481,-0.137,0.771,63.78,41.63,10.46,39.76,-52.09,115.55
2026-01-01 16:02:00,R02,Charging,Zone_B,40.37,57.88,23.87,3.11,0.597,3.25,1644.4,55.51,4,238.8,6.07,100.47,97.79,-0.117,-0.124,10.247,1.815,-2.022,-1.841,66.88,50.45,16.47,10.27,-38.75,88.75
2026-01-01 16:03:00,R07,Charging,Zone_A,35.64,56.2,24.15,3.24,0.197,7.26,1520.4,54.41,4,13.6,1.55,99.14,146.82,-0.157,-0.092,9.562,-3.19,0.576,1.311,60.63,52.02,5.67,40.57,-48.75,84.39
2026-01-01 16:04:00,R06,Charging,Zone_C,45.08,52.82,22.43,2.14,0.96,,1387.5,49.86,2,393.7,4.3,99.82,129.71,0.208,0.004,9.905,-1.437,2.097,3.995,61.75,51.51,6.9,13.53,-57.89,123.47
2026-01-01 16:05:00,R03,Charging,Zone_B,37.41,37.63,24.59,2.99,1.487,6.55,1302.6,53.25,4,360.7,2.33,102.15,52.2,-0.176,0.055,9.52,0.423,1.582,5.816,63.15,45.57,7.59,21.64,-44.31,116.45
2026-01-01 16:06:00,R02,Navigation,Zone_A,41.22,45.07,22.09,6.03,0.169,5.68,1474.3,43.12,1,384.7,3.79,100.93,127.53,-0.172,0.429,10.212,-2.065,2.79,-1.018,68.57,47.18,22.78,9.93,-48.62,115.07
2026-01-01 16:07:00,R01,Navigation,Zone_A,43.76,57.43,25.12,2.3,0.523,5.06,1524.1,61.82,3,321.1,1.05,98.59,92.73,0.237,0.131,10.367,-1.003,1.127,1.417,76.95,49.29,17.96,25.19,-61.16,90.8
2026-01-01 16:08:00,R04,Navigation,Zone_D,39.44,51.02,25.32,2.87,0.265,5.33,1332.3,45.14,1,150.5,0.31,101.98,77.16,-0.287,-0.12,10.078,0.533,1.026,-0.615,73.92,51.33,7.73,18.35,-48.57,90.3
2026-01-01 16:09:00,R02,Idle,Zone_C,40.86,56.19,24.29,4.88,0.592,4.93,1717.8,49.27,0,337.1,1.91,101.7,149.07,0.186,0.108,9.762,3.147,1.919,-2.966,62.48,56.12,3.11,62.2,-59.64,151.52
2026-01-01 16:10:00,R07,Pick-and-Place,Zone_B,45.83,51.96,25.49,6.94,0.403,5.55,1397.5,51.34,3,232,1.53,99.64,214.72,0.014,-0.181,9.747,-3.224,2.321,-1.193,65.99,44.64,1.05,58.2,-59.28,142.72
2026-01-01 16:11:00,R06,Navigation,Zone_D,35.59,67.95,24.3,3.81,0.333,8.93,1388.4,51.92,2,123.4,0.67,97.78,162.14,0.04,-0.044,9.902,-1.335,1.539,1.198,77.72,50.49,8.61,25.98,-50.93,63.61
2026-01-01 16:12:00,R08,Navigation,Zone_A,40.57,54.64,23.11,7.81,0.312,2.26,1258.4,44.87,5,96.3,0.21,101.74,62.3,0.04,-0.16,10.102,-3.394,-1.401,1.213,65.15,44.96,6.07,23.45,-61.84,91.48
2026-01-01 16:13:00,R01,Navigation,Zone_B,45.62,65.17,24.59,3.11,1.43,4.29,1323.1,46.94,1,321.6,1.06,102.8,107.26,-0.267,-0.089,9.809,1.273,-0.415,-3.53,60.77,52.63,11.59,46.5,-62.87,152.62
2026-01-01 16:14:00,R05,Pick-and-Place,Zone_C,41.65,52.36,22.73,3.4,0.22,5.47,1683.9,53.37,2,244.8,3.65,103.14,186.13,0.007,0.07,9.639,0.625,1.564,-0.039,69.04,47.37,8.22,4.96,-64.79,79.99
2026-01-01 16:15:00,R04,Navigation,Zone_C,40.66,41.61,24.86,1.35,0.505,7.29,1412.3,51.09,5,47.6,6.08,102.73,174.78,-0.025,0.112,9.989,-2.5,1.599,1.441,78.2,45.15,21.71,10.88,-47.11,78.14
2026-01-01 16:16:00,R04,Charging,Zone_D,38.26,35.86,24.93,7.12,0.205,5.82,1802.8,48.9,5,127.8,3.97,104.05,68.41,0.394,-0.097,9.915,0.579,-3.166,-3.527,61.1,42.36,7.48,23.7,-55.14,106.55
2026-01-01 16:17:00,R06,Navigation,Zone_B,37.59,60.02,22.8,1.41,0.052,4.36,1287.6,49.15,3,14.3,2.18,101.68,79.78,0.147,-0.192,9.636,-1.398,0.586,-3.065,66.28,42.7,11.97,81.5,-61.81,52.76
2026-01-01 16:18:00,R01,Inspection,Zone_A,39.05,50.18,25.51,0.52,1.53,9.25,1362.9,51.34,3,210.3,0.18,100.9,305.78,-0.196,0.033,10.128,3.418,1.493,0.596,73.02,53.45,1.43,24.53,-72.05,145.34
2026-01-01 16:19:00,R05,Charging,Zone_B,42.15,60.04,24.64,4.89,0.128,7.26,1203.2,52.64,6,158.8,6.97,100.37,36.16,0.164,-0.164,9.811,2.892,-0.591,-1.357,60.43,53.6,17.54,14.88,-45.51,87.53
2026-01-01 16:20:00,R07,Navigation,Zone_D,41.26,59.56,22.52,3.76,0.092,8.22,1556.6,52.8,3,207,0.02,99.35,108.81,-0.012,0.232,9.615,-0.457,-3.335,2.928,67.13,41.75,9.06,7.37,-52.66,37.82
2026-01-01 16:21:00,R08,Inspection,Zone_C,40.08,48.13,24.68,3.68,0.871,2.13,1317.3,62.37,2,264.9,0.15,100.35,117.42,-0.073,0.314,9.608,0.478,0.537,1.014,65.14,46.07,8.83,25.49,-38.19,144.32
2026-01-01 16:22:00,R06,Charging,Zone_B,40.61,56.79,22.83,1.43,0.252,12.85,1336.9,52.25,2,96.3,0.45,104.5,96.51,-0.211,-0.215,9.924,0.944,2.585,-1.23,63.37,43.82,13.01,52.25,-54.43,64.03
2026-01-01 16:23:00,R03,Inspection,Zone_D,41.11,47.22,22.33,7.76,0.728,3.88,1119.8,49.55,6,388,0.9,98.18,94.64,0.39,-0.172,9.45,-3.922,-0.32,0.164,67.05,45.94,11.29,3.19,-58.53,54.28
2026-01-01 16:24:00,R02,Idle,Zone_B,39.2,54.02,22.64,11.39,0.086,12.62,1671.2,50.33,3,26.8,0.07,99.52,122.99,0.28,-0.034,9.652,-2.354,1.67,2.468,62.7,44.96,6.01,48.75,-51.83,82.55
2026-01-01 16:25:00,R01,Pick-and-Place,Zone_A,42.94,65.12,25.63,4.3,0.579,7.56,1637.6,50.87,4,265.9,0.8,101,37.01,-0.203,0.15,9.073,0.842,-0.367,-1.877,76.79,53.66,26.4,27.82,-59.82,52.9
2026-01-01 16:26:00,R06,Charging,Zone_C,42.26,57.07,24.7,10.04,0.776,5.44,1670.8,51.13,2,204,5.04,100.48,97.03,-0.138,0.12,10.228,0.278,5.174,-3.462,71.39,39.13,10.29,47.38,-57.63,122.76
2026-01-01 16:27:00,R03,Inspection,Zone_D,37.91,56.39,22.27,2.8,0.515,4.38,1472.6,55.3,2,86.4,3.48,100.65,163.48,-0.034,-0.027,9.449,2.62,-0.832,0.66,66.92,43.02,15.43,12.47,-51.48,209.79
2026-01-01 16:28:00,R06,Inspection,Zone_A,40.17,44.35,24.27,2.25,0.475,6.7,1439.9,47.9,1,71.3,4.15,100.66,172.24,0.449,-0.363,9.68,0.067,0.47,1.052,78.08,46.17,13.46,6.57,-63.97,66.53
2026-01-01 16:29:00,R02,Inspection,Zone_D,37.92,53.26,23.08,4,0.139,5.56,1389.1,44.43,3,26,9.82,102.48,109.7,-0.215,-0.333,9.465,-1.966,-2.826,-2.108,64.33,50.25,7.12,27.97,-46.54,85.81
2026-01-01 16:30:00,R03,Navigation,Zone_C,40.2,48.99,23,2.9,0.015,5.22,1503.1,57.68,7,307.2,2.37,102.97,95.43,-0.153,0.262,9.465,2.522,0.54,-2.551,58.83,46.58,3.07,10.05,-65.82,96.64
2026-01-01 16:31:00,R04,Pick-and-Place,Zone_C,45,60.66,24.52,2.63,1.309,4.87,1657.4,62.3,2,386.8,13.66,100.51,50.05,-0.173,-0.21,9.885,0.193,1.575,-2.501,67.18,48.65,7.17,24.11,-54.68,101
2026-01-01 16:32:00,R08,Idle,Zone_C,37.23,66.37,23.21,9.6,0.078,11.04,1342.5,47.91,9,245.1,8.32,101.07,105.49,-0.558,-0.065,9.578,-0.102,0.823,2.252,63.18,46.48,3.56,2.34,-51.48,65.89
2026-01-01 16:33:00,R01,Pick-and-Place,Zone_C,39.6,60.48,25.12,3.45,0.774,6.43,1533.3,56.42,4,171.2,0.19,100.98,56.48,-0.374,0.041,9.881,-3.031,2.991,-1.31,73.97,46.88,18.51,8.72,-46.78,76.26
2026-01-01 16:34:00,R01,Idle,Zone_C,36.19,56.85,25.83,1.6,0.772,7.99,1201.5,46.73,6,158.4,2.98,99.03,203.76,0.105,0.279,9.459,-1.505,-0.64,-1.901,61.72,57.64,3.48,45.91,-58.7,70.52
2026-01-01 16:35:00,R04,Pick-and-Place,Zone_C,38.07,54.09,24.99,5.02,0.771,10.37,1489.9,53.57,4,323,1.99,105.25,145.32,0.184,-0.059,10.141,0.645,-0.122,0.984,69.35,44.88,28.31,97.29,-49.69,52.95
2026-01-01 16:36:00,R04,Charging,Zone_D,42.54,45.75,25.57,8.46,1.474,12.78,1088.8,53.57,1,398.5,1.28,102.53,43.91,-0.051,-0.534,9.692,1.327,0.3,0.19,64.14,55.02,23.92,10.25,-57.25,172.69
2026-01-01 16:37:00,R01,Pick-and-Place,Zone_A,39.59,55.89,24.66,6.58,1.491,3.43,1434.2,49.29,3,245.3,5.7,99.84,61.4,0.139,-0.038,9.999,2.69,-0.754,1.375,64.79,52.06,6.21,7.04,-64.86,170.08
2026-01-01 16:38:00,R05,Pick-and-Place,Zone_D,43.13,68.25,23.13,3.24,0.388,21.54,1377.6,48.84,1,209.4,9.75,100.37,158.26,-0.271,-0.382,9.394,0.089,-0.463,0.029,63.41,42.51,19.34,16.93,-58.19,113.24
2026-01-01 16:39:00,R03,Idle,Zone_A,38.69,62.33,25.5,3.51,0.693,7.47,1280.1,50.43,3,176.8,11.93,100.16,30.47,-0.045,-0.155,9.707,2.328,1.542,-0.959,51.19,37.97,6.11,1.42,-52.14,127.6
2026-01-01 16:40:00,R04,Inspection,Zone_A,38.16,70.9,24.44,4.25,7.539,5.22,1384.6,60.46,0,395.2,2.24,103.11,81.39,0.156,-0.207,9.219,2.423,1.342,1.624,59.63,47.37,6.8,58.96,-59.89,51.1
2026-01-01 16:41:00,R05,Charging,Zone_B,42.71,46.99,24.89,7.53,0.395,4.23,1261.2,42.87,3,194.7,3.38,96.97,56.9,-0.123,0.116,9.74,1.356,0.541,-1.468,62.01,47.7,15.93,26.77,-58.17,146.01
2026-01-01 16:42:00,R02,Navigation,Zone_C,39.95,58.7,24.77,4.02,0.244,8.02,1563.2,55.51,2,317.6,0.9,101.14,105.87,-0.013,0.196,9.3,-2.77,-2.34,1.728,62.35,49.99,26.4,17.17,-71.63,144.31
2026-01-01 16:43:00,R03,Navigation,Zone_C,39.13,60.41,23.88,0.73,0.859,7.48,1284,45.63,2,59.5,0.12,105.84,130.64,-0.184,-0.305,9.565,0.472,-0.945,-0.875,65.38,50.51,10.71,67.88,-49.43,87.99
2026-01-01 16:44:00,R06,Inspection,Zone_A,37.93,43.65,23.92,1.82,0.815,8.96,1585.3,48.25,2,156.2,3.02,104.7,132.5,-0.017,-0.135,9.889,-3.136,-0.322,-0.288,61.32,48.72,9.86,7.32,-49.97,90.12
2026-01-01 16:45:00,R07,Pick-and-Place,Zone_B,38.79,63.23,24.13,3.45,0.875,3.78,1478.7,52.85,4,130.9,0.71,100.57,29.59,0.241,0.004,10.019,0.387,-0.823,-4.283,61,45.02,12.93,23.78,-56.76,64.52
2026-01-01 16:46:00,R01,Pick-and-Place,Zone_A,38.72,73.44,23.82,7.61,0.164,4.58,1475.8,48.25,3,12.5,2.59,99.79,61.22,-0.105,0.113,9.738,1.749,2.968,2.311,66.22,43.59,2.23,6.46,-55.34,205.96
2026-01-01 16:47:00,R06,Pick-and-Place,Zone_B,43.71,59.51,25.14,3.44,0.89,11.64,1414.1,37.57,3,333.4,3.97,100.07,210.03,-0.45,0.099,9.949,-0.847,-2.869,-2.634,60.33,45.64,6.66,56.49,-61.61,90.09
2026-01-01 16:48:00,R01,Pick-and-Place,Zone_D,43.2,30.98,22.25,1.87,0.522,2.62,1276.6,49.2,3,190,6.26,101.29,67.08,-0.153,0.229,9.682,0.102,-0.549,-1.373,60.03,40.54,4.5,15.01,-41.44,50.29
2026-01-01 16:49:00,R01,Charging,Zone_D,39.38,49.82,24.64,6.92,0.548,8.02,1324.7,43.05,8,248,0.32,101.5,41.45,-0.199,-0.155,9.391,-0.273,2.227,-2.002,49.53,47.46,8.35,0.43,-39.64,161.94
2026-01-01 16:50:00,R03,Pick-and-Place,Zone_C,43.2,61.51,25.73,3.16,0.539,3.82,1591.8,48.98,3,55.6,7.93,99.99,274.82,0.581,-0.687,9.754,-1.296,-0.964,0.037,64.31,45.16,13.59,16.35,-56.14,119
2026-01-01 16:51:00,R04,Charging,Zone_B,31.46,54.7,24.63,4.82,1.519,8.27,1669.2,53.18,1,143.1,0.51,101.75,70.68,-0.361,-0.174,9.646,-3.297,2.327,2.432,62.92,45.19,9.06,8.74,-54.37,148.92
2026-01-01 16:52:00,R05,Navigation,Zone_A,46.06,55.89,25.78,3.57,0.948,10.55,1079.9,51.36,4,142.2,11.72,101.14,115.71,-0.028,0.009,9.839,3.738,1.145,0.765,61.5,49.99,16.2,1.05,-49.5,83.33
2026-01-01 16:53:00,R08,Idle,Zone_D,42.42,59.41,23.56,3.91,0.212,9.8,1467.5,52.38,3,265.6,3.76,97.82,120.92,-0.038,0.354,9.968,-1.771,-1.105,-2.026,58.24,46.7,7.39,54.87,-44.89,131.71
2026-01-01 16:54:00,R01,Idle,Zone_D,38.93,62.68,23.94,3.51,0.761,4.5,1629.3,53.43,2,227.4,1.44,101.08,65.26,-0.068,0.091,9.873,0.285,2.463,-1.36,64.46,47.55,20.22,30.47,-45.89,200.63
2026-01-01 16:55:00,R08,Navigation,Zone_B,42.18,54.48,23.89,2.37,0.502,2.95,1603.3,48.54,1,296.4,3.96,101.69,43.62,-0.051,0.022,9.884,-0.883,-4.383,-1.26,65.73,48.77,10.03,70.99,-59.67,138.75
2026-01-01 16:56:00,R01,Inspection,Zone_A,39.01,55.14,22.5,1.24,1.855,5.71,1640.9,55.78,6,74.4,0.05,101.28,133.22,-0.081,-0.017,9.517,-0.58,-2.679,-3.326,69.19,47.74,16.53,52.68,-65.09,128.09
2026-01-01 16:57:00,R05,Pick-and-Place,Zone_D,37.86,65.9,24.94,2.72,0.105,12.43,1692.3,61.15,3,385,3.26,101.23,91.7,-0.038,-0.118,9.745,-1.323,2.53,-0.77,78.71,48.86,18.22,3.86,-48.11,107.34
2026-01-01 16:58:00,R04,Navigation,Zone_C,39.1,46.28,24.92,6.66,0.229,7.61,1528.9,49.76,3,385.1,1.97,101.63,65.93,0.328,-0.202,9.503,0.166,1.321,-2.161,78.04,49.6,5.83,,-70.7,97.75
2026-01-01 16:59:00,R07,Navigation,Zone_B,41.84,62.69,23.52,1.75,0.847,8.09,1244.5,55.9,2,26.4,10.37,103.2,227.21,-0.517,-0.284,9.694,-0.08,-1.706,2.463,75.7,47.31,4.47,29.57,-60.39,112.56
2026-01-01 17:00:00,R05,Charging,Zone_C,39.88,65.16,25.55,7.46,1.135,16.76,1237.6,52.4,3,224.9,0.67,102.01,52.65,-0.053,-0.45,9.767,0.422,0.62,1.092,68.13,45.55,11.77,0.8,-58.03,137.62
2026-01-01 17:01:00,R07,Charging,Zone_B,41.93,59.61,25.11,6.75,1.069,5.57,1538.1,47.56,4,371.4,2.69,103.65,214.65,-0.092,-0.125,9.65,1.761,-2.73,-1.099,59.49,46.58,13.65,30.52,-56.84,71.35
2026-01-01 17:02:00,R05,Inspection,Zone_B,41.47,48.83,22.92,1.95,1.026,4.23,1521.7,53.26,1,133.2,1.68,101.8,36.57,-0.155,-0.094,9.999,2.627,0.367,-3.192,66.3,48.01,15.5,61.32,-56.57,116.28
2026-01-01 17:03:00,R05,Navigation,Zone_B,40.28,62.11,24.81,3.09,0.865,13.32,1329,56,9,40.6,7.59,100.63,116.84,0.025,0,9.672,0.097,-1.227,-0.484,58.34,43.08,14.63,3.06,-42.26,87.56
2026-01-01 17:04:00,R08,Charging,Zone_B,41.92,53.53,23.28,2.85,1.879,4.35,1580.8,46.23,3,308.5,5.25,99.92,111.03,-0.124,0.227,9.974,0.191,-1.748,1.605,75.31,45.52,3.47,19.7,-54.89,84.65
2026-01-01 17:05:00,R06,Pick-and-Place,Zone_D,43.96,47.54,24.53,7.3,0.881,8.34,1566.8,52.75,3,170.2,16.85,102.27,58.61,0.296,0.111,10.386,0.994,-0.878,0.831,69.49,49.97,4.15,32.43,-48.32,137.16
2026-01-01 17:06:00,R01,Inspection,Zone_B,44.27,46.19,23.83,4.89,0.103,9.54,1287.7,53.39,0,332.6,0.17,100.96,256.15,0.078,-0.164,9.276,-0.323,-1.754,-0.321,74.73,46.84,2.32,14.4,-53.71,79.61
2026-01-01 17:07:00,R01,Charging,Zone_D,38,48.44,24.98,12.86,0.361,8.14,1513.6,49.88,1,44.7,2.43,103.28,83.61,0.193,-0.026,10.03,-0.867,-2.472,2.316,73.11,48.36,20.35,27.91,-56.97,102.28
2026-01-01 17:08:00,R04,Charging,Zone_B,40,57.11,24.67,5.96,3.013,4.32,1349,45.14,6,43.1,4.46,101.06,170.9,-0.088,-0.009,9.571,0.51,3.019,-0.755,73.37,49.2,7.02,7.79,-47.86,91.28
2026-01-01 17:09:00,R02,Inspection,Zone_A,39.04,66.49,22.98,7.73,0.126,5.56,1375.8,57.67,2,171,2.77,102.14,61.3,0.145,0.185,9.743,-3.237,-1.539,-0.011,74.61,45.01,25.99,7.29,-57.09,52.15
2026-01-01 17:10:00,R01,Pick-and-Place,Zone_B,41.16,54.28,22.21,4.44,0.282,5.51,1434.6,54.12,1,255.8,0.6,101.35,128.73,0.327,0.087,9.929,1.427,1.344,5.095,68.38,47.45,29.18,43.99,-60.49,59.59
2026-01-01 17:11:00,R06,Navigation,Zone_A,47.21,47.49,23.01,3.03,0.128,2.3,1527.4,54.06,2,270.7,2.43,98.91,81.26,-0.532,0.153,10.426,-2.899,0.277,-1.178,58.51,46.44,18.95,2.5,-70.82,150.16
2026-01-01 17:12:00,R04,Navigation,Zone_A,38.42,55.2,24.13,3.22,0.47,3.98,1262.2,45.7,3,356.7,0.28,102.89,75.52,0.088,-0.1,9.369,-1.298,0.824,2.599,71.29,42.76,11.84,6.29,-53.23,98.31
2026-01-01 17:13:00,R04,Pick-and-Place,Zone_A,41.05,57.62,25.66,7.05,0.012,7.92,1401.1,45,3,234.5,0.21,100.02,61.31,0.065,-0.046,9.639,-2.523,-2.364,-0.952,64.75,44.56,21.36,14.47,-51.7,93.31
2026-01-01 17:14:00,R08,Inspection,Zone_C,43.75,41.96,21.99,7.45,0.479,4.56,1650.4,55.17,7,166.5,4.46,101.4,103.47,-0.201,0.166,10.08,1.989,-0.318,-1.583,60.85,47.15,8.36,120.33,-51.11,98.84
2026-01-01 17:15:00,R08,Navigation,Zone_D,45.06,47.48,22.14,3.89,1.541,14.94,1655.7,54.2,3,130.3,0.35,102.27,105.94,0.225,-0.033,9.397,3.285,-3.533,-0.115,75.9,45.94,1,41.15,-54.72,142.99
2026-01-01 17:16:00,R02,Inspection,Zone_C,41.85,45.17,22.25,5.56,0.069,10.72,1269.9,52.25,4,111.6,2.13,102.5,151.37,0.001,0.563,9.599,-0.639,0.495,1.24,77.21,48.71,6.48,18.03,-53.44,174.89
2026-01-01 17:17:00,R03,Inspection,Zone_D,37.71,52.09,23.1,4.85,0.204,5.82,1357.6,49.99,5,70.6,0.37,99.96,163.15,0.381,-0.018,9.497,-0.878,1.549,-0.339,63.6,52.77,18.05,21.19,-60.23,169.28
2026-01-01 17:18:00,R02,Navigation,Zone_A,38.98,73.44,25.64,4.15,1.031,3.15,1552.2,50.98,5,263.4,1.15,103.75,101.15,-0.127,-0.463,9.496,-2.206,-1.607,-0.934,57.07,41.46,16.07,2.31,-46.79,130.54
2026-01-01 17:19:00,R07,Pick-and-Place,Zone_B,40.44,60.8,23.93,4.87,0.494,3.59,1655,48.45,1,178.1,8.11,106.86,75.56,0.129,0.091,9.582,-0.465,-0.541,2.729,66.75,53.48,5.46,36.23,-51.08,142.31
2026-01-01 17:20:00,R02,Pick-and-Place,Zone_D,40.08,54.08,24.21,5.02,0.512,6.84,1626.3,66.35,2,112,0.08,99.65,101.05,0.102,0.08,9.962,-3.626,-0.211,-3.302,78.23,52.64,5.83,44.01,-40.01,84.01
2026-01-01 17:21:00,R06,Navigation,Zone_A,47.58,59.05,22.87,3.46,1.279,4.42,1388.9,60.13,4,21.4,1.49,100.88,46.25,0.628,0.235,9.633,0.603,1.956,3.672,59.12,50.83,11.12,25.87,-43.47,86.02
2026-01-01 17:22:00,R05,Charging,Zone_A,41.41,57.13,23.6,1.39,0.753,5.55,1357.1,64.86,2,207.6,2.66,103.2,156.07,-0.241,-0.014,10.091,-1.324,1.065,1.359,66.81,45.38,4.62,6,-61.28,150.96
2026-01-01 17:23:00,R08,Navigation,Zone_C,44.21,39.02,24.04,3.79,0.168,12.64,1519.6,59.01,5,36.4,0.62,102.18,77.23,0.258,0.497,9.868,-1.282,0.289,1.175,72.36,47.08,7.5,1.64,-57.92,148.94
2026-01-01 17:24:00,R08,Inspection,Zone_A,35.48,46.71,24.72,3.1,0.087,9.98,1191.2,52.74,6,315.7,2.3,98.88,39.55,-0.103,0.565,9.241,0.278,-0.908,2.085,64.49,44.23,14.55,24.52,-51.15,73.49
2026-01-01 17:25:00,R03,Charging,Zone_C,43.35,52.22,23.99,4.9,0.209,1.75,1189.9,60.42,1,374.7,1.5,103.86,130.65,-0.244,0.343,10.133,-1.994,2.261,-1.115,73.28,51.27,11.74,20.63,-66.37,104.56
2026-01-01 17:26:00,R03,Idle,Zone_D,41.86,63.08,25.23,3.28,0.976,10.66,1554,58.16,4,312.1,0.82,106.11,57.17,-0.018,-0.529,9.286,-3.226,0.21,-0.567,69.44,48.2,12.77,24.27,-65.68,136.49
2026-01-01 17:27:00,R05,Idle,Zone_A,35.52,57.07,25.57,2.77,0.817,5.95,1467.1,53.58,3,150.6,0.78,97.39,146.36,0.119,-0.019,9.741,3.955,-0.507,-7.248,66.43,49,12.6,2.68,-58.58,72.13
2026-01-01 17:28:00,R08,Pick-and-Place,Zone_D,38.91,44.52,23.22,4.82,0.709,7.21,1267,48.48,4,349.5,1.1,100.47,27.55,0.381,-0.179,10.332,3.586,-0.634,1.544,71.15,51.81,11.28,2.45,-52.43,100.29
2026-01-01 17:29:00,R01,Navigation,Zone_D,41.42,44.99,22.42,5.49,0.314,3.41,1585.4,51.87,7,297.5,2.36,101.28,166.84,-0.227,-0.225,9.745,1.985,0.205,1.441,60.6,52.56,1.66,24.08,-43.24,94.16
2026-01-01 17:30:00,R01,Pick-and-Place,Zone_C,41.16,44.92,24.47,6.1,0.049,2.89,1307,50.85,7,59.5,0.03,101.28,100.74,0.298,-0.066,10.187,1.898,-4.196,-1.408,66.87,43.17,11.49,19.63,-63.78,93.93
2026-01-01 17:31:00,R06,Pick-and-Place,Zone_C,44.21,51.49,25.06,8.48,1.97,3.75,1422.2,51.23,6,63.5,0.24,98.96,146.24,-0.035,0.246,10.046,3.679,0.724,3.517,64.25,50.11,34.3,19.68,-55.25,103.7
2026-01-01 17:32:00,R05,Navigation,Zone_D,34.28,45.06,22.34,2.8,0.254,9.92,1137.7,50.27,1,92.4,0.23,103.82,130.63,0.111,-0.301,9.567,-0.67,-1.451,-2.794,74.08,39.51,6.16,28.5,-52.74,77
2026-01-01 17:33:00,R08,Pick-and-Place,Zone_C,39.67,60.63,25.03,3.46,0.077,5.85,1706.2,51.35,1,34.2,10.14,97.76,82.82,-0.177,-0.117,10.029,-5.824,1.186,0.74,67.95,56.99,4.61,7.58,-58.56,67.73
2026-01-01 17:34:00,R05,Idle,Zone_D,34.67,36.05,23.23,4.15,0.175,6.95,1711.4,49.06,3,350.4,1.82,101.69,121,-0.105,-0.194,9.833,-0.405,3.782,-3.475,71.68,45.98,21.11,43.68,-49.44,137.95
2026-01-01 17:35:00,R01,Inspection,Zone_A,40.66,72.37,24.06,8.43,0.027,7.11,1333.8,62.03,1,390.6,1.15,98.74,98.27,0.108,-0.169,9.474,4.29,0.819,-0.416,66.51,53.29,21.4,27.82,-58.44,142.39
2026-01-01 17:36:00,R06,Charging,Zone_B,38.12,56.51,23.39,10.09,0.28,4.78,1057.1,51.97,2,229.8,1.33,99.27,74.92,-0.328,-0.084,9.383,-4.602,2.037,-3.571,51.14,53.59,19.51,4.78,-60.6,161.97
2026-01-01 17:37:00,R07,Pick-and-Place,Zone_D,42.67,61.17,24.51,2.99,0.37,6.68,1476.5,48.18,2,182.8,2.43,106.08,306.14,-0.091,-0.226,10.45,-0.205,0.347,-1.262,70.12,46.56,24.91,8.01,-71.19,281.87
2026-01-01 17:38:00,R03,Inspection,Zone_B,38.98,48.31,23.67,2.47,0.305,7.02,1373.1,45.38,3,59.8,1.63,103.89,69.87,0.149,-0.303,9.634,-2.706,2.446,0.551,60.55,49.9,22.83,10.11,-47.05,122.55
2026-01-01 17:39:00,R03,Navigation,Zone_A,38.47,55.01,23.62,4.55,1.422,3.49,1469.1,54.2,0,200.9,2.56,105.81,126.51,0.059,-0.011,10.417,1.365,2.961,1.23,65.3,50,10.33,21.29,-54.54,138.34
2026-01-01 17:40:00,R01,Inspection,Zone_D,44.03,53.34,23.84,2.54,2.368,4.68,1088.6,51.21,3,283.8,2.71,99.37,60.74,0.459,0.035,10.196,-1.049,0.435,0.408,64.22,48.03,12.42,25.26,-44.42,126.96
2026-01-01 17:41:00,R05,Charging,Zone_B,45.4,42.53,22.61,1.96,0.152,8.05,1439.1,52.51,2,93.6,1.05,99.28,81.56,0.05,0.413,10.446,-3.867,-1.132,4.226,60.84,45.58,35.04,67.98,-52.59,118.82
2026-01-01 17:42:00,R03,Inspection,Zone_C,35.91,45.48,25.59,1.65,0.418,5.73,1116.8,48.87,2,337.4,9.86,101.14,157.16,-0.052,-0.17,9.921,-2.102,1.606,6.805,62.64,50.9,14.23,61.84,-58.89,104.87
2026-01-01 17:43:00,R07,Pick-and-Place,Zone_A,37.45,41.76,25.39,1.51,0.558,9.89,1698.8,50.84,1,339,4.03,104.65,75.49,0.1,0.084,10.025,1.057,-3.928,2.864,77.33,45.26,18.65,5.39,-44.13,171.33
2026-01-01 17:44:00,R06,Navigation,Zone_D,40.26,54.82,22.94,3.19,0.411,13.01,1260.6,48.07,4,397,4.47,101.98,92.21,-0.252,0.141,9.527,1.877,-2.661,-1.997,62.04,50.63,23.24,6.27,-64.75,181.98
2026-01-01 17:45:00,R04,Navigation,Zone_A,41.95,43.92,25.28,4.6,0.704,9.85,1496.2,47.75,6,167.8,1.99,106.34,163.64,0.314,0.29,9.653,-1.846,2.243,1.686,65.95,51.75,7.99,16.85,-61.66,138.98
2026-01-01 17:46:00,R06,Idle,Zone_D,43.44,78.04,24.28,2.27,1.512,4.86,1748.4,53.83,1,291.7,0.41,100.05,188.96,-0.698,0.432,10.133,-5.556,4.574,2.703,72.73,44.91,17.38,23.64,-64.26,149.87
2026-01-01 17:47:00,R06,Pick-and-Place,Zone_A,42.24,44.09,22.85,8.31,0.512,5.75,1381.3,55.96,3,198.3,1.59,101.73,27.15,-0.492,0.159,10.272,-0.936,1.837,1.33,66.09,52.24,10.57,28.46,-70.04,41.72
2026-01-01 17:48:00,R04,Idle,Zone_D,46.13,54.5,24.16,4.4,0.083,12.4,1406.9,50.92,1,115.6,1.64,102.9,226.7,-0.099,0.112,10.451,-2.207,3.186,2.01,69.7,41.32,9.52,44.01,-61.79,133.25
2026-01-01 17:49:00,R07,Navigation,Zone_C,40.71,60.72,22.9,2.79,0.537,3.91,1348.9,50.5,2,324,6.72,101.45,87.45,0.018,0.194,10.028,0.394,0.422,-0.505,64.52,49.92,13.45,8.25,-40.06,136.4
2026-01-01 17:50:00,R01,Charging,Zone_C,45.25,52.75,23.93,8.4,0.003,10.17,1340.6,51.73,2,91.8,4.53,103.87,61.13,0.325,0.075,9.546,-0.288,-0.583,0.375,55.8,41.42,19.19,8.77,-52.14,91.45
2026-01-01 17:51:00,R04,Inspection,Zone_D,46.82,61.27,22.21,3.2,0.496,4.25,1048.3,49.7,4,259.2,1.02,98.85,16.53,0.206,0.044,10.15,3.415,0.362,-0.598,71.83,53.51,4.27,8.17,-44.77,171.11
2026-01-01 17:52:00,R07,Pick-and-Place,Zone_B,42.75,52.01,22.25,9,0.634,7.8,1222.2,58.02,4,331.7,1.98,100.77,38.86,0.23,-0.029,10.004,-1.369,-1.081,-1.294,70.98,45.46,16.13,29.16,-39.09,177.88
2026-01-01 17:53:00,R06,Navigation,Zone_D,40.34,58.51,23.19,6.91,0.998,8.45,1127.6,59.78,0,78.9,3.13,103.42,123.8,-0.208,0.173,9.227,-5.806,-3.006,-1.392,66.04,51.24,5.98,22.58,-67.76,68.49
2026-01-01 17:54:00,R05,Navigation,Zone_B,37.67,59.66,24.18,5.54,0.961,6.62,1252.4,50.71,2,92.1,1.54,,117.58,-0.439,0.034,9.958,1.232,2.838,0.275,65.6,47.1,3.34,11.66,-49.82,124.24
2026-01-01 17:55:00,R04,Idle,Zone_D,41.3,60.84,24.8,3.29,0.39,3.15,1279.5,53.69,5,195.5,2.48,99.93,48.27,0.121,0.276,9.581,0.46,-0.961,2.105,70.3,43.81,18.24,13.15,-56.95,160.72
2026-01-01 17:56:00,R02,Pick-and-Place,Zone_B,40.55,55.71,23.37,5.3,0.314,11.65,1377.2,48.35,1,132.4,1.61,102.25,95.62,-0.358,-0.037,9.727,4.088,0.74,0.89,67.38,48.3,13.39,1.44,-72.78,100.73
2026-01-01 17:57:00,R03,Navigation,Zone_D,44.49,53.16,25.59,5.35,0.374,7.69,1285.7,40.63,6,17.7,2.38,100.36,35.26,-0.182,0.468,10.169,-1.086,-2.982,-2.315,53.05,45.86,12.89,9.93,-47.8,106.7
2026-01-01 17:58:00,R08,Inspection,Zone_D,42.04,55.11,24.58,2.24,0.874,5.84,1634.7,56.62,1,126.6,9.35,100.49,117.64,-0.156,0.447,9.851,0.641,-0.663,-1.158,60.76,52.6,27.26,2.14,-68.78,47.65
2026-01-01 17:59:00,R08,Idle,Zone_B,39.87,51.04,25.49,2.55,0.401,3.76,1389.7,53.43,3,247.7,5.81,97.87,179.05,-0.245,0.085,9.576,2.821,1.354,1.151,76.86,55.87,17.03,6.2,-51.75,178.17
2026-01-01 18:00:00,R01,Navigation,Zone_A,43.02,60.19,24.18,4.37,1.213,3.34,1843.4,52.76,2,290,1.62,100.93,237.13,-0.411,0.263,9.598,1.441,0.561,1.066,76.63,44.83,11.58,36.44,-63.09,157.46
2026-01-01 18:01:00,R07,Charging,Zone_C,36.74,60.35,22.58,7.7,0.269,2.96,1382.2,58.56,2,272.7,0.71,102.36,67.03,0.181,-0.016,10.019,1.51,-1.277,4.499,56.49,46.15,4.87,20.37,-55.69,85.06
2026-01-01 18:02:00,R02,Charging,Zone_B,48.33,63.95,22.98,5.13,1.33,2.96,1427.1,56.15,2,308.5,0.53,103.36,43.29,-0.081,-0.406,9.328,-0.87,-2.44,0.035,60.47,47.63,15.17,7.56,-53.03,192.53
2026-01-01 18:03:00,R07,Pick-and-Place,Zone_A,39.81,58.64,25.01,2.08,3.059,3.68,1376.7,44.31,2,13.9,1.5,100.72,50.65,0.132,0.164,9.663,-2.862,0.7,-1.621,69.87,41.16,1.59,32.79,-52.15,77.04
2026-01-01 18:04:00,R02,Pick-and-Place,Zone_A,44.35,54.11,25.45,5.33,0.749,4.51,1574,57.53,5,132.6,0.19,105.87,35.79,-0.31,0.396,9.962,1.807,3.62,-0.832,76.09,52.49,20.54,4.25,-55.49,90.32
2026-01-01 18:05:00,R04,Pick-and-Place,Zone_D,34.56,55.09,23.83,9.07,0.532,11.53,1460.8,48.5,2,183.1,3.54,99.54,129.61,0.428,-0.272,10.033,1.712,0.876,-0.926,58.23,40.14,12.71,8.48,-68.37,137.64
2026-01-01 18:06:00,R07,Pick-and-Place,Zone_B,42.25,56.41,24.86,6.75,0.031,5.26,1424.7,40.64,4,319.5,0.41,100.76,152.27,0.06,0.062,9.259,-0.255,1.042,-3.405,58.58,46.33,13.08,1.37,-43.33,107.58
2026-01-01 18:07:00,R01,Inspection,Zone_D,38.18,49.22,23.69,1.03,0.044,6.77,1432.5,52.52,4,264,5.8,100.61,76.58,0.214,0.221,10.41,-1.512,-0.093,1.031,73.81,43.33,49.37,28.62,-53.33,118.6
2026-01-01 18:08:00,R01,Pick-and-Place,Zone_A,37.64,60.79,23.38,5.19,1.078,13.11,1454.9,60.37,9,224.7,1.68,103.14,80.31,0.422,0.02,10.037,1.552,1.962,6.113,75.81,51.86,2.75,38.27,-49.45,54.62
2026-01-01 18:09:00,R03,Navigation,Zone_D,40.9,61.94,22.18,4.97,0.65,14.17,1357.3,53.97,1,237.3,0.37,99.57,54.31,0.345,0.009,9.628,3.807,0.543,0.974,67.56,47.59,11.36,36.36,-58.28,90.1
2026-01-01 18:10:00,R01,Charging,Zone_B,44.58,50.28,24.19,1.27,1.36,15.19,1249.1,51.46,2,335.1,0.95,101.68,97.38,-0.201,0.16,9.499,-2.945,-1.817,-2.914,59.36,46.7,6.35,21.71,-68.29,58.57
2026-01-01 18:11:00,R07,Pick-and-Place,Zone_C,37.98,61.58,23.89,4.29,0.104,5.82,1827.9,49.74,2,323.1,0.13,101.72,138.47,0.035,-0.286,9.75,0.305,1.178,1.556,66.79,45.49,12.65,57.24,-43.98,95.19
2026-01-01 18:12:00,R03,Navigation,Zone_D,45.1,58.53,25.65,5.59,0.263,2.86,1658.4,53.99,2,346.8,2.82,98.99,68.48,0.389,-0.163,9.57,-0.09,-0.921,-2.302,62.75,51.24,8.07,29.16,-70.55,197.56
2026-01-01 18:13:00,R05,Idle,Zone_D,44.97,45.94,25.9,4.11,0.202,9.28,1427.5,55.34,3,313.8,2.35,104.33,61.82,0.194,0.083,9.5,-2.242,-0.453,-1.986,62.75,44.17,4.54,83.39,-57.95,129.34
2026-01-01 18:14:00,R01,Navigation,Zone_A,39.74,56.39,24.13,2.87,1.129,3.73,1403.4,47.95,2,166.2,2.41,101.57,153.4,-0.397,-0.188,10.227,1.433,0.162,2.8,60.42,48.16,13.91,80.08,-49.18,85.54
2026-01-01 18:15:00,R02,Pick-and-Place,Zone_C,38.29,48.85,22.48,3.62,0.308,1.53,1531,48.36,3,32.3,2.36,103.19,46.25,-0.115,-0.03,9.954,-0.562,0.548,1.098,74.97,55.01,15.95,3,-60.1,68.93
2026-01-01 18:16:00,R03,Idle,Zone_A,37.58,54.72,25.43,2.31,1.256,3.23,1391.5,44.06,2,265.3,0.11,101.17,200.01,0.133,0.104,9.181,-0.162,2.2,0.961,67.43,52.12,14.37,16.38,-43.9,204.07
2026-01-01 18:17:00,R05,Idle,Zone_C,34.95,72.79,25.01,4.97,0.47,3.78,1242.2,48.15,4,223.7,0.53,106.49,136.05,-0.177,0.265,9.045,-1.518,0.876,0.559,68.17,59.12,4.41,29.4,-38.19,164.25
2026-01-01 18:18:00,R06,Charging,Zone_D,44.8,52.65,25.07,1.14,1.199,12.02,1493.4,46.19,2,370.3,4.54,101.39,99.95,-0.201,-0.061,9.913,1.526,-0.495,0.742,82.59,50.24,9.89,0.75,-54.66,102.99
2026-01-01 18:19:00,R01,Pick-and-Place,Zone_D,42.3,57.83,23.3,2.21,0.333,7.61,1653.6,52.51,4,115.9,0.14,102.77,60.75,0.222,0.706,10.141,-2.62,1.805,0.353,62.93,51.31,5.51,58.74,-55.65,76.94
2026-01-01 18:20:00,R05,Charging,Zone_B,36.45,59.09,23.22,4.57,0.118,6.96,1458.9,57.11,4,167.1,2.35,99.84,64.75,-0.22,-0.173,9.345,-0.162,-1.284,2.856,69.71,47.64,7.76,36.81,-67.3,101.88
2026-01-01 18:21:00,R08,Pick-and-Place,Zone_D,35.34,60.47,25,4.31,1.247,5.68,1539.1,52.15,2,74.5,0.62,99.88,51.78,-0.606,-0.009,10.033,-1.262,-0.321,-2.815,60.6,43.15,7.53,77.54,-46.81,180.6
2026-01-01 18:22:00,R05,Charging,Zone_A,40.89,47.36,22.18,10.85,0.307,2.36,1768.6,51.22,5,181.6,2.64,103.25,102.44,-0.11,-0.016,9.368,-2.631,-1.469,1.403,60,42.12,2.53,15.01,-60.74,111.97
2026-01-01 18:23:00,R05,Pick-and-Place,Zone_A,44.25,61.98,25.48,6.81,0.808,8.68,1653.1,57.02,3,100.7,0.2,100.05,74.99,0.312,-0.432,9.675,-1.648,-1.97,-0.602,64.35,47.79,17.09,25.51,-61.6,76.59
2026-01-01 18:24:00,R08,Navigation,Zone_C,42.83,51.53,22.45,6.3,0.465,7.21,1703.7,52.33,3,50,4.87,100.2,124.65,-0.415,-0.235,9.727,0.032,-0.746,2.878,56.2,51.42,8.84,18.04,-62.34,92.52
2026-01-01 18:25:00,R06,Navigation,Zone_B,42,70.99,22.15,8.03,0.11,10.86,1085,51.28,4,97.4,0.56,104.23,111.93,-0.26,0.286,10.294,2.237,-4.559,-0.191,56.2,44.38,23.56,26.26,-41.46,156.9
2026-01-01 18:26:00,R04,Navigation,Zone_D,42.19,48.88,25.64,1.95,0.086,9.16,1546,57.62,1,287.5,4.72,99.99,115.22,-0.166,-0.373,10.053,-0.781,0.082,-0.609,65.01,46.92,14.97,12.99,-46.76,170.01
2026-01-01 18:27:00,R07,Navigation,Zone_C,33.85,50.99,24.75,1.78,0.097,4.62,1437.5,49.94,3,259.3,1.21,100,77.26,0.216,0.224,9.33,-0.316,-1.11,-0.951,77.3,49.69,2.68,23.78,-39.46,110.15
2026-01-01 18:28:00,R03,Navigation,Zone_D,38.89,51.94,24.31,5.33,0.003,5.98,1405.1,53.28,2,42.7,4.64,98.33,87.57,0.054,-0.052,10.108,-2.47,-0.734,2.512,60.61,45.3,3.53,3.94,-42.28,140.45
2026-01-01 18:29:00,R06,Inspection,Zone_C,39.88,49.11,22.32,5.82,0.088,6.39,1625.1,49.97,5,83.5,4.33,101.49,148.88,0.259,0.445,9.502,2.716,-0.636,-2.409,59.48,56.2,5.12,13.48,-55.13,76.06
2026-01-01 18:30:00,R05,Navigation,Zone_A,40.26,37.36,25.35,3.65,0.068,7.6,1482.9,45.05,1,398.5,0.45,102.75,73.99,0.427,-0.451,10.39,2.506,-1.781,0.483,66.87,53.58,8.98,11.3,-57.68,87.21
2026-01-01 18:31:00,R05,Pick-and-Place,Zone_C,35.03,56.5,25.52,4.5,0.023,5.75,1444.2,57.81,2,186.1,5.42,101.93,49.56,-0.184,0.071,9.6,1.94,0.958,0.109,66.78,48.32,8.02,3.44,-53.76,77.36
2026-01-01 18:32:00,R02,Navigation,Zone_B,39.47,67.45,22.86,1.55,0.636,3.03,1444.1,48.29,8,97.7,0.02,103.82,196.74,-0.261,0.313,9.631,-3.305,3.922,1.511,66.35,60.29,29.97,41.91,-68.24,73.37
2026-01-01 18:33:00,R06,Pick-and-Place,Zone_D,42.16,64.34,22.87,9.03,1.365,8.11,1453.5,59.07,1,336.3,0.61,100.67,44.44,-0.002,0.035,9.536,2.411,-2.925,-1.014,69.46,41.99,8.8,3.17,-44.43,55.84
2026-01-01 18:34:00,R05,Navigation,Zone_C,32.59,56.3,24.98,5.78,1.666,9.33,1399.7,62.58,2,69.6,0.42,100.89,43.51,-0.072,-0.27,9.593,-2.704,0.758,0.391,59.76,54.6,5.67,9.81,-52.56,130.93
2026-01-01 18:35:00,R03,Idle,Zone_B,38.74,49.54,22.9,3.29,1.742,15.2,1566.6,55.53,5,326,1.95,95.46,110.15,0.252,-0.024,9.593,-0.314,-0.681,-0.12,51.17,45.02,4.19,18.63,-60.44,128.69
2026-01-01 18:36:00,R08,Pick-and-Place,Zone_A,43.19,52.19,24.82,3.83,1.019,7.82,1252.5,54.95,1,377.3,5.22,104.83,82.62,-0.312,0.447,9.482,0.17,0.203,-0.368,61.48,46.86,12.88,6.64,-45.73,104.46
2026-01-01 18:37:00,R08,Idle,Zone_D,40.47,39.81,24.33,8.43,0.174,5.13,1481.2,46.32,5,113.9,9.33,102.14,56.47,0.033,0.146,10.145,1.511,1.39,2.123,70.43,44.38,5.47,8.46,-47.41,71.65
2026-01-01 18:38:00,R02,Inspection,Zone_C,42.94,59.5,24.41,8.94,0.835,19.33,1346.5,52.54,2,178.2,5.63,103.27,77.73,-0.057,0.143,10.108,-0.268,-1.368,3.835,64.83,47.93,4.72,10.35,-56.8,145.37
2026-01-01 18:39:00,R05,Charging,Zone_C,38.79,52.61,25.83,3.38,3.307,4.45,1211.5,61.44,4,124.4,3.27,102.35,236.82,-0.086,-0.056,9.971,-0.378,-0.428,-0.448,77.01,48.52,8.52,25.57,-64.45,150.73
2026-01-01 18:40:00,R03,Pick-and-Place,Zone_B,39.03,46.91,25.41,4.3,2.303,5.72,1538.4,51.32,2,184,0.14,102.88,169.43,-0.006,0.425,9.808,-2.119,1.231,0.16,64.4,47.8,34.28,9.01,-50.01,83.39
2026-01-01 18:41:00,R03,Pick-and-Place,Zone_B,34.84,52.55,23.26,6.41,0.275,5.82,1624.5,49.79,3,49.6,0.94,99.09,133.71,0.397,-0.221,10.282,1.011,1.568,1.785,70.8,45.55,0.26,58.23,-54.89,97.37
2026-01-01 18:42:00,R06,Navigation,Zone_D,43.67,55.07,22.44,3.75,0.068,4.87,1342.8,58.54,1,232.2,2.76,104.24,46.24,0.027,-0.426,9.67,-2.348,-5.538,-1.142,70.98,43.49,11.65,42.51,-37.27,91.63
2026-01-01 18:43:00,R04,Pick-and-Place,Zone_D,42.05,62.91,22.29,6.19,0.166,3.2,1526,58.19,5,329.2,1.5,98.81,44.91,0.292,-0.181,10.428,0.278,-2.779,-0.137,67.25,47.49,5.09,18.06,-50.83,82.95
2026-01-01 18:44:00,R05,Inspection,Zone_A,41.25,45.37,24.67,5.74,0.25,6.09,1402.9,60,2,168.4,1.92,100.09,127.99,0.003,-0.032,9.813,3.285,-0.929,-0.487,76.23,43.13,10.43,20.25,-57.93,179.78
2026-01-01 18:45:00,R08,Navigation,Zone_B,36.08,44.25,22.63,2.81,0.326,5.12,1500.5,51.65,3,107.2,5.51,,95.01,-0.368,-0.202,9.435,0.637,1.47,3.027,77.65,55.32,10.16,2.7,-59.63,157.61
2026-01-01 18:46:00,R01,Navigation,Zone_B,45.13,77.39,23.31,4.89,0.219,9.25,1200.4,52.84,3,141.1,0.26,100.43,72.05,-0.249,-0.213,9.757,0.298,0.731,-0.672,68.07,48.27,12.96,4.08,-54.04,93.48
2026-01-01 18:47:00,R04,Navigation,Zone_A,42.51,60.52,23.83,3.2,0.246,7.42,1365.4,51.67,3,159,1.49,101.14,118.12,-0.216,0.071,9.754,-0.16,-0.937,-0.905,82.47,44.62,8.18,34.04,-72.19,237.88
2026-01-01 18:48:00,R06,Charging,Zone_B,42.81,65.73,24.61,4.14,0.567,9.72,1173.5,55.13,4,70.4,3.36,98.43,57.84,-0.18,0.211,9.708,-0.952,-1.714,4.549,67.36,49.55,14.99,25.89,-57.84,88.99
2026-01-01 18:49:00,R05,Inspection,Zone_A,45.98,54.35,24.55,3.47,0.156,9.14,1536.3,54.53,3,342.3,1.2,103.9,128.79,0.171,-0.223,9.773,1.504,-2.342,-1.804,58.6,46.31,6.95,4.23,-54.46,124.21
2026-01-01 18:50:00,R04,Idle,Zone_A,46.33,64.26,23.89,4.82,1.249,4.48,1868.9,58.71,5,345.9,0.68,100.85,139.99,-0.208,0.164,9.889,1.451,0.432,2.773,69.9,51.34,1.56,52.05,-47.85,160.09
2026-01-01 18:51:00,R06,Navigation,Zone_D,37.74,65.45,24.99,9.33,0.337,3.28,1222.3,52.8,3,116.9,7.45,102.64,34.2,0.124,0.3,10.017,0.49,-0.94,-0.864,60.66,45.98,3.35,19.75,-56.99,62.06
2026-01-01 18:52:00,R04,Pick-and-Place,Zone_A,38.84,60.3,24.8,2.41,1.564,3.68,1616.6,54.7,2,327.6,0.37,100.23,135.56,-0.326,-0.382,9.574,3.87,-0.039,1.211,79.5,53.49,23.19,7.3,-59.4,117.42
2026-01-01 18:53:00,R08,Charging,Zone_A,37.99,56,23.87,4.69,0.563,3.44,1701.1,52.32,3,62.9,2.81,102.45,424.86,-0.164,-0.113,10.142,1.727,-0.346,2.279,67.79,48.75,14.28,83.31,-42.64,84.33
2026-01-01 18:54:00,R02,Navigation,Zone_A,34.4,50.49,22.54,3.02,1.444,5.37,1227.9,47.16,5,122.6,4.11,99.31,141.04,-0.195,0.015,9.909,-3.826,3.911,-1.072,67.13,40.41,8.11,4.03,-55.84,158.23
2026-01-01 18:55:00,R01,Inspection,Zone_B,38.97,53.9,23.08,4.31,0.029,9.16,1285.3,56.56,1,62.6,0.75,103.06,151.11,-0.072,-0.082,10.154,2.166,0.253,-2.238,50.39,44,5.45,55.09,-62.14,126.81
2026-01-01 18:56:00,R02,Pick-and-Place,Zone_D,36.19,52.64,22.16,2.82,2.05,7.61,1351.6,58.59,8,308.5,3.35,96.61,125.63,-0.012,-0.248,9.802,-1.949,2.407,-0.404,72.57,46.41,8.97,20.34,-55.09,150.56
2026-01-01 18:57:00,R03,Inspection,Zone_B,43.99,49.15,24.1,4.31,0.015,2.89,1129.5,53.98,3,235.7,5.67,99.65,58.4,-0.017,-0.093,9.403,0.339,-3.64,-0.398,61.5,47.33,17.39,86.36,-54.3,160.57
2026-01-01 18:58:00,R06,Inspection,Zone_C,42.87,56.12,25.84,4.89,0.122,5.9,1177.9,44.94,1,250,2.36,103.47,58.01,0.416,-0.298,10.272,2.382,0.245,0.561,60.9,41.12,9.25,0.97,-51.46,61.42
2026-01-01 18:59:00,R02,Idle,Zone_A,40.28,52.66,24.92,11.01,0.451,3.47,1410.7,47.03,4,40.4,0.51,99.85,53.18,0.123,-0.261,10.283,1.331,-1.246,0.806,61.08,46.81,15.19,11.2,-72.35,137.34
2026-01-01 19:00:00,R08,Inspection,Zone_C,34.56,56.96,22.75,2.15,0.232,1.13,1692.7,52.83,6,22.3,5.23,104.92,182.48,0.115,0.083,9.718,0.78,0.016,-1.014,69.07,51.66,15.98,9.64,-55.61,76.13
2026-01-01 19:01:00,R01,Navigation,Zone_B,39.45,54.63,24.07,3.77,0.239,3.05,1387.2,57.63,5,198.1,1.41,102.4,73.88,-0.295,-0.279,9.457,4.975,1.462,-0.345,56.81,49.22,18.12,6.7,-56.79,103.71
2026-01-01 19:02:00,R08,Charging,Zone_B,44.02,73.31,25.13,2.16,0.58,1.83,1576.7,54.06,2,221.1,2.46,105.17,106.82,0.058,-0.09,9.532,-2.702,0.602,0.184,66.6,52.1,6.56,56.03,-73.73,102.61
2026-01-01 19:03:00,R08,Navigation,Zone_B,37.13,46.47,22.82,4.28,0.406,5.76,1545.2,47.8,2,51.6,1.26,103.36,126.02,0.29,0.564,10.115,1.221,1.364,0.737,77.66,42.97,1.94,47.45,-65.8,100.72
2026-01-01 19:04:00,R07,Idle,Zone_D,36.49,55.79,22.37,2.33,1.104,7.75,1613.9,53.28,2,294.5,8.08,99.15,43.01,-0.251,0.152,9.69,-1.228,1.024,3.25,68,44.01,14.48,0.87,-38.39,147.02
2026-01-01 19:05:00,R02,Navigation,Zone_B,39.91,52.59,24.5,5.41,0.416,8.86,1558,52.12,3,288.4,0.99,96.99,40.05,-0.234,0.313,9.286,1.171,1.95,-0.496,66.68,41.72,8.54,23.93,-60.25,111.48
2026-01-01 19:06:00,R08,Pick-and-Place,Zone_D,38.97,57.71,22.13,5.12,0.392,5.54,1600.3,57.97,7,198.9,0.65,100.8,89.18,0.356,-0.016,8.891,2.412,5.162,1.387,64.69,45.54,2.3,24.34,-62.4,89.86
2026-01-01 19:07:00,R01,Pick-and-Place,Zone_B,43.75,60.42,25.84,4.94,0.592,9.85,1289.6,56.73,4,298.8,4.49,102.23,48.73,0.067,0.292,10.054,3.567,0.044,-2.634,64.77,47.72,17.77,9.4,-49.85,141.21
2026-01-01 19:08:00,R02,Navigation,Zone_A,40.15,69.85,21.98,2.27,1.293,5.12,1456.7,60.22,2,331.4,5.74,101.03,44.95,-0.087,-0.011,9.894,-2.414,-0.19,-3.152,59.85,49.83,12.53,46.26,-42.84,53.2
2026-01-01 19:09:00,R02,Inspection,Zone_A,37.62,46.06,23.77,3.2,7.026,5.09,1497.3,49.25,1,336.1,2.34,99.25,44.04,0.457,0.314,9.276,2.436,2.387,-0.104,55.76,44.33,6.77,4.7,-61.54,108.53
2026-01-01 19:10:00,R04,Pick-and-Place,Zone_D,41.41,64.77,22,3.28,0.917,3.32,1802.4,54.34,3,91.3,0.38,102.49,135.81,-0.307,0.271,9.689,-0.668,-1.87,-3.94,69.36,48.26,3.85,31.36,-57.34,78.51
2026-01-01 19:11:00,R08,Navigation,Zone_B,38.73,46.47,22.52,5.8,0.014,7.28,1391.1,55.64,5,18.3,4.18,,49.16,-0.466,-0.431,9.962,0.631,0.006,-2.46,59.45,46.58,1.6,0.31,-62.11,104.98
2026-01-01 19:12:00,R01,Idle,Zone_A,39.8,60.93,22.15,2.19,0.107,6.3,1367.5,48.23,4,133.7,1.28,99.96,168.86,-0.238,-0.012,9.805,0.503,-2.331,1.968,64.33,52.14,3.87,14.85,-51,85.43
2026-01-01 19:13:00,R07,Pick-and-Place,Zone_B,40.61,48.81,23.83,5.42,0.25,4.49,1425.8,51.09,5,210.4,1.68,97.03,58.04,-0.067,-0.018,10.224,0.334,-0.898,4.395,67.89,40.66,16.03,2.97,-47.99,185.05
2026-01-01 19:14:00,R04,Navigation,Zone_B,44.31,68.66,24.22,3.79,0.445,9.67,1547,44.48,2,87.7,0.9,99.95,69.99,0.243,-0.074,9.583,1.56,-0.076,-3.245,77.36,50.12,19.62,5.06,-55.44,207.44
2026-01-01 19:15:00,R02,Navigation,Zone_A,42.1,53.85,25.67,4.4,1.218,3.49,1572.6,46.84,1,297,3.01,98.18,81.65,-0.49,0.012,9.929,-1.385,-3.058,1.765,74.34,50.28,2.92,20,-46.6,90.94
2026-01-01 19:16:00,R06,Inspection,Zone_B,37.03,55.08,24.47,6.92,0.671,3.42,1626.1,45.77,1,135.1,1.78,103.58,95.87,0.409,-0.097,9.93,1.059,1.461,0.349,58.39,40.55,11.68,32.85,-54.22,87.14
2026-01-01 19:17:00,R07,Pick-and-Place,Zone_A,41.64,54.59,25.41,1.88,1.047,4.31,1602.3,51.12,3,357.6,0.2,97.56,93.88,-0.257,-0.055,9.799,4.145,-1.411,-4.126,68.9,46.48,12.84,5.19,-62.17,164.72
2026-01-01 19:18:00,R04,Charging,Zone_D,43.14,53.83,25.12,1.6,0.082,9.02,1346.3,47.9,3,147.3,0.8,100.1,126.72,0.006,0.126,10.252,1.151,3.734,-2.216,69.62,45.33,6.27,12.66,-58.74,91.86
2026-01-01 19:19:00,R06,Navigation,Zone_C,42.8,40.08,24.92,0.43,0.207,4.89,1567.9,46.08,2,189.1,1.13,98.8,113.23,0.154,0.172,9.681,0.213,-0.482,1.01,54.15,51.21,8.23,12.02,-49.14,128.92
2026-01-01 19:20:00,R07,Navigation,Zone_D,38.12,53.42,25.01,5.09,0.443,10.28,1444.9,56.13,1,381.5,0.83,98.5,71.99,-0.119,0.231,9.774,0.75,-1.702,-0.31,71.55,48.42,7.68,81.4,-56.19,90.77
2026-01-01 19:21:00,R04,Pick-and-Place,Zone_C,40.88,62.39,24.37,3.94,0.866,5.15,1521.4,55.94,2,190.3,3.36,103.2,78.53,-0.104,0.215,10.173,-0.403,-0.354,-2.866,59.44,56.67,11.99,4.22,-55.92,180.04
2026-01-01 19:22:00,R03,Navigation,Zone_A,41.01,55.44,25.74,4.54,0.598,18.39,1335.9,61.76,4,81.4,3.4,105.43,137.92,-0.194,0.058,10.007,-0.444,-2.212,-1.539,66.26,45.32,3.12,15.79,-57.3,81.02
2026-01-01 19:23:00,R04,Navigation,Zone_C,43.28,64.14,22.41,4.03,0.621,4.08,1779.1,57.62,3,152.3,4.24,104.28,175.56,0.084,0.148,9.286,1.888,-0.377,2.327,74.53,45.44,4.46,4.46,-46.24,169.91
2026-01-01 19:24:00,R02,Navigation,Zone_A,36.13,47.88,24.41,2.45,1.574,5.73,1399.7,43.08,4,382.1,3.57,99.94,152.97,-0.288,0.363,10.31,0.779,1.382,-1.449,65.4,39.61,3.97,88.22,-62.46,66.04
2026-01-01 19:25:00,R08,Pick-and-Place,Zone_D,41.6,43.38,25.36,2.46,0.479,12.53,1322.4,51.93,2,313.5,0.42,100.61,150.68,0.458,-0.001,9.982,-0.752,-2.746,2.025,60.52,49,7.36,1.22,-55.83,173.27
2026-01-01 19:26:00,R06,Pick-and-Place,Zone_A,42.19,53.36,22.75,3.8,0.138,3.61,1404.7,60.19,1,249.7,1.79,100.23,96.94,-0.454,0.067,9.723,0.435,-2.034,-4.485,64.64,45.42,12.27,70.38,-59.11,119.7
2026-01-01 19:27:00,R05,Navigation,Zone_C,37.91,63.4,,4.66,0.191,7.8,1500.3,47.84,2,285.3,0.54,103.5,128.52,-0.108,0.062,9.252,0.006,0.656,1.117,68.22,50.36,9.43,27.04,-61.32,123.36
2026-01-01 19:28:00,R06,Navigation,Zone_A,41.27,52.62,24.67,5.16,0.163,15.89,1194.7,54.29,4,180.1,0.13,97.98,94.8,0.154,0.034,10.043,-2.524,-0.796,-0.934,54.76,45.45,19.38,44.22,-51.78,80.94
2026-01-01 19:29:00,R01,Navigation,Zone_D,37.15,44.48,25.44,8.48,0.537,18.79,1530.7,52.14,7,90.9,5.39,102.52,98.21,-0.298,-0.325,9.622,0.164,-1.138,-2.257,79.79,52.84,6.7,23.98,-60.77,136.64
2026-01-01 19:30:00,R03,Navigation,Zone_A,38.91,55.28,23.93,4.47,0.832,9.62,1183,53.05,5,329.1,2.75,101.39,148.92,-0.222,0.188,9.719,2.418,-1.139,0.788,76.12,54.04,24.07,74.01,-38.1,104.85
2026-01-01 19:31:00,R01,Navigation,Zone_C,36.16,63.31,24.17,3.99,0.421,11.85,1312.9,56.21,3,174.4,1.65,104.07,86.07,0.261,0.135,10.074,-1.9,-2.625,-2.175,60.67,54.81,16.23,0.58,-51.05,149.4
2026-01-01 19:32:00,R07,Charging,Zone_C,35.56,56.5,22.76,2.16,0.094,6.98,1325.1,60.28,1,157,1.43,103.15,64.28,-0.361,-0.302,9.502,0.446,-0.71,2.606,58.62,43.54,9.67,28.89,-54.4,116.2
2026-01-01 19:33:00,R01,Navigation,Zone_D,43.43,64.66,23.19,6.17,1.915,9.74,1435.9,54.3,4,264.8,1.2,102.76,111.64,-0.327,-0.051,10.219,1.191,-0.064,0.074,77.79,41.38,10.56,16.56,-30,67.85
2026-01-01 19:34:00,R05,Inspection,Zone_A,42.79,64.43,23.38,4.37,7.588,3.72,1326.3,52.4,2,271.4,5.02,99.46,119.15,0.163,-0.225,9.424,2.081,-1.379,-1.999,71.74,44.33,24.21,10.69,-60.37,160.5
2026-01-01 19:35:00,R03,Pick-and-Place,Zone_B,39.04,50.3,23.53,1.88,0.828,3.13,1052.1,48.52,2,318,3.16,105.53,64.78,-0.185,-0.026,9.577,1.724,0.288,-0.805,53.04,49.19,1.67,69.78,-61.85,41.48
2026-01-01 19:36:00,R02,Navigation,Zone_A,40.57,54.62,22.72,6.96,0.152,13.46,1406.2,61.62,2,214,1.47,104.3,53.38,0.108,-0.237,9.502,0.727,-1.538,3.312,65.67,48.26,4.49,19.06,-54.24,173.92
2026-01-01 19:37:00,R06,Charging,Zone_B,41.73,64.42,24.96,1.83,0.89,10.34,1427.1,52.21,2,62.4,4.38,100.68,96.3,0.015,-0.12,9.696,-1.369,1.931,1.659,60.14,48.71,6.95,40.48,-66.62,191.58
2026-01-01 19:38:00,R07,Inspection,Zone_A,43.34,63.49,25.29,3.08,0.391,3.87,1069.2,56.25,3,183,1.61,98.47,206.27,0.027,0.296,9.63,1.853,-3.657,0.414,66.4,52.81,4.02,2.33,-59.25,199.45
2026-01-01 19:39:00,R08,Idle,Zone_A,42.68,56.52,25.53,2.36,2.969,2.35,1639.1,46.78,2,73.2,0.91,102.33,71.57,-0.64,-0.186,9.793,1.71,-1.621,-0.997,79.71,53.13,20.07,68.39,-62.47,95.71
2026-01-01 19:40:00,R07,Navigation,Zone_C,41.72,45.84,24.66,1.68,1.522,1.96,1380.4,57.95,3,366.4,0.33,105.1,119.11,-0.649,-0.231,9.854,-3.665,-0.474,1.527,65.99,57.37,8.84,40.94,-57.62,112.55
2026-01-01 19:41:00,R06,Idle,Zone_D,34.65,62.19,25.22,4.67,0.804,5.38,1307.1,58.82,2,296.2,2.97,97.2,101.07,0.404,0.036,9.648,1.321,-1.26,-1.089,71.93,41.42,9.72,4.05,-66.72,60.69
2026-01-01 19:42:00,R07,Idle,Zone_B,39.44,52.19,22.47,3.01,0.011,7.66,1142.9,54.99,5,237.1,0.21,99.76,56.49,0.013,0.191,10.478,3.108,1.855,-0.064,59.6,51.97,21.02,4.68,-54.2,67.99
2026-01-01 19:43:00,R08,Navigation,Zone_D,44.28,68.78,23.86,7.48,1.065,5.45,1635.1,48.89,3,209.1,1.23,97.27,133.17,0.298,0.253,9.52,1.928,3.659,1.868,63.74,41.14,5.87,23.79,-50.56,136.28
2026-01-01 19:44:00,R01,Navigation,Zone_D,43.08,69.27,23.49,1.95,0.815,10.04,1741.7,53.7,2,85.1,2.23,99.75,229.32,0.295,0.038,9.729,-2.625,-2.06,-0.53,72.75,53.53,8.69,35.28,-67.29,69.25
2026-01-01 19:45:00,R08,Pick-and-Place,Zone_B,42.25,56.27,25.87,1.76,0.071,12.41,1020.2,56.87,7,163,1.01,102.17,93.8,-0.358,0.254,9.625,-1.276,-0.577,-0.825,67.56,51.36,14.97,32.25,-55.78,86.55
2026-01-01 19:46:00,R02,Inspection,Zone_D,55.46,45.65,23.22,12.76,0.145,2.08,1505.4,48.5,3,188.3,2.02,102.44,115.26,-0.005,-0.006,9.941,-0.247,1.889,0.728,78.81,48.17,4.65,52.68,-53.62,129.61
2026-01-01 19:47:00,R04,Pick-and-Place,Zone_C,36.11,62.09,23.77,2.02,0.304,4.74,1747.6,54.05,4,225.3,1.72,98.95,167.38,0.073,0.03,9.614,-0.911,-2.636,0.828,75.13,45.34,3.4,24.93,-46.12,65.56
2026-01-01 19:48:00,R01,Inspection,Zone_D,38.65,50.66,23.04,5.98,0.97,4.8,1156.8,56.88,4,188.3,1.49,104.15,57.43,0.276,0.206,9.467,-2.431,1.039,-2.325,71.05,56.69,3.62,27.31,-54.72,77.88
2026-01-01 19:49:00,R04,Idle,Zone_D,41.85,57.67,24.82,3.11,0.318,9.86,1706,51.33,3,303.9,0.65,101.08,49.46,-0.153,-0.31,9.66,-1.987,1.274,1.514,72.11,49.23,16.8,7.69,-59.86,103.61
2026-01-01 19:50:00,R05,Pick-and-Place,Zone_B,45.12,35.4,22.14,2.5,0.666,12.16,1456.1,50.88,4,175.3,0.7,101.56,103.56,-0.226,0.137,10.323,0.723,-0.345,0.388,63.35,56.65,24.3,30.53,-50.11,109.6
2026-01-01 19:51:00,R06,Idle,Zone_C,43.04,56.33,23.58,6.17,0.92,8.43,1513.1,56.79,3,267.8,1.07,104.87,78.48,-0.119,0.372,9.537,2.391,0.304,-3.216,71.3,58.14,17.47,51.73,-43.93,68.6
2026-01-01 19:52:00,R07,Navigation,Zone_C,43.59,54.29,25.06,7.64,0.115,8.38,1742,62.3,4,255.2,1.16,96.86,39.8,-0.028,-0.294,9.816,1.265,-3.207,-4.718,72.76,47.14,6.02,29.98,-46.52,169.49
2026-01-01 19:53:00,R07,Navigation,Zone_A,41.77,62.49,22.91,2.03,1.672,10.69,1627.2,53.95,2,88.6,1.61,105.38,144.87,0.282,0.206,9.661,-3.019,1.426,-0.34,60.92,40.73,8.46,5.51,-68.12,113.34
2026-01-01 19:54:00,R01,Pick-and-Place,Zone_D,38.85,73.69,23.05,4.33,0.025,2.11,1566.4,48.78,2,349.3,1.18,103.41,102.18,0.025,0.012,9.584,0.944,1.676,-1.936,69.66,36.83,29.53,17.66,-44.87,132.99
2026-01-01 19:55:00,R06,Navigation,Zone_D,37.88,61.18,24.65,4.39,0.102,9.94,1490.1,49.26,4,19.2,0.87,100.56,140.18,-0.071,-0.152,10.022,3.248,0,-0.024,66.38,48.56,18.25,14.94,-52.09,86.18
2026-01-01 19:56:00,R01,Inspection,Zone_D,37.3,51.55,24.17,5.67,1.094,6.07,1441.5,57.37,4,267.1,0.62,100.43,175.02,0.184,0.081,9.908,-2.875,0.695,-3.739,61.13,48.82,17.23,20.39,-63.91,99.73
2026-01-01 19:57:00,R05,Navigation,Zone_D,48.73,55.07,23.8,4.36,0.573,7.49,1418.4,52.64,1,308.2,4.01,100.67,107.45,-0.299,-0.334,9.78,5.781,0.324,-0.79,61.53,46.93,5.43,1.52,-57.16,94.3
2026-01-01 19:58:00,R08,Pick-and-Place,Zone_B,36.87,55.44,22.66,10.98,1.408,7.18,1625.7,53.68,3,247,6.45,97.94,75.41,-0.083,0.321,9.925,0.962,1.3,0.163,68.9,52,13.57,36.17,-59.37,123.02
2026-01-01 19:59:00,R06,Navigation,Zone_D,37.49,49.24,23.82,9.41,0.325,12.65,1453.6,52.8,4,315.4,3.46,103.48,197.39,-0.004,-0.35,9.576,1.219,0.556,-4.49,76.04,46.44,7.72,111.11,-72.94,92.85
2026-01-01 20:00:00,R07,Navigation,Zone_D,40.61,63.07,23.56,2.77,1.356,5.27,1338.5,55.85,3,170.7,2.7,101.24,74.88,0.202,0.152,9.639,0.858,-2.974,-1.314,54.2,48.87,7.36,29.62,-54.38,103.44
2026-01-01 20:01:00,R03,Navigation,Zone_D,35.49,57.95,24.17,4.02,1.481,7.66,1657.9,44.34,5,258.8,3.41,101.11,80.44,-0.399,0.1,9.753,-2.274,1.58,3.555,76.12,49.89,8.01,34.37,-46.14,85.75
2026-01-01 20:02:00,R08,Navigation,Zone_B,37.05,47.55,21.96,4.61,0.243,9.1,1401.6,49.89,2,205,3.68,95,224.63,-0.167,-0.031,9.636,-1.149,-1.87,0.691,60.82,50.35,1.76,2.79,-59.12,96.09
2026-01-01 20:03:00,R04,Inspection,Zone_B,39.75,61.44,22.4,5.41,1.349,4.64,1183.8,58.71,4,255.7,1.43,102.37,84.08,-0.296,0.413,9.733,-0.841,2.3,3.709,69.61,46.45,18.65,7.09,-47.83,95.52
2026-01-01 20:04:00,R06,Charging,Zone_A,42.42,56.81,22.81,1.48,0.479,6.3,799.6,52.63,3,75.6,0.67,103.4,167.29,-0.493,-0.375,10.152,-2.959,-2.127,0.954,62.93,49.61,21.3,26.55,-53.89,102.65
2026-01-01 20:05:00,R05,Inspection,Zone_D,38.77,57.51,24.3,3.52,1.86,4.46,1421.6,53.52,2,152.5,12.87,100.85,84.09,0.187,-0.319,9.619,2.324,-0.419,-0.46,64.34,46.44,6.55,38.28,-46.98,168.67
2026-01-01 20:06:00,R01,Navigation,Zone_D,41.27,59.5,23.8,2.09,0.497,12.68,1539.4,54.25,4,35.7,0.06,102.72,156.49,-0.247,0.052,9.615,-0.94,-1.325,0.696,70.01,49.45,14.27,1.65,-49.36,110.84
2026-01-01 20:07:00,R07,Navigation,Zone_B,41.56,67.15,25.26,4.42,0.062,6.98,1681.5,55.92,7,151,0.92,98.4,31.58,0.331,-0.189,9.648,-3.859,1.651,-1.997,77.7,43.37,3.74,9.48,-59.14,125.25
2026-01-01 20:08:00,R02,Navigation,Zone_C,36.57,66.48,23.76,3.12,0.902,5.97,1664.7,47.52,2,18.1,2.42,102.44,117.29,0.357,0.193,9.355,0.624,2.759,-1.861,64.85,46.2,9.03,146.31,-55.91,83.66
2026-01-01 20:09:00,R03,Navigation,Zone_A,44.4,47.74,23,4.01,0.602,2.96,1403.6,59.1,2,173.5,1.19,101.79,371,0.495,0.433,9.738,2.314,-1.115,-1.301,71.81,40.41,9.84,32.34,-51.4,195.45
2026-01-01 20:10:00,R08,Navigation,Zone_B,32.61,53.04,24.12,3.93,0.139,3.17,1485.5,42.38,2,,1.85,104.29,78.93,0.067,-0.551,9.662,-0.275,-1.057,-0.225,74.91,50.44,11.38,5.4,-50.77,90.41
2026-01-01 20:11:00,R04,Inspection,Zone_D,33.88,49.44,22.28,2.14,1.531,4.56,1346.9,47,2,270.7,0.12,102.22,77.54,0.304,0.17,10.052,-0.049,0.658,0.412,52.43,49.54,6.82,11.91,-54.33,84.91
2026-01-01 20:12:00,R08,Navigation,Zone_C,40.45,67.87,24.06,5.98,1.27,6.49,1524.4,53.95,4,97.9,2.22,101.23,47.33,0.149,-0.038,9.901,-0.663,-1.473,-2.375,45.78,45.62,14.68,46.01,-53.77,159.13
2026-01-01 20:13:00,R07,Charging,Zone_C,36.11,60.82,22.27,0.94,0.603,12.44,1347,52.38,7,45.4,0.08,100.68,213,0.214,0.163,10.004,2.365,-3.1,-3.492,62.97,48.52,5.94,69.87,-69.56,86.84
2026-01-01 20:14:00,R02,Pick-and-Place,Zone_C,38.75,46.71,23.64,2.16,0.433,4.49,1468.9,48.94,6,110.3,1.67,104.09,119.37,-0.168,-0.117,10.06,2.819,0.265,3.095,60.08,49.95,0.38,10.13,-48.41,145.13
2026-01-01 20:15:00,R08,Navigation,Zone_A,40.94,53.25,24.27,3.58,0.406,11.14,1353.5,52.05,2,329.9,2.9,104.83,62.65,-0.224,-0.073,9.676,-0.583,-2.825,-1.184,51.92,35.69,2.13,18.05,-63.83,138.05
2026-01-01 20:16:00,R08,Navigation,Zone_D,43.9,63.25,22.72,3.4,1.5,9.04,1102.7,53.85,3,22.1,0.06,105.08,31.26,-0.263,-0.36,9.539,-0.036,1.943,-2.39,62.17,45.54,5.41,75.15,-62.89,138.71
2026-01-01 20:17:00,R05,Pick-and-Place,Zone_C,40.03,57.98,23.76,2.99,,9.53,1436.5,55.29,4,391.9,1.24,102.96,115.27,-0.164,-0.176,9.702,2.247,-0.33,-1.113,64.14,52.44,10.81,32.11,-61.07,98.95
2026-01-01 20:18:00,R08,Pick-and-Place,Zone_D,36.23,51.59,25.36,2.11,1.847,7.09,1210.7,53.7,7,206.3,4.63,102.65,87.15,-0.097,0.377,9.978,-0.175,2.822,1.667,50.72,63.87,0.64,77.14,-54.74,124.69
2026-01-01 20:19:00,R02,Navigation,Zone_C,40.91,66.01,23.2,1.75,0.084,12.1,1634.9,44.01,2,222.4,0.62,98.29,86.49,0.186,-0.08,9.773,-4.702,-1.362,1.593,67.03,43.37,20.53,3.15,-61.02,103.72
2026-01-01 20:20:00,R02,Pick-and-Place,Zone_B,44.01,61.42,22.38,2.84,0.308,7.4,1547.7,54.66,6,29.1,1.3,101.38,350.31,-0.202,0.132,9.947,2.667,-2.124,-0.166,66.11,46.36,12.97,33.01,-51.04,119.25
2026-01-01 20:21:00,R03,Idle,Zone_D,41.71,39.5,22.59,3.12,0.205,6.88,1525.9,60.44,2,278.1,0.44,102.56,91.94,0.506,-0.257,9.898,4.985,-2.693,0.871,69.45,50.76,20.71,7.43,-47.7,112.12
2026-01-01 20:22:00,R01,Inspection,Zone_C,47.72,50.8,25.29,3.84,0.855,2.19,989.7,50.7,2,204.1,0.09,102.93,117.94,0.036,-0.387,9.697,-1.972,-2.436,-0.936,58.91,41.19,17.4,6.01,-55.06,138.76
2026-01-01 20:23:00,R01,Navigation,Zone_A,37.62,70.21,22.77,1.49,0.353,12.83,1735.4,52.92,1,315.9,7.26,100.59,72.68,0.181,-0.354,10.043,-1.279,-1.621,-1.204,55.26,36.25,30.79,1.73,-55.17,131.19
2026-01-01 20:24:00,R07,Inspection,Zone_C,38.27,32.65,23.39,3.84,0.626,7.32,1377.6,43.4,2,241.2,0.03,101.19,241.95,-0.068,-0.371,9.652,0.13,0.108,0.649,77.2,45.24,17.94,21.33,-57.06,220.36
2026-01-01 20:25:00,R02,Navigation,Zone_C,42.83,58.42,25.81,4.71,1.625,8.21,1720.5,52.23,4,106.7,0.26,99.06,73.29,0.044,0.351,10.081,-2.028,-3.277,2.999,66.66,49.56,5.88,0.15,-67.07,163.39
2026-01-01 20:26:00,R04,Inspection,Zone_A,41.88,62.23,24.87,5.05,0.203,10.57,1546.4,46.68,1,368.7,0.06,99.83,98.95,0.229,0.03,9.945,-0.753,-1.19,-0.933,70.1,49.18,15.71,69.95,-63.44,136.34
2026-01-01 20:27:00,R03,Pick-and-Place,Zone_C,40.33,50.59,25.54,4.09,1.95,7.16,1525,53.59,3,218.7,0.74,101.32,54.91,0.144,-0.072,9.943,1.574,-3.211,-0.044,64.49,55.04,7.01,2.22,-53.44,109.19
2026-01-01 20:28:00,R01,Idle,Zone_B,36.5,27.3,24.33,4.69,0.791,9.26,1624.9,47.45,3,144,6.69,98.43,136.38,0.147,-0.037,9.466,-3.596,0.885,1.945,71.26,51.89,1.17,8.85,-56.16,120.06
2026-01-01 20:29:00,R03,Navigation,Zone_B,37.45,60.48,25.2,5.18,0.635,6.65,1373.4,55.58,2,190.1,9.71,98.53,190.47,0.154,-0.231,9.317,-3.42,-0.117,-0.006,62.14,40.31,6.24,41.17,-44.35,104.05
2026-01-01 20:30:00,R03,Inspection,Zone_B,42.26,47.98,24.73,1.77,0.515,5.76,1306.5,55.5,3,263.9,1.09,102.24,148.36,-0.08,-0.367,9.403,-2.157,-2.64,-4.165,65.92,42.85,5.64,17.75,-51.11,67.01
2026-01-01 20:31:00,R05,Charging,Zone_C,40.54,63.28,22.58,0.79,1.108,4.46,1512.3,52.61,5,87.9,3.6,102.54,56.88,0.072,0.441,10.255,1.042,-0.916,1.325,73.65,47.66,17.02,37.32,-54.51,124.45
2026-01-01 20:32:00,R07,Inspection,Zone_B,40.28,60.27,25.66,4.53,0.727,8.08,1869.8,56.11,3,332,1.41,99.25,165.94,-0.021,-0.124,9.848,-1.176,0.705,1.58,62.16,54.85,18.22,0.83,-59.05,149.56
2026-01-01 20:33:00,R07,Navigation,Zone_A,37.72,54.4,25.64,3.38,0.216,14.4,1400.9,45.07,2,22.4,8.48,101.39,70.37,0.464,-0.325,9.736,2.053,2.566,-0.148,59.25,40.67,24.5,27.98,-56.72,44.38
2026-01-01 20:34:00,R03,Pick-and-Place,Zone_B,32.41,56.9,25.18,1.89,0.248,7.14,1715.1,53.59,6,149.2,2.85,101.8,117.22,-0.038,0.06,10.152,-2.538,-1.47,-1.581,64.6,49.21,9.51,13.91,-54.65,101.02
2026-01-01 20:35:00,R02,Pick-and-Place,Zone_B,46.08,42.77,22.62,5.03,0.51,3.74,1543.6,54.9,3,305.2,8.58,100.68,58.29,0.311,0.17,9.167,2.737,2.018,0.798,63.35,40.2,1.8,11.14,-51.59,94.55
2026-01-01 20:36:00,R02,Pick-and-Place,Zone_D,41.28,67.43,24.07,0.92,0.777,8.31,1325.3,49.3,2,43.8,0.04,100,165.16,-0.002,-0.18,10.047,0.889,2.151,1.209,72.24,53.88,16.01,8.36,-52.41,193.25
2026-01-01 20:37:00,R03,Idle,Zone_B,37.05,60.8,24.28,3.21,0.127,9.46,1392.3,49.57,0,145.4,4.73,101.3,119.61,-0.313,-0.145,9.677,1.432,-1.47,1.262,68.02,47.28,10.44,16.94,-49.78,130.99
2026-01-01 20:38:00,R01,Pick-and-Place,Zone_D,38.36,58.45,22.53,9.51,0.459,8.98,1342.7,52.05,3,207.3,10.51,104.16,44.74,-0.028,-0.117,10.24,-0.799,2.119,2.094,70.63,52.43,4.58,9.98,-47.19,89.82
2026-01-01 20:39:00,R02,Charging,Zone_C,40.32,34.89,23.13,4.79,1.415,4.93,1288,52.03,5,330.3,0.3,98.76,36.91,0.078,-0.039,9.671,0.714,-1.082,3.427,55.36,57.12,4.33,16.12,-54.45,103.67
2026-01-01 20:40:00,R07,Navigation,Zone_B,38.62,54.41,22.74,3.19,0.783,4.11,1330.3,61.99,2,133.4,3.04,102.27,106.36,-0.135,-0.11,10.18,0.94,-0.679,-1.427,67.73,48.31,18.37,23.44,-50.11,113.51
2026-01-01 20:41:00,R04,Idle,Zone_B,42.05,45.46,22.54,5.35,0.161,12.99,1480.1,51.88,0,222.9,2.71,103.1,240.13,0.316,-0.046,9.946,-0.14,-1.322,2.536,71.25,46.71,18.01,1.03,-62.08,138.47
2026-01-01 20:42:00,R02,Idle,Zone_B,36.35,55.36,22.8,7.59,1.366,9.34,1419.6,59.41,3,135.8,2.82,101.94,305.82,0.294,-0.075,9.472,-2.135,-0.845,4.187,58.61,47.83,6.62,19.03,-41.02,121.11
2026-01-01 20:43:00,R02,Inspection,Zone_D,40.17,52.7,24.28,2.47,1.034,2.21,1416.9,54,5,31.5,1.73,97.27,117.77,-0.062,-0.385,9.687,0.255,-3.239,0.883,72.78,37.6,6.01,84.86,-47.65,102.17
2026-01-01 20:44:00,R06,Pick-and-Place,Zone_A,41.85,57.06,23.6,1.19,0.667,5.95,1639.7,48.94,1,273.2,0.27,105.91,256.98,0.105,0.124,10.04,4.853,-2.403,3.952,69.97,48.87,5.88,7.21,-53.15,62.74
2026-01-01 20:45:00,R06,Pick-and-Place,Zone_D,41.1,60.85,23.93,3.69,1.537,3.75,1426.4,48.89,4,360.6,1.31,104.9,84.15,0.271,0.004,10.219,-0.999,1.885,-0.291,51.84,43.01,9.07,29.54,-54.69,64.03
2026-01-01 20:46:00,R04,Navigation,Zone_D,55.01,66.62,24.21,2.03,0.469,14.05,1915.5,51.45,7,329.5,0.63,103.41,56.11,0.036,0.219,9.646,1.617,0.813,1.662,69.94,44.26,4.02,17.84,-60.78,185.81
2026-01-01 20:47:00,R03,Inspection,Zone_C,40.61,67.7,24.88,5.21,0.024,5.13,1496.3,45.52,2,191,6.29,103.65,133.49,0.303,0.305,9.57,1.227,-0.661,-2.653,56.94,46.54,8.71,5.05,-49.29,74.32
2026-01-01 20:48:00,R07,Navigation,Zone_B,39.29,60.37,23.33,3.21,0.121,2.88,1590,48.22,4,320.1,8.67,100.77,148.41,-0.002,-0.017,10.035,1.806,-1.504,-1.723,62.66,47.2,8.22,8.85,-51.54,154.52
2026-01-01 20:49:00,R02,Idle,Zone_D,40.78,51.35,22.81,5.4,0.089,5.61,1293.4,61.38,4,246.5,2.57,97.21,63.35,-0.356,-0.506,9.987,-1.781,1.277,2.112,57.32,45.23,4.87,6.95,-64.41,124.37
2026-01-01 20:50:00,R07,Charging,Zone_A,36.98,53.08,24.2,7.66,0.135,5.05,1540.2,57.29,3,311.8,4.24,100.71,81.56,-0.138,0.128,9.478,1.805,1.45,-2.683,68.21,40.32,2.78,7.07,-62.97,93.4
2026-01-01 20:51:00,R01,Inspection,Zone_C,37.77,46.02,25.15,4.76,0.111,5.59,1348.5,56.55,1,364.4,1.05,101.01,93.69,0.024,-0.27,9.935,-2.45,0.637,4.791,78.83,50.72,3.76,9.63,-56.95,40.07
2026-01-01 20:52:00,R03,Inspection,Zone_B,41.26,54.47,24.76,3.94,0.052,4.07,1339,41.03,2,277.8,3.56,103.86,109.22,-0.394,0.023,9.107,-2.367,0.268,-1.985,54.2,43.35,8.95,59.75,-55.45,68.15
2026-01-01 20:53:00,R01,Pick-and-Place,Zone_C,33.93,54.79,23.03,5.21,0.176,4.16,1203.3,47.91,2,151.7,1.31,102.42,98.58,-0.3,-0.226,10.169,2.362,2.098,-1.213,78.5,44.72,25,21.68,-55.82,123.27
2026-01-01 20:54:00,R08,Navigation,Zone_C,43.24,60.56,24.37,1.8,2.073,8.95,1472.5,60.11,1,28.2,1.29,101.58,55.28,-0.468,0.318,9.645,-1.04,0.825,2.018,70.93,54.12,11.91,24.1,-64.66,90.91
2026-01-01 20:55:00,R03,Inspection,Zone_C,39.01,64.91,24.43,5.07,0.144,4.16,1555.5,56.74,3,326.7,0.39,99.76,51.12,-0.117,0.438,9.391,0.657,0.404,-2.003,71.02,55.79,7.17,17.83,-55.21,238.87
2026-01-01 20:56:00,R04,Navigation,Zone_A,40.74,59.23,22.79,9.77,0.09,12.89,1370.2,53.61,1,179.6,3.84,100.1,84.6,0.361,0.122,9.627,0.394,0.09,-1.675,64.06,55.92,12.25,20.53,-60.4,91.48
2026-01-01 20:57:00,R04,Navigation,Zone_A,37.28,60.05,23.43,3.25,1.075,3.76,1285.3,54.3,3,328.4,1.57,101.71,143.25,-0.097,-0.371,9.457,-0.581,-1.767,0.224,71.6,58.04,17.47,26.74,-51.49,59.02
2026-01-01 20:58:00,R07,Navigation,Zone_C,35.62,53.37,24.49,3.36,0.648,9.87,1363,46.58,3,294.1,4.53,100.79,114.59,-0.104,-0.253,9.632,0.017,0.757,1.877,66.41,52.72,12.76,2.88,-43.34,73.45
2026-01-01 20:59:00,R08,Charging,Zone_B,38.13,52.14,23.03,4.54,0.071,2.93,1230.3,53.46,4,139.1,0.41,95.57,71,0.127,-0.301,9.989,2.071,2.141,-1.015,71.83,44.26,7.51,49.38,-68.91,78.08
2026-01-01 21:00:00,R01,Idle,Zone_A,37.54,47.77,24.83,5.39,0.741,12.69,1465.9,49.7,7,282,0.05,100.1,85.02,0.185,-0.281,9.91,-1.949,-1.863,1.978,74.57,54.43,16.88,0.92,-53.62,97.76
2026-01-01 21:01:00,R08,Charging,Zone_C,40.05,41.86,22.31,2.38,0.69,6.09,1677.2,57.96,2,152,0.03,102.95,65.9,0.596,0.352,10.254,-1.777,0.316,2.41,66.62,53.31,12.44,38.47,-57.07,114.47
2026-01-01 21:02:00,R04,Pick-and-Place,Zone_B,39.49,67.2,25.42,2.53,0.013,4.09,1537.2,62.19,2,248.4,1.6,102.15,76.62,0.334,0.159,9.813,0.254,1.893,0.881,71.29,42.8,17.4,262.61,-54.86,87.85
2026-01-01 21:03:00,R04,Inspection,Zone_C,48.77,50.99,23.29,3.75,2.837,2.94,1302.4,48.78,1,223.9,1.1,103.8,60.33,0.524,-0.32,9.814,-1.434,-2.762,2.221,60.84,44.4,4.28,1.72,-59.48,100.56
2026-01-01 21:04:00,R06,Idle,Zone_D,29.01,60.64,23.84,3.31,0.016,8.23,1377.2,50.93,2,282.8,0.99,102,363.22,0.361,0.143,9.878,-3.176,4.783,-0.819,64.66,45,25.47,3.56,-56.8,102.77
2026-01-01 21:05:00,R06,Charging,Zone_C,44.75,62.45,22.78,3.67,0.936,7.63,1344.9,51.5,5,63.2,3.04,99.24,143.76,-0.344,0.039,9.83,-0.073,2.263,-0.367,66.87,50.83,8.5,4.97,-61.6,58.95
2026-01-01 21:06:00,R08,Navigation,Zone_A,36.3,49.42,22.48,2.6,4.371,7.44,1229.5,58.62,0,271.5,2.06,99.78,210.73,0.032,-0.525,9.653,-6.08,-1.034,0.539,64.65,45.87,14.32,31.49,-46.08,112.98
2026-01-01 21:07:00,R07,Inspection,Zone_C,45.92,45.09,24.76,5.56,0.009,5.98,1392.6,54.91,1,201.2,1.59,102,44.94,0.159,-0.216,9.106,0.803,1.574,-2.26,60.37,44.99,15.94,16.92,-53.83,109.79
2026-01-01 21:08:00,R03,Navigation,Zone_D,42.13,60.44,25.54,5.32,1.206,4.42,1421.5,48,5,313.3,9.41,102.66,180.75,0.59,-0.28,9.976,0.526,1.624,-0.262,73.87,49.5,22.75,17.72,-42.64,97.84
2026-01-01 21:09:00,R07,Navigation,Zone_B,35.97,50.15,25.82,6.84,2.796,5.83,1346.7,53.43,2,336.7,1.93,100.13,67.69,-0.149,-0.094,9.815,-1.843,-2.72,3.389,70.14,50.14,9.39,38.22,-58.28,86.58
2026-01-01 21:10:00,R06,Inspection,Zone_C,39.69,62.18,23.52,1.75,1.231,13.66,1377.9,56.01,3,105.9,7.49,102.23,85.31,-0.047,-0.263,9.588,-0.396,4.282,-0.753,69.71,42.26,16.93,29.34,-56.75,56.58
2026-01-01 21:11:00,R06,Pick-and-Place,Zone_B,40.34,40.01,22.96,6.74,1.429,5.89,1207.7,46.05,1,295.3,9.81,103.47,66.99,-0.44,-0.029,9.57,-1.466,1.616,1.163,59.13,45.02,16.58,1.62,-54.18,153.25
2026-01-01 21:12:00,R04,Inspection,Zone_D,36.12,55.52,23.31,3.19,1.225,2.26,1663.5,57.76,4,186.9,0.24,102.3,47.64,0.035,0.293,9.497,-1.608,2.325,2.105,62.49,40.94,23.97,3.27,-46.45,42.59
2026-01-01 21:13:00,R06,Inspection,Zone_D,41.66,42,22.91,4.05,1.434,2.89,1409.1,52.96,3,16.1,2.33,101.04,68.87,-0.178,0,9.714,-0.797,0.208,-2.409,70.01,44.66,5.06,45.7,-58.29,50.87
2026-01-01 21:14:00,R02,Navigation,Zone_D,41.66,67.53,25.6,7.18,0.301,7.5,1573.1,50.49,4,64.1,0.32,105.11,106.72,-0.122,0.182,10,0.068,4.267,-0.743,65.47,54.05,18.25,1.61,-42.92,146.03
2026-01-01 21:15:00,R05,Navigation,Zone_A,43.05,45.84,25.32,3.71,0.653,9.03,1685.6,51.1,4,365.6,11.04,104.47,130.88,0.326,0.177,10.375,-0.457,-1.392,-2.071,77.24,50.67,12.11,18.86,-48.82,152.67
2026-01-01 21:16:00,R03,Idle,Zone_C,38.11,62.47,25.76,5.67,0.359,2.56,1765.5,50.42,4,76.2,4.11,104.4,95.47,0.144,-0.102,9.56,-0.243,2.338,-1.734,64.43,49.97,8,50.45,-53.58,83.09
2026-01-01 21:17:00,R03,Pick-and-Place,Zone_C,34.82,64.45,25.89,4.94,0.332,7.97,1618.3,53.9,3,80.3,2.75,100.51,57.01,-0.136,0.212,9.664,1.237,-0.058,3.564,65.14,37.93,6.75,5.27,-50.56,116.79
2026-01-01 21:18:00,R03,Inspection,Zone_D,36.2,68.1,25.23,4.34,0.625,4.05,1560.4,48.32,3,123.6,0.92,104.01,54.63,0.113,-0.211,9.494,1.046,-0.673,1.76,66.7,50.72,19.1,40.45,-38.68,69.66
2026-01-01 21:19:00,R06,Inspection,Zone_A,39.79,61.25,25.76,1.96,0.318,5.54,1328.2,53.06,2,51.1,0.77,97.48,109.39,0.471,-0.112,10.32,1.551,0.271,4.745,58.51,50.91,10.42,0.11,-45.13,75.69
2026-01-01 21:20:00,R04,Idle,Zone_B,38.07,39.4,24.13,2.92,0.114,10.46,1397.8,45.94,3,156.5,6.38,101.94,63.13,0.129,0.268,9.527,-0.717,1.022,0.253,67.83,45.89,3.07,64.11,-71.86,80.03
2026-01-01 21:21:00,R05,Navigation,Zone_D,38.33,70.22,23.26,4.89,0.55,1.69,1224.4,48.91,2,151.6,1.42,100.2,115.08,-0.179,0.094,9.73,0.404,-3.378,-0.194,52.29,46.1,4.18,35.05,-65.46,67.19
2026-01-01 21:22:00,R07,Navigation,Zone_B,45.5,41.55,22.38,3.22,2.67,2.92,1139.7,47.46,1,265.6,2.96,104.26,137.26,-0.194,0.374,9.932,0.543,-1.683,-2.964,61.6,44.81,11.85,35.9,-50.79,102.22
2026-01-01 21:23:00,R05,Charging,Zone_C,41.43,51.82,23.69,3.5,0.128,6.64,1508.7,56.19,5,258.9,2.47,101.3,96.34,-0.02,0.12,10.337,0.165,1.79,-0.554,67.68,48.96,13.26,7.67,-58.62,113.44
2026-01-01 21:24:00,R03,Pick-and-Place,Zone_B,44.72,66.43,22.45,1.71,1.461,4.84,1877.3,56.17,4,137.4,1.56,98.76,182.6,0.149,0.166,9.407,-1.431,2.366,1.014,76.05,44.44,7.33,34.24,-52.56,175.92
2026-01-01 21:25:00,R04,Navigation,Zone_A,34.56,61.03,22.01,1.76,0.505,8.19,1584.3,54.76,3,329.7,4.22,103.82,85.8,-0.038,-0.157,9.425,1.542,-1.832,1.881,74.15,52.15,12.5,36.44,-47.71,97.24
2026-01-01 21:26:00,R02,Inspection,Zone_B,38.24,58.19,22.4,4.6,1.253,23.96,1618.4,56.06,0,377.4,1.37,103.25,51.44,-0.372,-0.193,9.671,1.475,4.681,-1.888,73.21,52.41,9.99,42.73,-43.8,194.38
2026-01-01 21:27:00,R05,Navigation,Zone_B,38.88,51.76,21.99,5.27,0.543,2.86,1580.1,58.06,3,379.3,1.9,102.36,92.02,-0.027,0.202,9.746,-2.654,0.69,1.323,65.89,49.86,15.81,52.53,-56.95,90.4
2026-01-01 21:28:00,R03,Inspection,Zone_D,43.48,46.04,22.46,3.1,0.701,4.29,1455.9,55.65,1,232.3,0.29,103.1,87.86,0.234,-0.043,9.468,-4.327,-1.314,-0.092,66.11,43.63,15.41,11.15,-64.5,117.44
2026-01-01 21:29:00,R08,Idle,Zone_D,39.83,60.91,25.3,2.7,1.15,4.37,1193.5,55.51,2,399.5,4.15,100.99,135.93,0.121,0.036,10.391,-1.119,-2.518,0.81,59.66,56.42,5.26,38.85,-64.46,87.79
2026-01-01 21:30:00,R06,Pick-and-Place,Zone_A,39.93,55.29,22.02,1.91,1.395,12.42,1541.5,50.69,6,324.6,3.66,97.22,163.12,0.068,-0.273,9.678,1.164,-5.233,-0.963,66.13,47.96,3.3,12.46,-54.74,104.57
2026-01-01 21:31:00,R06,Idle,Zone_D,37.59,54.43,25.45,5.3,1.028,11.61,1479.2,50.08,0,71.2,1.68,99.48,124.8,-0.082,0.207,9.769,0.398,-2.205,-0.655,73.58,48.83,3.27,17.76,-42.48,178.09
2026-01-01 21:32:00,R01,Navigation,Zone_C,35.32,39.27,25.57,3.02,3.324,4.79,1557.3,54.57,7,333.4,2.46,101.95,316.48,0.1,0.221,10.028,3.185,-1.978,1.877,61.85,48.65,7.11,4.42,-39.51,212.72
2026-01-01 21:33:00,R01,Pick-and-Place,Zone_D,39.99,49.56,24.64,2.98,0.049,4.03,1572.5,59.11,0,386.8,2.47,100.68,190.06,0.259,0.113,10.017,2.247,0.635,0.501,72.62,51.2,10.41,15.87,-60.98,119.37
2026-01-01 21:34:00,R02,Inspection,Zone_C,47.5,48.53,24.88,8.42,0.285,5.54,1691,61.08,3,92.4,0.62,100.42,147.22,0.412,-0.023,9.948,1.018,-0.68,2.069,77.85,57.72,1.04,4.47,-66.96,92.06
2026-01-01 21:35:00,R02,Navigation,Zone_C,33.48,51.25,22.09,4.11,0.049,4.11,1098.5,48.75,1,27.2,1.95,102.98,84.15,0.159,-0.415,10.019,-2.374,0.528,-0.44,70.58,47.64,15.07,9.3,-45.68,150.41
2026-01-01 21:36:00,R01,Navigation,Zone_C,44.97,43.69,23.5,11.5,0.048,7.27,1290.7,51.67,0,376.9,0.15,102.48,447.25,-0.234,-0.115,9.827,1.537,-1.146,1.813,65.79,50.73,21.73,44.99,-63.49,64.14
2026-01-01 21:37:00,R07,Pick-and-Place,Zone_C,46.05,38.55,22.28,2.61,2.093,3.46,1419.2,61.34,5,44.8,1.49,100.17,150.3,-0.227,-0.157,9.712,-0.644,-3.804,0.21,60.42,51.08,21.37,28.72,-51.7,124.69
2026-01-01 21:38:00,R06,Pick-and-Place,Zone_B,43.42,57.55,24.94,5.61,1.919,5.59,1283.2,51.49,1,49.9,1.88,104.36,37.85,0.058,-0.032,9.618,-2.689,-2.158,-1.012,77.97,44.95,11.09,18.25,-64.42,146.01
2026-01-01 21:39:00,R05,Navigation,Zone_A,35.96,57.9,23.96,5.16,0.276,7.4,1565.5,79.1,4,301.5,0.19,99.11,81.38,0.414,-0.003,10.446,-2.792,-2.275,-1.193,72.12,50.44,9.76,20.47,-60.17,56.77
2026-01-01 21:40:00,R07,Navigation,Zone_C,42.79,51.35,22.57,2.41,0.112,7.18,1112.1,55.35,3,259.2,0.6,102.83,72.44,-0.339,-0.146,9.764,-3.787,-2.567,1.083,57.6,52.17,8.22,32.69,-63.17,48.31
2026-01-01 21:41:00,R01,Navigation,Zone_D,40.06,57.46,23.39,4.36,0.177,2.61,1331.9,56.03,2,130.5,1.56,103.46,121.1,-0.132,-0.344,9.733,1.043,-0.755,3.266,72.76,47.21,1.21,14.46,-45.3,87.89
2026-01-01 21:42:00,R01,Pick-and-Place,Zone_B,36.16,57.09,22.81,1.97,1.687,17.58,1335.8,50.59,2,201.1,0.18,102.48,143.84,0.076,-0.117,9.384,-1.715,-0.55,1.237,68.58,50.33,11.51,35.11,-59.17,114.69
2026-01-01 21:43:00,R06,Pick-and-Place,Zone_B,36.75,67.65,24.09,5.33,0.207,5.58,1639.2,48.83,4,119.3,0.39,100.73,79.4,-0.056,0.268,9.266,-4.499,2.382,0.441,72.1,42.61,13.79,61.4,-60.01,117.65
2026-01-01 21:44:00,R04,Navigation,Zone_D,33.36,54.64,23.18,5.19,0.709,2.59,1295.3,52.69,2,49.6,0.88,100.57,56.01,0.229,0.165,9.621,-0.015,-1.756,0.34,62.56,46.9,10,4.91,-55.9,111.61
2026-01-01 21:45:00,R08,Navigation,Zone_D,34.3,68.45,24.5,5.22,1.029,11.02,1746.6,47.44,2,253,1.72,99.36,90.9,-0.311,-0.048,9.815,-1.714,-1.061,-2.757,54.47,47.74,30.71,24.24,-59.5,136.91
2026-01-01 21:46:00,R05,Navigation,Zone_B,39.57,59.76,23.26,10.19,0.291,10.1,1402.8,47.65,1,223.4,3.16,101.38,64.14,0.053,-0.127,10.205,0.384,1.48,1.059,65.95,45.22,15.54,7.01,-47.45,143.84
2026-01-01 21:47:00,R02,Pick-and-Place,Zone_B,40.7,44.26,22.8,2.58,0.149,5.5,1377.2,47.16,1,126.6,2.5,101.56,122.71,-0.461,0.284,10.198,-3.983,-0.314,-0.599,73.05,49.83,2.26,27,-46.16,136.89
2026-01-01 21:48:00,R02,Navigation,Zone_C,37.82,51.2,24.39,2.18,0.761,9.68,1419.5,57.7,2,59.7,2.78,101.91,149.93,-0.111,-0.076,9.444,-0.699,1.762,-0.466,79.26,41.21,20.67,25.06,-54.32,138.77
2026-01-01 21:49:00,R04,Navigation,Zone_A,36.64,46.01,24.54,3.41,0.376,0.79,1394.2,44.59,2,301,5.16,102.95,201.9,0.23,-0.378,9.952,0.314,2.079,-0.073,66.59,48.69,9.32,7.66,-57.51,97.21
2026-01-01 21:50:00,R06,Inspection,Zone_D,38.96,33.15,25.06,5.42,4.308,12.01,1317,60.16,5,48.4,0.07,101.01,68.23,0.449,-0.125,10.133,-1.037,0.305,-0.345,71.81,49.83,4.29,19.02,-50.24,156.25
2026-01-01 21:51:00,R05,Pick-and-Place,Zone_B,38.36,53.64,24.5,5.72,0.839,12.31,1611.3,49.57,5,362.9,1.24,101.77,148.19,0.423,-0.362,9.697,-0.465,-3.068,-0.704,75.38,43.06,21.94,38.14,-46.62,87.91
2026-01-01 21:52:00,R05,Inspection,Zone_A,41.94,60.02,23.04,5.75,0.138,7.81,1619.5,53.81,5,308,4.03,102.64,65.84,-0.043,-0.345,9.356,-4.514,3.368,0.065,70.87,46.72,6.94,19.42,-58.22,90.94
2026-01-01 21:53:00,R03,Inspection,Zone_C,45.41,45.13,23.16,2.72,0.257,11.83,1446,59.29,5,315.9,4.2,98.97,82.76,-0.289,-0.341,9.603,-1.525,-2.213,-3.921,74.95,55.25,12.66,62.61,-45.27,142.61
2026-01-01 21:54:00,R07,Charging,Zone_C,36.74,60.42,22.95,2.86,0.262,6.46,1669.4,56.46,2,18.4,1.48,102.39,90.31,0.145,-0.124,9.835,2.527,-1.687,0.567,71.59,43.96,4.37,1.37,-58.79,68.82
2026-01-01 21:55:00,R01,Inspection,Zone_C,42.68,61.79,24.43,3.59,0.058,7.2,1523,52.58,5,284.3,0.31,98.07,97.13,0.13,-0.067,9.632,0.282,0.149,-1.093,73.1,49.81,15.23,32.09,-52.16,215.78
2026-01-01 21:56:00,R08,Navigation,Zone_D,37.53,57.59,22.46,5.91,0.364,7.32,1251.8,41.62,1,31,5.35,104.66,116.54,0.176,-0.031,10.068,0.57,2.214,0.984,53.36,50.28,16.08,14.87,-53.23,102.95
2026-01-01 21:57:00,R08,Navigation,Zone_D,40.88,62.02,25.43,2.39,0.268,4.66,1512.9,48.97,2,62.7,4.1,100.89,32,0.256,0.07,9.77,-1.391,0.166,-1.413,81.18,53.42,3.3,45.61,-65.03,80.19
2026-01-01 21:58:00,R07,Pick-and-Place,Zone_C,38.69,46.85,23.04,7.05,0.257,5.27,1224.7,52.12,3,22.4,4.07,102.96,67.23,0.45,0.515,9.782,-0.972,3.972,1.665,67.3,47.01,6.57,3.09,-47.9,59.61
2026-01-01 21:59:00,R06,Inspection,Zone_B,41.71,50.47,24.03,4.37,0.764,6.92,1532.3,48.79,3,257.6,2.44,101.15,97.15,-0.208,-0.119,9.724,-2.452,-1.008,-1.298,81.79,52.34,9.39,5.43,-67.23,126.61
2026-01-01 22:00:00,R05,Inspection,Zone_C,35.19,65.97,23.39,6.21,0.047,1.07,1648.6,52.98,7,338.3,4.14,102.31,98.67,-0.167,0.155,9.671,2.06,-2.433,-3.749,75.7,47.82,2.87,16.61,-55.84,96.24
2026-01-01 22:01:00,R04,Navigation,Zone_C,37.37,61.11,24.5,2.98,1.646,8.33,1380.4,54.12,2,172.2,6.36,99.37,108.87,-0.173,0.167,9.562,-2.953,2,-2.797,53.53,46.63,5.11,5.32,-54.52,78.12
2026-01-01 22:02:00,R04,Pick-and-Place,Zone_A,45.05,62.37,23.29,7.33,0.16,6.07,1401.4,49.35,4,64.9,0.67,101.62,60.93,-0.313,0.222,9.503,0.557,1.52,-0.999,75.19,48.66,1.77,24.25,-63.06,51.34
2026-01-01 22:03:00,R03,Idle,Zone_A,39.98,57.22,22.78,1.55,0.558,6.23,1518,56.45,2,126.5,2.01,104.82,70.71,0.096,-0.094,9.266,-1.1,-0.26,-1.404,67.13,47.49,10.64,49.8,-57.04,74.71
2026-01-01 22:04:00,R05,Pick-and-Place,Zone_C,44.46,50.99,23.81,5.19,0.49,5.13,1676.8,50.22,5,240.5,1.27,97.56,80.79,0.019,-0.051,9.846,2.082,-0.838,2.061,64.27,48.98,10.77,29.79,-54.37,123.06
2026-01-01 22:05:00,R01,Pick-and-Place,Zone_B,36.59,47.71,24.57,2.44,0.935,7.62,1382.2,57.21,1,10.1,2.92,101.36,212.59,0.668,-0.479,9.985,-4.318,0.879,1.034,72.48,51.64,4.03,1.97,-46.69,53.02
2026-01-01 22:06:00,R05,Pick-and-Place,Zone_D,44.99,53.77,22.39,5.57,0.963,6.74,1491.3,43.22,2,183.6,2.71,98.45,118.34,0.296,-0.379,10.168,2.67,-0.77,-0.149,68.39,49.43,15.23,44.1,-46.55,254.39
2026-01-01 22:07:00,R08,Navigation,Zone_C,42.64,35.49,25.73,3.98,4.345,6.63,1647.8,58.76,2,146.6,2.24,104.28,142.57,-0.179,-0.213,9.768,0.09,0.334,1.259,79.24,39.06,14.01,4.43,-66.4,100.4
2026-01-01 22:08:00,R02,Inspection,Zone_C,39,42.49,24.84,7.16,1.451,10.33,1399.9,54.48,3,185.8,7.8,98,202.55,0.183,-0.111,9.354,-0.065,1.08,-1.231,57.04,42.04,5.92,29.82,-36.23,90.53
2026-01-01 22:09:00,R03,Pick-and-Place,Zone_B,36.89,43.14,23.38,7.84,0.092,30.41,1600.8,51.62,4,332,0.7,103.39,62.22,0.509,-0.181,9.444,-3.64,1.052,-8.105,67.82,52.1,11.64,46.35,-53.99,136.67
2026-01-01 22:10:00,R02,Navigation,Zone_D,45.56,,25.59,3.45,0.782,7.3,1685.1,51.34,5,178.2,0.24,100.29,111.07,0.455,-0.49,9.71,-2.599,0.673,0.621,54.92,52.56,7.15,11.53,-44.3,40.58
2026-01-01 22:11:00,R05,Navigation,Zone_B,39.33,43.83,24.57,3.86,0.208,6.54,1520.7,57.08,2,32.3,0.74,102.69,174.46,-0.138,0.325,9.364,0.807,2.646,-2.575,72.46,46.34,8.16,17.22,-59.17,152.67
2026-01-01 22:12:00,R05,Inspection,Zone_D,38.8,58.93,25.31,1.47,0.207,6.5,1273,46.38,4,45.1,2.57,101.59,52.33,-0.075,-0.172,10.219,-0.514,-0.018,-2.294,83.21,42.93,10.69,4.1,-47.28,115.38
2026-01-01 22:13:00,R04,Pick-and-Place,Zone_D,44.36,54.39,22.74,3.32,0.928,2.76,1424.9,42.5,6,215.1,3.3,101.69,47.66,0.447,-0.191,9.404,-2.22,-0.984,2.464,70.19,44.71,29.71,77.77,-69.73,79.3
2026-01-01 22:14:00,R06,Pick-and-Place,Zone_C,46.46,51.07,24.11,4.71,1.958,7.81,1164.3,54.88,7,312.4,2.12,99.49,107.21,0.349,0.524,9.895,-0.458,-0.896,-0.385,64.56,53.06,15.65,13.56,-50.48,51.31
2026-01-01 22:15:00,R03,Pick-and-Place,Zone_C,42.4,52.78,23.73,2.33,0.451,5.23,1274.9,64.11,2,179.8,0.74,99.95,160.26,-0.037,0.21,9.918,0.131,2.849,0.078,65.05,45.34,1.86,1.21,-69.86,159.03
2026-01-01 22:16:00,R02,Pick-and-Place,Zone_A,40.01,60.82,22.1,1.29,1.405,5.86,1113.5,49.41,3,269.9,2.17,99.24,206.58,0.131,-0.089,9.859,3.711,-0.634,1.077,74.88,36.95,10.06,122.06,-46.51,147.46
2026-01-01 22:17:00,R06,Pick-and-Place,Zone_B,38.15,64.73,24.19,7.1,0.793,10.49,1363.7,53.88,2,186.8,1.17,101.58,127.46,-0.028,-0.1,10.129,-1.503,-0.778,0.619,55.15,47.03,18.41,64.25,-59.76,150.64
2026-01-01 22:18:00,R03,Navigation,Zone_A,38.36,47.44,22.97,2.1,1.109,11.82,1240.6,53.16,1,316.7,1.34,102.16,150.04,0.151,0.081,9.767,1.91,-1.259,-3.31,64.11,54.56,7.4,9.15,-51.24,85.43
2026-01-01 22:19:00,R07,Pick-and-Place,Zone_D,39.52,57.11,23.73,2.7,0.94,9.95,1582.3,51.01,2,165.1,1.99,103.88,67.89,0.263,0.176,9.837,-0.586,2.416,1.494,69.08,57.89,3.95,18.04,-50.9,68
2026-01-01 22:20:00,R06,Pick-and-Place,Zone_C,41.75,54.29,24.4,4.3,0.804,2.84,1474.6,59.53,6,114.6,1.51,104.12,111.91,-0.058,-0.06,10.603,-1.762,1.92,0.66,55.42,43.87,13.3,21.3,-65.1,222.66
2026-01-01 22:21:00,R07,Charging,Zone_D,42.35,67.72,22.67,5.58,1.121,12.04,1644.6,51.25,3,245.3,1.81,100.69,90.77,0.392,0.011,9.595,1.002,0.438,0.786,71.81,42.63,3.7,25.29,-65.77,95.9
2026-01-01 22:22:00,R06,Inspection,Zone_B,37.83,54.34,25.46,2.24,1.082,1.87,1197.1,50.22,1,275,0.91,100.95,134.12,-0.162,-0.281,9.955,-0.769,2.783,0.123,60.24,39.93,3.64,27.96,-52.4,94.9
2026-01-01 22:23:00,R01,Navigation,Zone_B,36.34,55.66,25.57,1.51,1.354,3.75,1450,56.19,6,15.9,2.63,103.8,66.59,0.262,0.485,9.739,-2.304,-1.889,3.451,65.87,44.03,7.95,0.17,-54.76,99.91
2026-01-01 22:24:00,R02,Navigation,Zone_B,42.06,58.51,25.75,3.87,0.141,4.51,1369.3,39.64,4,18.8,0.98,101.19,63.12,0.243,-0.301,9.734,-0.651,1.718,0.113,71.66,55.31,13.08,55.02,-68.13,137.78
2026-01-01 22:25:00,R03,Inspection,Zone_B,33.32,60.64,23.63,5.73,0.285,6.93,1508.7,45.71,3,228,0.15,99.58,153.57,-0.253,0.129,9.353,-0.819,0.725,3.192,68.67,35.72,6.63,10.04,-66.13,117.22
2026-01-01 22:26:00,R07,Navigation,Zone_D,38.11,60.45,23.12,7.91,0.432,7.47,1411.9,56.19,0,246.6,2.69,102.7,109.89,-0.638,-0.019,9.756,1.754,-0.472,3.711,63.44,55.6,1.47,16.59,-54.68,108.63
2026-01-01 22:27:00,R07,Pick-and-Place,Zone_A,45.52,44.47,22.1,4.17,0.683,10.39,1173.2,48.11,2,345.1,2.14,100.98,53.29,0.088,0.24,9.432,3.353,-0.871,-0.041,64.41,54.13,14.12,1.02,-66.01,147.36
2026-01-01 22:28:00,R03,Inspection,Zone_C,34.25,44.46,23.1,5.44,0.31,4.51,1366,52.83,0,243.1,8.13,104.36,111.76,-0.151,0.067,9.839,0.067,0.381,1.51,57.52,40.09,18.55,2.39,-53.18,95.16
2026-01-01 22:29:00,R01,Idle,Zone_D,38.32,50.09,23.78,8.23,2.052,18.64,1435,50.88,1,64.5,0.21,101.42,49.71,-0.195,0.015,9.677,0.959,2.63,-0.151,63.23,40.04,6.62,2.33,-61.98,72.9
2026-01-01 22:30:00,R02,Navigation,Zone_C,45.47,65.27,22.99,5.91,2.665,10.12,1340.7,56.07,5,111,4.39,101.99,54.29,-0.231,-0.048,9.457,-1.569,0.55,-0.988,67.47,35.6,16.71,9.89,-55.67,136.92
2026-01-01 22:31:00,R06,Inspection,Zone_D,38.57,61.51,23.15,1.48,2.099,3.67,1429.5,53,2,364.3,1.94,104.09,215.96,-0.328,0.126,9.934,-0.022,-0.954,3.538,74.47,50.9,10.97,64.24,-71.19,119.95
2026-01-01 22:32:00,R02,Charging,Zone_A,44.05,50.32,24.88,3.14,1.199,5,1566.8,57.56,1,284.5,2.13,101.92,97.53,-0.137,0.164,9.7,1.686,3.401,-1.062,73.62,51.75,15.27,54.19,-39.99,62.72
2026-01-01 22:33:00,R04,Navigation,Zone_A,45.78,59.68,24.46,2.56,0.696,5.04,1139.1,57.6,2,121.7,2.06,103.84,114.69,0.095,-0.351,10.135,1.834,-0.476,0.196,55.02,44.83,3.98,11.64,-57.58,77.77
2026-01-01 22:34:00,R06,Idle,Zone_D,39.96,44.12,22.79,2.06,0.034,3.69,1585.4,57.54,3,308.8,2.34,97.52,84.67,0.286,-0.335,9.847,2.596,-0.265,0.879,78.72,49.07,5.78,0.26,-46.47,83.46
2026-01-01 22:35:00,R08,Charging,Zone_D,38.71,44.14,25.57,3.8,1.049,4.69,1439.8,46.79,1,49,0.3,101.76,47.36,-0.32,-0.305,9.568,-0.825,-2.282,2.308,72.93,45.97,27.39,22.38,-40.8,94.1
2026-01-01 22:36:00,R06,Inspection,Zone_D,40.19,57.47,23.81,1.52,0.478,4.18,1504.7,56.54,8,43.1,10.44,104.41,90.08,-0.05,-0.485,9.766,1.954,1.583,0.936,66.71,50.99,13.4,59.82,-55.41,87.68
2026-01-01 22:37:00,R01,Inspection,Zone_B,38.81,48.2,25.89,2.12,0.139,5.84,1606.7,54.83,2,355.5,0.28,101.22,73.05,-0.14,0.24,9.984,0.562,-1.307,-0.338,61.57,48.84,12.08,13.07,-45.75,110.45
2026-01-01 22:38:00,R05,Idle,Zone_C,40.34,67.06,23.75,3.32,0.642,17,1711.3,43.86,3,146.3,1.58,100.69,95.92,0.338,0.351,10.057,-1.808,-0.311,0.996,59.42,51.4,13.23,2.95,-55.1,171.24
2026-01-01 22:39:00,R04,Inspection,Zone_D,39.79,61.15,24.02,2.87,0.015,6.41,1451.4,46.07,4,60.5,2.4,100.69,31.08,0.08,0.435,10.073,-0.538,3.185,3.194,63.32,44.26,7.24,10.3,-47.34,158
2026-01-01 22:40:00,R06,Charging,Zone_C,43.71,62.72,24.93,4.5,0.556,5.05,1149.7,55.57,4,35.1,3.82,101.74,193.52,-0.295,0.042,9.373,-1.032,1.06,2.643,60.64,50.64,7.88,45.85,-51.16,54.39
2026-01-01 22:41:00,R03,Navigation,Zone_C,43.02,52.3,22.72,7.09,2.299,9.86,1257.8,52.26,4,296.1,1.52,102.54,61.06,-0.099,0.051,9.981,0.01,-0.669,2.521,80.36,48.45,8.36,13.19,-59.21,151.2
2026-01-01 22:42:00,R01,Inspection,Zone_B,39.07,54.05,22.78,0.74,0.068,3.84,1349,58.9,6,326.5,4.51,97.55,49.67,-0.322,0.366,9.422,-3.456,-3.364,1.775,54.5,51.45,18.74,78.43,-53.25,85.8
2026-01-01 22:43:00,R05,Inspection,Zone_A,44.84,59.13,22.16,2.9,0.442,6.41,1512,53.3,3,41.8,0.96,102.18,204.24,0.392,0.212,9.408,1.403,0.198,-1.9,66.38,54.86,7.38,2.46,-51.6,69.16
2026-01-01 22:44:00,R02,Navigation,Zone_C,42.56,50.06,24.65,2.33,1.895,8.93,1547.1,50.13,2,314.9,0.63,98.56,122.05,0.136,-0.323,9.507,-0.659,-2.258,0.249,57.89,55.37,13.95,1.61,-56.16,91.97
2026-01-01 22:45:00,R02,Inspection,Zone_B,36.73,53.63,22.61,0.94,0.138,5.76,1304.2,51.01,1,207,1.22,99.92,343.51,-0.165,-0.15,9.917,1.975,1.598,-3.176,73.19,44.56,11.15,31.06,-54.53,87.06
2026-01-01 22:46:00,R05,Charging,Zone_B,42.84,50.73,23.03,11.01,0.935,15.89,1449.4,50.93,0,307.1,2.92,102.65,56.11,-0.009,0.392,9.659,-1.77,-1.243,1.021,59.15,56.82,18.35,25.52,-48.49,154.74
2026-01-01 22:47:00,R02,Navigation,Zone_C,43.46,59.84,22.46,5.25,0.976,7.99,1222.4,48.97,3,228.1,0.22,99.56,83.16,-0.333,-0.009,9.384,-1.267,2.512,-1.742,67.07,47.29,8.96,30.94,-62.91,181.16
2026-01-01 22:48:00,R07,Inspection,Zone_A,44.13,52.92,24.66,1,0.47,5.69,1554.8,53.75,4,138.7,3.78,99.47,59.03,0.179,-0.53,9.4,2.557,0.767,-0.015,65.23,44.61,17.43,31.15,-64.18,70.66
2026-01-01 22:49:00,R02,Inspection,Zone_A,37.74,60.1,22,9.74,0.305,7.24,1564.4,51.21,8,328.3,0.27,105.32,200.21,-0.381,0.453,10.214,0.307,-1.185,1.637,72.76,46.35,10.95,34.55,-42.25,129.47
2026-01-01 22:50:00,R02,Charging,Zone_D,41.64,47.11,24.52,3.6,0.538,3.77,1164.7,57.9,3,189,12.79,100.79,39.41,0.053,-0.406,9.634,-2.066,-0.989,2.893,73.5,47.13,9.95,3.79,-60.36,176.23
2026-01-01 22:51:00,R05,Idle,Zone_C,47.84,54.06,23.65,1.59,0.059,3.47,1397.5,44.29,2,376.9,1.97,99.65,54.87,-0.051,0.072,9.802,-1.668,-3.086,3.271,71.2,43.1,10.46,0.12,-51.6,57.49
2026-01-01 22:52:00,R01,Navigation,Zone_A,42.86,55.35,25.11,2.25,3.414,16.17,1293.3,62.11,2,200.8,0.67,98.36,51.81,-0.331,-0.387,10.139,2.788,-1.759,2.59,60.89,47.78,17.75,85.59,-51.07,135.31
2026-01-01 22:53:00,R05,Pick-and-Place,Zone_C,42.16,49.57,23.9,4.47,1.097,10.63,1535.4,48.93,6,388.3,1.79,99.45,45.75,0.128,0.054,9.885,-0.757,-1.71,-0.099,60.67,42.49,6.79,6.81,-62.19,137.67
2026-01-01 22:54:00,R01,Pick-and-Place,Zone_C,35.69,41.84,25.27,1.27,0.835,12.06,1417.5,42.07,1,270.2,0.6,103.05,80,-0.321,-0.209,9.652,-1.819,3.747,1.548,65.19,42.57,1.73,8.67,-48.68,137.16
2026-01-01 22:55:00,R01,Navigation,Zone_C,44.41,41.02,22.21,5.87,0.868,8.05,1544,51.03,4,72.2,0.84,99.83,223.61,-0.262,-0.157,9.292,1.389,-0.275,-3.999,54,46.01,20.76,11.71,-45.74,50.92
2026-01-01 22:56:00,R08,Inspection,Zone_C,37.96,60.32,25.62,2.85,0.896,9.77,1353.4,57.8,3,255.3,0.55,97.05,249.5,-0.207,0.3,8.97,-0.284,-1.732,5.298,67.99,48.24,6.35,23.71,-67.17,82.13
2026-01-01 22:57:00,R02,Inspection,Zone_B,40.46,63.4,24.82,2.16,0.012,9.71,1362.8,53.76,6,171.6,2.96,100.23,170.5,0.014,-0.276,9.602,-2.515,-2.54,0.294,75.52,43.86,18.19,102.71,-43.69,105.34
2026-01-01 22:58:00,R04,Navigation,Zone_B,40.9,53.81,22.03,8.9,0.22,2.65,1565.7,51.34,3,52.1,6.24,97.07,36.89,0.053,-0.257,10.095,2.263,0.893,-2.581,75.13,43.32,1.67,7.74,-43.32,86.49
2026-01-01 22:59:00,R01,Navigation,Zone_B,37.07,53.94,24.7,9.63,0.23,2.57,1563.5,52.11,3,300.5,0.55,103.37,89.92,0.021,-0.342,10.018,0.922,1.729,-3.457,57.39,42.27,11.98,29.59,-58.69,84.48
2026-01-01 23:00:00,R01,Charging,Zone_D,39.67,57.64,24.5,6.62,0.736,5.14,1292.1,53,0,46.6,0.55,101.38,61.54,0.134,-0.125,10.325,-2.016,-3.292,1.161,64.46,48.37,3.35,23.79,-53.65,86.6
2026-01-01 23:01:00,R08,Navigation,Zone_C,34.07,63.36,25.41,2.48,1.264,4.6,1513.4,53.39,4,388.3,3.99,102.61,84.05,0.348,0.077,10.29,-1.73,0.978,2.362,59.08,54.77,23.06,51.75,-42.78,115.62
2026-01-01 23:02:00,R02,Pick-and-Place,Zone_D,40.63,48.28,22.44,4.42,0.144,4.2,1737,50.1,1,170.4,0.02,101.35,57.41,0.503,-0.014,9.797,2.78,-1.44,-3.331,64.82,47.3,16.78,30.2,-56.08,111.66
2026-01-01 23:03:00,R07,Pick-and-Place,Zone_C,41.72,60.65,24.06,8.51,0.747,4.47,1567.9,58.69,6,300,1.74,107.59,55.79,-0.223,0.04,10.311,-0.753,1.711,-0.948,61.51,51.58,6.76,79.24,-60,90.35
2026-01-01 23:04:00,R05,Navigation,Zone_B,40.37,46.94,23.85,5.54,0.17,7.89,1408.6,57.74,5,65.7,1.52,101.83,157.87,-0.368,0.35,9.656,2.987,-0.851,1.113,57.78,53.88,12.04,17.12,-74.21,126.36
2026-01-01 23:05:00,R06,Navigation,Zone_C,33.23,43.86,22.7,2.21,0.783,3.69,1366,45.81,2,384,3.21,98.79,267.76,0.009,-0.036,9.809,-0.498,-1.096,-1.879,68.4,51.77,10.93,7.69,-54.27,106.2
2026-01-01 23:06:00,R08,Charging,Zone_D,34.98,47.91,22.19,4.35,0.61,10.28,1345.4,56.7,5,319.6,0.06,100.97,255.26,0.099,0.331,9.925,-0.256,-1.522,-0.076,51.18,54.86,43.95,51.55,-57.55,79.46
2026-01-01 23:07:00,R06,Navigation,Zone_B,37.33,64.49,24.67,1.73,0.565,16.27,1390.9,49.35,1,353.1,5.38,98.9,139.28,0.202,0.274,9.567,1.666,-1.702,5.319,55.22,48.05,11.13,3.75,-41.93,118.34
2026-01-01 23:08:00,R03,Navigation,Zone_D,43.38,64.16,23.82,1.79,0.04,13.11,1235.8,46.94,1,241.1,2.37,98.46,84.34,0.399,0.572,9.669,-0.875,-0.758,2.05,64.69,46.66,1.6,82.97,-48.76,100.05
2026-01-01 23:09:00,R06,Pick-and-Place,Zone_A,44.87,44.67,23.15,2.21,0.101,6.98,1650.9,43.99,7,209,4.79,102.31,277.61,0.08,0.332,9.672,-1.542,-1.964,-5.19,72.71,51.42,9.4,39.98,-45.54,107.58
2026-01-01 23:10:00,R06,Pick-and-Place,Zone_C,38.8,65.74,25.8,2.85,1.814,2.2,1436,53.57,3,11.3,5.82,102.56,318.79,0.228,0.043,9.624,2.168,0.43,-0.335,63.25,47.23,9.07,21.8,-65.42,148.18
2026-01-01 23:11:00,R01,Navigation,Zone_D,45.96,56.64,24.72,5.24,0.196,6.67,1487.8,59.08,2,77.1,4.35,99.71,111.51,0.498,0.549,9.601,-0.386,-1.906,-0.095,59.29,48.72,26.92,67.63,-62.98,249.01
2026-01-01 23:12:00,R03,Pick-and-Place,Zone_D,39.57,58.87,22.16,5.89,0.234,7.7,1069.1,53.93,3,78.8,1.44,102.72,123.51,0.133,-0.055,9.148,3.371,0.324,-2.1,70.69,51.23,22.29,23.79,-58.29,113.18
2026-01-01 23:13:00,R08,Navigation,Zone_B,40.8,49.1,25.34,2.35,2.566,3.31,1691.2,50.36,2,257.7,3.92,100.63,51.16,0.198,0.164,9.419,1.839,1.987,-1.171,67.77,50.27,19.51,23.34,-61.21,68.67
2026-01-01 23:14:00,R08,Pick-and-Place,Zone_C,41.23,68.3,25.8,1.43,0.102,4.21,1858.7,53.57,3,207.7,4.21,102.08,93.69,-0.124,-0.061,9.858,-3.852,3.086,1.21,82.48,51.85,23.06,11.83,-56.63,125.57
2026-01-01 23:15:00,R08,Idle,Zone_C,39.44,51.61,22.9,3.06,1.135,10.82,1328.8,50.16,7,110.5,1.52,100.15,57.94,0.076,0.166,9.371,3.17,0.225,2.773,68.66,51.79,4.27,26.17,-46.73,126.58
2026-01-01 23:16:00,R08,Pick-and-Place,Zone_B,40.97,49.59,22.22,3.45,0.363,1.36,1711.3,54.35,3,97.4,1.75,97.48,187.35,-0.415,-0.288,9.568,-0.181,1.373,-0.521,74.55,50.28,9.86,30.53,-50.25,95.29
2026-01-01 23:17:00,R07,Navigation,Zone_C,39.29,57.33,22.27,3.59,1.935,8.12,1657.7,50.09,2,192.1,0.53,101.39,120.08,-0.624,0.147,9.542,-0.808,1.994,0.416,76.51,43.57,9.85,3.52,-63.1,142.65
2026-01-01 23:18:00,R07,Pick-and-Place,Zone_A,45.2,43.71,24.32,0.97,0.029,2.81,1419.3,56.92,3,104.6,2.27,105.39,56.99,-0.125,-0.185,9.819,-0.925,1.315,-0.107,75.89,47.77,19.36,6.97,-51.27,73.01
2026-01-01 23:19:00,R03,Navigation,Zone_A,38.54,49.41,24.49,3.9,0.289,10.01,1417.4,44.47,1,274.8,1.97,104.28,45.45,0.024,0.213,9.784,2.522,-3.492,1.561,62.2,52.63,22.77,35.29,-50.73,86.58
2026-01-01 23:20:00,R04,Charging,Zone_C,43.06,53.73,25.76,6.06,0.164,3.69,1550.4,49.24,2,117.9,1.84,99.18,201.07,-0.176,-0.07,9.604,5.355,-1.077,-0.208,78.75,41.08,31.76,29.53,-60.65,110.26
2026-01-01 23:21:00,R06,Pick-and-Place,Zone_B,40.66,60.2,24.13,2.8,1.314,3.05,1542,48.97,1,300.8,5.33,99.71,141.55,0.189,-0.111,9.658,-1.354,2.129,1.605,65.81,48.06,16.31,23.48,-62.26,137.73
2026-01-01 23:22:00,R03,Inspection,Zone_D,34.47,65.13,23.93,3.21,0.505,8.22,1526.4,62.22,1,306.4,2.57,100.6,132.6,0.152,-0.17,9.415,0.792,-1.324,2.334,66.86,57.52,1.45,8.46,-60.14,145.38
2026-01-01 23:23:00,R01,Charging,Zone_C,35.24,52.74,24.13,4.27,0.484,2.81,1495.5,52.95,7,97.2,3.42,99.43,48.69,0.2,0.393,10.012,2.639,-2.014,0.983,74.93,57.48,7.64,3.57,-62.2,98.36
2026-01-01 23:24:00,R06,Inspection,Zone_A,43.86,48.25,24.38,3.28,0.742,5.07,1432.9,55.29,0,88.1,5.21,101.16,73.41,0.267,0.274,9.752,1.042,-2.182,-0.94,65.21,47.61,9.9,0.87,-69.75,45.76
2026-01-01 23:25:00,R06,Navigation,Zone_D,39.16,67.9,24.65,4.81,1.301,3.35,1666.1,41.7,3,154.9,0.48,99.05,205.69,0.394,-0.153,9.908,-0.342,-1.978,1.153,71.58,48.8,7.96,32.31,-44.7,120.12
2026-01-01 23:26:00,R04,Pick-and-Place,Zone_B,46.16,45.08,24.77,1.42,0.582,4.43,1247,57.91,2,100.9,0.89,101.05,23.94,0.411,-0.12,9.694,-1.409,2.203,-0.088,65.86,49.08,6.74,1.22,-65.06,66.55
2026-01-01 23:27:00,R03,Pick-and-Place,Zone_D,46.56,58.07,25.58,6.02,0.193,7.56,1450.9,44.01,0,284.5,3.94,102.36,72,0.264,0.229,9.886,1.313,0.97,-0.014,65.61,45.38,5.27,7.12,-44.87,102.15
2026-01-01 23:28:00,R06,Pick-and-Place,Zone_B,33.84,52.23,23.73,1.42,0.021,3.94,1483.4,57.7,11,20.1,3.2,101.42,96.25,0.263,0.427,10.337,1.891,3.921,2.409,65.56,48.14,2.93,11.39,-62.48,50.92
2026-01-01 23:29:00,R08,Idle,Zone_B,46.01,58.31,23.04,2.37,1.659,3.91,1619.3,48.25,4,187.8,5.5,104.27,73.2,-0.047,0.093,10.167,0.764,-1.25,3.775,65.68,43.88,7.13,34.75,-68.26,92.63
2026-01-01 23:30:00,R07,Inspection,Zone_B,41.33,47.92,25.93,1.68,0.668,7.88,1491.1,53.6,4,356,0.32,102.33,124.12,0.128,-0.332,9.601,-0.713,1.62,-2.382,72.76,49.69,10.29,97.16,-39.95,78.48
2026-01-01 23:31:00,R01,Navigation,Zone_D,38.18,66.34,22.17,1.73,0.791,12.3,1263,47.71,3,238.9,0.43,102.58,80.28,-0.167,-0.05,9.906,-0.501,-2.65,-0.193,62.72,46.31,6.25,2.94,-57.5,58.95
2026-01-01 23:32:00,R03,Idle,Zone_A,38.71,49.03,23.81,4.84,0.417,8.44,897.8,55.53,4,144.6,0.4,100.55,136.72,0.102,-0.006,9.907,0.395,-1.417,0.865,72.57,57.26,19.1,6.25,-56.8,111.86
2026-01-01 23:33:00,R05,Pick-and-Place,Zone_D,43.12,61.73,23.43,1.84,0.297,9.6,1299.6,48.4,3,168.1,0.26,98.85,54.36,-0.352,-0.099,9.158,-1.804,1.519,0.488,53.38,54.38,9.55,28.83,-66.12,89.97
2026-01-01 23:34:00,R08,Navigation,Zone_B,33.77,36,24.21,1.51,,6.15,1812.2,52.29,1,234.1,1.46,96.53,135.83,0.167,0.018,9.494,-0.999,-1.16,-0.773,66.36,51.33,14.11,2.31,-46.07,90.93
2026-01-01 23:35:00,R02,Navigation,Zone_C,37.55,63.27,24.45,2.68,1.374,14.09,1509,45.34,4,240.4,0.95,98.22,86.67,0.193,0.271,10.242,1.683,0.408,-2.101,59.07,44.4,17.81,30.6,-43.76,119.94
2026-01-01 23:36:00,R05,Navigation,Zone_A,33.27,56.03,25.16,6.55,0.812,3.21,1262.9,57.32,2,186.2,1.74,99.11,125.38,-0.284,-0.119,9.773,2.484,-2.12,-0.246,77.22,41.91,8.72,7.29,-56.61,69.85
2026-01-01 23:37:00,R03,Pick-and-Place,Zone_B,37.09,47.41,24.39,1.95,0.751,5.94,1322.6,46.59,3,89.2,0.66,101.36,197.73,-0.099,0.11,9.849,-1.417,1.134,-0.365,65.89,43.41,4.41,36.74,-51.34,71.44
2026-01-01 23:38:00,R07,Inspection,Zone_C,39.79,58.46,23,3.76,3.15,4.25,1471.2,51.22,5,127.5,0.88,98.41,105.96,-0.155,0.13,9.896,-0.866,1.104,-2.333,72.39,52.67,17.69,36.36,-58.86,105.36
2026-01-01 23:39:00,R04,Pick-and-Place,Zone_B,45.63,57.06,25.57,1.78,0.028,8.54,1124.7,49.55,4,197.1,1.83,98.82,77.26,-0.12,0.184,9.943,0.364,0.773,-1.642,69.64,41.83,4.4,24.21,-50.71,73.28
2026-01-01 23:40:00,R03,Navigation,Zone_B,35.39,50.9,22.05,3.33,0.508,5.62,1717.2,48,4,253.8,2.36,104.93,64.53,0.312,-0.231,9.66,-1.862,-2.606,-0.041,73.49,43.69,2.56,25.11,-54.05,147.1
2026-01-01 23:41:00,R07,Idle,Zone_B,40.49,41.56,25.15,4.34,1.666,16.65,1485.1,54.93,4,104.8,3.62,99.27,15.51,0.159,-0.518,9.755,3.835,-0.104,-0.641,66.64,49.3,2.02,22.6,-64.37,356.29
2026-01-01 23:42:00,R05,Idle,Zone_A,37.89,49.69,23.21,2.94,0.811,6.5,1761.5,47.7,5,25.2,1.86,99.85,149.55,-0.345,0.124,10.081,1,2.739,0.766,62.72,48.18,30.35,18.23,-71.98,166.55
2026-01-01 23:43:00,R01,Pick-and-Place,Zone_C,41.93,45.04,22.81,0.36,,4.32,1603,46.22,0,119.9,1.94,99.14,41.34,-0.067,0.036,10.014,1.127,2.393,3.785,54.07,44.08,14.47,1.49,-58.7,142.95
2026-01-01 23:44:00,R01,Pick-and-Place,Zone_B,39.35,56.04,23.42,3.72,0.399,9.62,1349.7,57.58,5,342.2,2.77,100.83,158.57,0.477,0.095,9.544,-1.181,2.284,-0.362,73.62,46.02,16.01,9.72,-52.99,143
2026-01-01 23:45:00,R04,Inspection,Zone_C,41.34,52.15,23.32,3.71,1.228,12.01,1447.3,54.69,1,193.3,1.08,102.02,148.14,0.117,0.212,9.428,2.012,0.787,-1.548,69.66,53.05,7.28,2.5,-54.35,95.06
2026-01-01 23:46:00,R07,Navigation,Zone_B,39.84,47.56,22.69,3.19,0.738,6.88,1688.7,43.61,5,78.6,1.43,102.5,111.95,0.186,-0.135,10.022,-1.158,3.053,1.638,67.33,53.29,8.16,9.06,-53.93,134.65
2026-01-01 23:47:00,R05,Charging,Zone_D,44.03,72.4,25.59,6.61,0.184,5.44,1345.4,55.69,5,280.2,0.69,101.63,76.25,-0.061,0.106,10.028,-0.933,-1.415,-0.417,69.42,53.96,14.74,15.07,-46.75,89.83
2026-01-01 23:48:00,R06,Pick-and-Place,Zone_A,43.63,67.78,24.12,1.99,0.426,5.92,1289,56.92,1,384,10.93,101.66,49.37,0.205,-0.312,10.069,-2.31,-2.987,0.858,52.27,58.63,5.05,5.36,-66.11,233.07
2026-01-01 23:49:00,R06,Pick-and-Place,Zone_B,46.08,61.98,23.19,0.88,0.33,9.5,1618.1,49.6,3,214.5,1.35,105.43,166.76,-0.016,0.024,9.726,-1.376,0.648,-0.345,70.88,47.66,6.52,1.11,-47.57,55.5
2026-01-01 23:50:00,R03,Inspection,Zone_D,38.47,57.37,24.34,2.06,1.02,8.75,1486.2,51.39,5,325.3,0.29,100.95,70.39,0.295,-0.343,9.588,2.654,-2.072,1.075,70.03,48.83,11.56,50.82,-43.39,234.83
2026-01-01 23:51:00,R05,Pick-and-Place,Zone_D,44.8,75.13,22.62,7.57,1.087,10.9,1453.3,48.09,2,30.5,0.59,101.99,50.54,0.519,0.293,9.96,4.364,-1.385,0.568,70.39,45.45,0.16,14.06,-60.49,70.33
2026-01-01 23:52:00,R03,Pick-and-Place,Zone_C,39.89,54.71,25.91,2.66,0.196,11.98,1553.7,50.69,5,220.2,6.89,99.41,167.62,-0.179,-0.051,9.568,4.334,3.905,-1.375,79.1,54.99,13.91,27.89,-66.11,176.27
2026-01-01 23:53:00,R03,Navigation,Zone_A,39.09,48.61,25.44,2.2,0.071,5.72,1527.3,55,2,267.3,1.62,101.29,143.1,-0.278,0.008,9.845,-1.858,1.033,-0.163,60.59,43.99,3.02,8.92,-57.73,131.06
2026-01-01 23:54:00,R08,Navigation,Zone_A,45.74,57,23.87,4.38,0.306,13.08,1389.4,50.44,1,250.8,2.42,100.14,49.66,-0.179,0.059,9.454,-2.6,0.46,0.17,73.6,50.18,4.46,129.41,-71.79,91.42
2026-01-01 23:55:00,R01,Pick-and-Place,Zone_A,43.25,57.41,22.92,1.81,1.798,7.96,1723.3,61.11,1,162,1.61,100.14,156.69,-0.295,0.399,9.727,-3.306,-2.755,-1.932,77.57,43.01,14.7,19.41,-43.97,75.71
2026-01-01 23:56:00,R05,Inspection,Zone_C,41.78,39.67,23.81,4.1,0.426,5.7,1678.7,52.39,3,227.4,0.69,99.28,159.95,-0.628,-0.005,10.039,-3.045,2.822,-3.029,63.98,51.44,11.53,13.03,-58.43,101.9
2026-01-01 23:57:00,R07,Navigation,Zone_C,42.73,71.23,23.81,9.26,0.569,3.88,1379.6,52.19,2,103.5,1.23,100.1,52.99,0.031,0.211,10.117,-0.814,-1.192,0.512,76.01,45.36,26.35,31.05,-52.48,182.65
2026-01-01 23:58:00,R04,Inspection,Zone_B,40.76,58.05,23.27,2.52,2.606,15.42,1474,44.34,1,278.7,1.41,100.38,59.18,-0.032,0.275,9.732,0.105,0.293,-1.897,68.22,42.66,29.26,0.57,-53.17,122.23
2026-01-01 23:59:00,R03,Pick-and-Place,Zone_B,36.87,43.68,22.02,1.79,0.127,10.31,1481.7,42.18,6,60.9,0.04,101.66,220.89,-0.3,-0.225,9.755,-2.268,2.518,1.408,64.13,43.98,18.37,55.59,-61.84,159.76
2026-01-02 00:00:00,R08,Charging,Zone_D,37.52,53.15,24.1,7.32,1.052,12.76,1518.1,52.66,5,162.5,1.68,106.7,92.61,-0.002,0.36,9.914,0.761,2.352,0.92,65.91,40.47,9.34,51.18,-53.27,130.36
2026-01-02 00:01:00,R02,Navigation,Zone_A,44.54,47.91,22.55,5.31,0.475,8.44,1438.3,51.12,2,107.6,3.33,103.47,153.82,0.245,-0.058,9.558,0.017,0.872,0.309,66.9,44.95,7.23,6.27,-41.41,119.34
2026-01-02 00:02:00,R02,Pick-and-Place,Zone_C,39.64,55.48,25.74,5.28,0.146,7.66,1521.5,54.37,3,329.8,1.57,103.91,309.99,-0.102,-0.197,9.672,0.585,-4.415,1.98,65.79,47.63,29.19,47.67,-31.91,90.22
2026-01-02 00:03:00,R05,Idle,Zone_A,38.45,50.04,24.1,10.45,1.039,8.24,1407.4,52.73,8,74.4,0.47,103.02,99.35,-0.035,-0.052,10.326,1.882,1.771,0.3,55.83,45.56,6.93,21.07,-54.29,139.08
2026-01-02 00:04:00,R01,Charging,Zone_A,40.03,66.9,25.76,3.81,0.009,4.16,1274.6,52.03,3,386.9,4.64,102.03,50.77,-0.18,0.082,9.498,1.934,-2.239,-0.088,67.93,44.48,2.82,3.45,-51.17,110.68
2026-01-02 00:05:00,R08,Pick-and-Place,Zone_B,43.59,59.13,25.13,1.39,6.156,10.03,1637.6,48.83,6,128.3,6.3,98.94,43.45,0.089,-0.116,10.021,-0.868,-0.006,-0.609,67.09,54.24,8.03,71.27,-55.69,110.07
2026-01-02 00:06:00,R07,Navigation,Zone_D,43.99,66.09,22.55,1.88,0.028,9.53,1585.6,52.74,1,69.5,9.87,100.25,119.58,-0.232,0.09,10.099,0.091,-2.347,-0.669,81.1,56.1,6.95,23.98,-44.83,77.82
2026-01-02 00:07:00,R06,Navigation,Zone_B,40.21,61.29,24.18,3.9,0.066,9.32,1382.7,55.78,8,78.7,5.69,100.4,171.29,-0.116,-0.194,9.752,2.222,3.815,-2.845,64.77,50.77,3.62,10.87,-53.62,110.64
2026-01-02 00:08:00,R01,Navigation,Zone_B,40.38,37.39,23.52,4.14,0.216,3.41,1644.3,56.85,1,284.1,0.86,101.74,88.92,-0.082,0.199,10.054,-0.541,1.944,-1.931,65.53,52.55,22.07,85.78,-50.74,127.78
2026-01-02 00:09:00,R01,Pick-and-Place,Zone_B,35.7,44.29,25.52,3.41,0.423,8.08,1233.4,40.52,2,20.2,1.47,101.39,56.16,0.122,0.243,9.843,2.029,1.978,1.54,60.07,53.64,4.98,8.45,-51.22,112.23
2026-01-02 00:10:00,R07,Navigation,Zone_C,39.74,59.24,23.03,4.89,0.85,7.56,1595.7,49.49,3,357.9,0.04,99.61,56.37,-0.111,0.526,9.442,1.242,2.463,1.944,73.65,48.58,13.1,26.94,-57.97,94.09
2026-01-02 00:11:00,R01,Pick-and-Place,Zone_C,43.24,46.46,25.77,3.13,0.027,10.07,1626.1,56.7,3,118.1,0.87,99.48,112.34,0.567,-0.539,10.027,-1.486,1.375,-0.575,70.55,47.95,12.6,83.67,-39.68,124.02
2026-01-02 00:12:00,R05,Inspection,Zone_A,38.71,55.91,24.86,4.73,0.542,5.43,1526,59.14,1,150,0.9,104.38,232.42,-0.043,-0.327,9.556,0.864,-1.812,-1.659,64.91,50.67,4.83,0.01,-45.26,92.89
2026-01-02 00:13:00,R08,Pick-and-Place,Zone_A,36.87,60.31,22.27,3.31,0.125,5.72,1593.9,57.52,1,180.8,9.86,98.96,127.95,-0.318,-0.213,9.78,1.654,-1.93,3.588,61.26,51.66,12.38,31.86,-65.57,55.37
2026-01-02 00:14:00,R06,Pick-and-Place,Zone_C,41.26,58.98,23.74,1.44,0.446,13.92,1574.4,49.22,2,140,0.15,101.97,55.36,0.406,-0.032,9.888,0.027,1.753,2.504,55.37,47.72,8.48,30.16,-56.74,187.76
2026-01-02 00:15:00,R01,Inspection,Zone_C,35.44,61.99,25.85,2.69,0.28,17.53,1866.1,58.84,3,246.8,0.58,101.12,304.21,0.117,0.068,9.508,1.086,-0.615,1.052,67.93,44.93,12.95,17.09,-59.76,97.32
2026-01-02 00:16:00,R02,Pick-and-Place,Zone_A,40.69,58.19,25.82,2.5,0.08,6.13,1481.5,46.33,5,350.7,1.45,104.01,136.11,-0.335,0.005,9.239,-1.64,3.421,-0.668,63.42,47.14,7.04,24.3,-49.81,124.02
2026-01-02 00:17:00,R07,Navigation,Zone_B,39.06,54.47,24.69,11.03,0.558,3.81,1402,50.1,4,300,5.21,100.62,39.83,-0.027,0.443,10.392,-1.221,2.308,1.107,68.48,48.95,10.3,69.57,-50.63,69.3
2026-01-02 00:18:00,R08,Navigation,Zone_B,39.64,66.19,22.47,5.36,1.983,4.69,1525.5,56.65,1,195.8,0.76,100.66,78.07,-0.124,0.099,9.731,-0.98,0.989,0.176,67.98,42.15,41.64,10.66,-47.74,159.42
2026-01-02 00:19:00,R01,Navigation,Zone_C,37.87,49.26,25.58,5.28,1.009,9.34,1477,47.5,2,45.9,1.01,99.63,138.28,-0.133,0.206,9.643,-2.86,0.481,0.102,64.73,49.41,13.62,16.52,-57.09,127.88
2026-01-02 00:20:00,R06,Navigation,Zone_B,42.95,69.27,25.69,6.56,2.572,9.78,1379.6,58.75,5,268.3,0.71,104.1,100.4,0.086,-0.324,9.5,-2.363,0.687,-1.583,65.86,47.74,6.82,31.39,-48.64,109.11
2026-01-02 00:21:00,R01,Navigation,Zone_B,38.9,58.69,25.72,1.7,1.136,6.13,1436.2,52.41,2,51.6,0.64,103.6,140.36,0.273,-0.123,10.197,1.751,3.23,-0.102,65.81,48.66,18.85,41.7,-55.76,151.57
2026-01-02 00:22:00,R03,Navigation,Zone_A,41.06,49.34,25.38,7.71,0.061,13.26,1418.5,53.42,1,263.2,1.03,100.86,102.94,-0.22,-0.164,9.82,-1.585,2.203,1.22,84.61,50.48,35.41,38.06,-52.6,77.62
2026-01-02 00:23:00,R01,Navigation,Zone_C,43.1,50.83,23.28,3.12,0.192,6.19,1337.5,47.91,1,40.1,6.08,95.77,55.75,-0.091,0.271,10.072,0.534,-0.047,-2.502,65.46,56.71,25.35,14.9,-60.95,79.05
2026-01-02 00:24:00,R07,Navigation,Zone_B,43.73,56.8,24.83,4.17,0.157,8.42,1860.6,58.15,1,81.6,0.56,100.28,80.5,-0.255,-0.22,9.779,-2.416,0.96,-3.325,71.22,49.24,16.38,20.56,-57.73,89.48
2026-01-02 00:25:00,R02,Charging,Zone_C,41.2,48.83,25.78,2.58,0.223,4.08,1568.3,61.18,3,260.5,1.62,101.38,207.94,0.443,-0.294,9.846,-3.721,-1.706,-2.021,73.55,44.23,20.5,20.75,-55.43,70.76
2026-01-02 00:26:00,R03,Pick-and-Place,Zone_B,42.58,57.38,25.79,1.28,0.964,7.77,1522.6,61.35,1,75.8,5.87,100.12,94.47,0.177,0.152,10.384,0.176,0.201,3.146,67.84,46.91,11.46,1.9,-46.89,111.31
2026-01-02 00:27:00,R04,Pick-and-Place,Zone_B,44.75,63.47,22.19,5.94,0.19,5.92,1401.9,50.89,2,57.6,5.1,97.82,199.15,0.351,0.304,9.451,0.755,1.128,-3.893,77.39,47.75,5.69,28.4,-66.09,108.09
2026-01-02 00:28:00,R01,Pick-and-Place,Zone_B,34.7,51.79,24.55,4.35,0.21,7.6,1551.3,49.29,0,342,4.26,97.36,53.82,0.051,-0.11,9.548,1.849,3.23,-2.753,68.11,49.15,8.61,17.47,-51.76,86.81
2026-01-02 00:29:00,R08,Pick-and-Place,Zone_A,43.37,59.37,25.26,4.38,0.94,13.02,1420,46.17,3,116.1,1.85,100.02,43.53,-0.281,0.213,9.144,-0.478,-0.239,2.67,62.64,46.59,9.06,25.59,-55.1,115.42
2026-01-02 00:30:00,R04,Inspection,Zone_A,38.11,64.24,22.3,2.92,0.964,3.25,1571.6,66.28,3,104.2,0.85,98.44,125.12,0.005,-0.072,9.931,-4.985,-0.438,-1.468,62.62,48.59,2.45,14.63,-72.66,165.1
2026-01-02 00:31:00,R05,Inspection,Zone_D,42.67,61.27,22.93,3.75,0.913,9.7,1571.5,46.65,5,311.8,1.15,100.03,58.43,0.034,0.125,10.172,1.151,1.549,2.582,74.28,48.54,4.52,76.98,-59.66,50.11
2026-01-02 00:32:00,R07,Pick-and-Place,Zone_B,35.72,57.02,24.26,3.12,0.635,5.23,1530.8,45.8,6,283.5,0.32,99.9,93.67,0.033,0.571,9.471,0.675,-0.865,-1.143,72.48,50.89,21.44,26.04,-58.84,172.89
2026-01-02 00:33:00,R05,Idle,Zone_A,34.93,45.32,23.64,4.05,0.56,3.08,1395.9,50.32,6,289.2,2.29,102.78,174.43,-0.349,-0.327,10.003,1.26,0.073,4.268,80.82,57.54,14.65,6.99,-46.98,163.33
2026-01-02 00:34:00,R03,Navigation,Zone_A,36.59,30.78,24.79,2.77,0.588,6.91,1356.7,53.18,3,81.8,3.03,99.57,173.62,-0.46,0.055,10.019,0.153,-4.322,-1.842,60.7,49.41,16.36,8.79,-69.74,53.24
2026-01-02 00:35:00,R01,Navigation,Zone_A,41.12,63.63,22.89,1.66,2.238,3,1115,45.53,2,359.5,5.56,102.63,124.23,-0.41,-0.248,10.025,-2.977,0.288,2.175,61.87,48.96,5.79,32.44,-44.87,80.5
2026-01-02 00:36:00,R08,Pick-and-Place,Zone_D,44.15,45.01,23.86,1.78,0.216,9.62,1419.4,49.1,4,212.3,1.55,101.32,49.05,0.037,0.115,9.521,1.963,2.822,-0.441,58.94,48.44,5.92,0.7,-51.51,202.86
2026-01-02 00:37:00,R05,Pick-and-Place,Zone_A,37.67,48.75,25.76,1.82,0.276,10.97,1399.2,49.97,3,138.8,0.49,97.3,41.77,0.218,-0.21,9.91,-0.292,1.222,3.239,79.73,51.72,5.74,31.41,-55.29,76.3
2026-01-02 00:38:00,R07,Inspection,Zone_D,40.48,47.66,23.61,2.35,0.044,8.7,1365.3,57.43,4,357.8,0.14,101.28,36.53,-0.008,0.41,9.958,0.557,-1.221,-2.189,80.67,48.18,13.19,27.47,-63.49,47.61
2026-01-02 00:39:00,R03,Inspection,Zone_A,47.16,68.15,24.77,4.1,0.024,9.12,1503.2,46.8,3,72.4,4.57,104.06,46.2,-0.17,-0.172,9.341,-1.376,-1.564,0.202,68.56,48,5.49,17.62,-67.45,137.76
2026-01-02 00:40:00,R08,Idle,Zone_B,36.65,54.29,22.37,2.57,1.067,12.67,1276.4,57.46,6,172.3,0.1,100.33,86.71,-0.078,0.039,9.852,-0.941,0.043,0.075,57.77,43.82,2.87,24.5,-64.9,181.65
2026-01-02 00:41:00,R07,Idle,Zone_C,41.35,51.78,24.06,1.55,0.495,7.04,1455.8,58.33,2,205.1,0.23,104.45,38.76,-0.123,-0.163,9.738,-2.495,3.863,-2.144,60.14,46.55,12.89,30.28,-61.39,49.41
2026-01-02 00:42:00,R02,Inspection,Zone_D,45.98,46.84,23.26,2.94,0.272,7.01,1280.5,43.16,7,225.1,0.73,102.49,136.97,-0.367,-0.054,9.958,0.068,0.063,0.295,62.43,53.26,8.38,7.73,-59.75,75.17
2026-01-02 00:43:00,R02,Navigation,Zone_C,39.24,49.06,22.95,9.67,0.625,6.36,1351.8,53.59,2,133.2,1.76,99.6,131.35,-0.189,0.36,9.741,-3.354,0.019,-2.145,70.72,52.14,13.5,18.4,-56.12,120.51
2026-01-02 00:44:00,R06,Pick-and-Place,Zone_D,38.37,68.23,24.15,2.61,0.278,11.21,1292.8,54.99,3,154.3,7.05,103.14,155.93,-0.21,0.067,9.804,-0.053,-0.843,-2.441,71.78,48.37,30.87,2.39,-51.66,85.12
2026-01-02 00:45:00,R03,Charging,Zone_B,37.83,55.15,24.22,3.49,0.792,5.06,1505.9,52.46,4,127.7,0.22,100.73,66.66,-0.392,0.078,9.818,-2.557,-1.778,-0.613,62.1,42.91,4.27,11.68,-56.43,90.75
2026-01-02 00:46:00,R04,Pick-and-Place,Zone_D,44.02,53.16,25.26,4.18,0.247,4.78,1448.9,60,5,40.8,4.83,99.94,86.71,0.032,-0.174,9.605,-0.063,-1.363,-0.563,74.13,47.67,16.21,14.51,-71.17,160.45
2026-01-02 00:47:00,R02,Navigation,Zone_C,48.95,54.83,22.03,2.86,1.176,5.14,1497.5,56,1,188.1,8.03,95.43,184.1,0.334,0.133,9.894,-2.143,-0.918,0.191,63.96,43.2,16.07,7.89,-60.33,122.83
2026-01-02 00:48:00,R06,Pick-and-Place,Zone_A,43.36,69.73,24.25,7.25,1.43,6.87,1196.6,56.31,2,95.8,13.17,101.2,120.05,0.147,0.176,9.682,-0.789,2.716,1.766,62.49,53.01,11.3,0.56,-66.64,48.42
2026-01-02 00:49:00,R03,Inspection,Zone_D,37.93,55,23.2,3.45,0.278,7.17,1562.2,50.96,3,302.2,1.68,102.43,75.34,-0.238,-0.039,10.202,-3.009,3.193,-0.683,66.08,54.68,5.38,9.32,-73.24,135.64
2026-01-02 00:50:00,R02,Inspection,Zone_A,41.49,50.32,22.46,2.98,0.125,3.07,1583.8,53.56,1,194.5,2.13,103.61,46.18,-0.464,-0.505,10.092,2.52,-0.944,-3.495,61.57,34.1,8.96,21.24,-49.14,112.03
2026-01-02 00:51:00,R02,Inspection,Zone_A,35.88,47.15,23.18,5.52,0.56,6.97,1446.6,50.5,3,229,0.53,99.54,67.99,0.414,-0.141,9.682,1.31,3.037,0.318,67.89,47.93,2.6,17.38,-48.51,218.09
2026-01-02 00:52:00,R08,Navigation,Zone_A,38.53,51.27,25.5,5.04,0.303,13.84,1599.6,55.14,4,263.9,1.63,99.61,87.95,0.256,0.398,9.414,-0.71,0.435,1.455,67.2,46.19,2.76,19.41,-58.41,173.34
2026-01-02 00:53:00,R04,Charging,Zone_B,42.39,47.43,22.64,4.44,0.842,9.64,1612.1,49.1,2,217.2,3.57,103.24,68.44,0.114,0.134,9.955,-0.064,0.213,1.428,63.2,45.29,26.66,6.81,-69.18,136.55
2026-01-02 00:54:00,R07,Navigation,Zone_C,41.82,46.94,24.73,2.77,0.408,10.64,1407.2,51.84,3,267.8,2.59,97.86,68.76,0.421,-0.04,9.407,0.861,0.582,-0.78,69.05,44.43,17.85,0.89,-72.05,87.21
2026-01-02 00:55:00,R08,Navigation,Zone_A,39.18,63.52,23.75,3.26,1.941,13.64,1655.5,48.48,3,359.9,1.43,104.29,59.91,0.11,0.568,9.933,-0.77,2.067,-0.839,63.75,48.18,21.18,18.68,-61.2,134.82
2026-01-02 00:56:00,R06,Inspection,Zone_D,40.01,38.37,23.17,3.53,0.145,4.61,1331.2,56.39,4,91,1.46,102.81,91.89,0.171,0.361,9.966,0.524,0.386,4.153,59.87,47.95,9.91,10.88,-67.54,184.29
2026-01-02 00:57:00,R01,Charging,Zone_A,42.83,66.6,22.03,4.49,0.605,15.62,1390.9,62.72,1,294.1,0.01,102.63,48.21,0.467,0.13,9.667,3.511,-1.61,-0.371,66.71,63.65,15.6,16.44,-56.07,80.58
2026-01-02 00:58:00,R05,Charging,Zone_C,40.49,44.82,24.44,7.29,0.534,2.81,1634.9,49.78,2,74.4,1.35,100.61,94.19,0.057,0.067,10.097,2.239,1.894,0.234,60.83,52.68,7.03,49.92,-55.89,154.42
2026-01-02 00:59:00,R06,Pick-and-Place,Zone_C,35.77,58.39,25.9,1.66,0.58,7.71,1186.9,52.53,3,397.8,0.2,100.91,329.38,0.116,0.165,9.806,-2.242,0.571,2.014,65.45,49.84,3.15,12.1,-47.27,143.51
2026-01-02 01:00:00,R04,Charging,Zone_A,41.29,57.94,22.72,1.23,0.277,15.28,1556.7,48.92,5,237,1.13,101.26,104.78,-0.046,-0.375,10.181,-1.337,1.142,3.807,60.29,47.1,27.05,56.52,-50.32,38.27
2026-01-02 01:01:00,R03,Navigation,Zone_B,36.55,64.36,25,3.39,0.165,7.31,1319.3,50.53,2,342.8,0.31,102.64,68.63,0.05,-0.124,9.805,0.572,-2.367,0.797,68.58,49.86,14.21,26.63,-43.71,104.54
2026-01-02 01:02:00,R07,Inspection,Zone_C,41.74,58.59,22.8,3.98,2.243,6.19,1144.3,47.61,5,377.2,3.5,100.62,103.54,-0.126,-0.07,10.152,-1.309,1.57,-0.804,62.67,52.88,11.83,33.75,-57.56,90.78
2026-01-02 01:03:00,R04,Charging,Zone_C,43.84,55.75,22.85,7.89,0.806,11.03,1628.4,59.21,3,69.5,2.17,95.73,111.96,0.264,0.061,9.398,-0.072,-3.713,-1.702,71.58,44.58,11.56,6.87,-55.78,133.74
2026-01-02 01:04:00,R04,Inspection,Zone_B,40.69,48.37,25.2,4.25,1.013,12.24,1611.3,53.42,4,301,1.8,101.74,39.99,-0.147,-0.129,9.548,-1.11,-2.291,-0.046,68.38,58.23,9,8.48,-40.66,159.85
2026-01-02 01:05:00,R05,Idle,Zone_B,43.64,51.38,23.24,2.42,1.863,5.08,1471.5,48.92,4,398.7,5.23,98.99,74.08,-0.312,-0.403,9.6,1.66,-0.32,-0.34,70.2,39.53,9.17,6.61,-50.67,108.94
2026-01-02 01:06:00,R08,Navigation,Zone_B,48.46,43.37,24.74,2.13,2.108,5.31,1510.9,46.16,4,397.2,1.55,100.98,313.34,-0.141,0.186,9.304,-0.817,-0.19,1.305,57.98,44.1,28.75,117.17,-49.75,144.37
2026-01-02 01:07:00,R05,Inspection,Zone_C,40.91,37.68,24.66,3.24,1.675,2.53,1352,52.3,1,199.2,1.24,103.58,121.96,-0.295,-0.448,9.935,0.892,0.026,-0.593,61.37,50.45,6.31,5.63,-49.05,109.07
2026-01-02 01:08:00,R07,Navigation,Zone_C,45.12,43.17,24.58,4.09,0.804,11.47,1359.1,47.24,3,130.5,4.79,98.21,70.85,0.322,-0.285,9.466,0.166,-3.385,-0.676,65.28,48.87,6.31,23.58,-54.93,110.92
2026-01-02 01:09:00,R02,Pick-and-Place,Zone_B,41.4,50.18,22.41,8.72,0.404,22.42,1665.9,47.84,6,19.5,1.52,101.94,138.91,-0.461,0.256,9.964,1.025,-3.087,3.391,77.27,52.87,10.96,8.11,-45.28,103.31
2026-01-02 01:10:00,R06,Navigation,Zone_D,38.85,61.27,22.92,6.18,0.376,9.96,1531.5,57.83,2,316.7,1.77,101.91,128.61,0.207,0.296,9.296,2.419,-0.791,-1.755,63.12,53.1,4.11,19.44,-53.66,102.83
2026-01-02 01:11:00,R05,Charging,Zone_A,41.41,58.74,25.18,4.99,0.696,4.46,1569.5,46.82,2,101.9,3.31,101.58,42.55,0.151,-0.092,9.767,2.158,1.129,-0.446,94.9,45.52,4.69,18.79,-65.75,72.19
2026-01-02 01:12:00,R03,Navigation,Zone_D,36.16,60.91,25.84,4.75,1.204,11.2,1334.1,61.38,3,136,0.76,101.65,69.51,0.158,0.038,9.88,-0.261,1.901,-3.089,61.05,47.25,23.18,17.69,-65.25,131
2026-01-02 01:13:00,R04,Navigation,Zone_A,41.52,39.99,24.22,5.98,0.399,9.83,1512.3,44.68,3,185.7,2.61,103.31,108.86,-0.138,-0.068,10.252,-0.054,0.453,1.205,70.71,44.97,15.39,19.16,-48.81,108.27
2026-01-02 01:14:00,R05,Idle,Zone_D,39.29,53.1,22.44,4.68,0.031,8.57,1611.2,53.91,5,103.7,0.21,98.77,112.12,-0.493,0.138,10.277,-0.173,0.419,1.95,62.04,45.17,4.44,27.68,-49.96,77.06
2026-01-02 01:15:00,R01,Pick-and-Place,Zone_C,38.2,46.64,22.1,2.83,1.198,7.03,1486.2,61.84,5,147.8,3.69,103.41,75.89,0.038,-0.023,9.819,0.002,-2.635,1.146,68.36,44.65,5.14,1.92,-51.21,61.61
2026-01-02 01:16:00,R06,Idle,Zone_B,39.92,58.4,22.2,3.33,0.058,3.83,1312.8,42.15,4,395.1,0.36,100.33,91.04,-0.426,-0.157,9.836,0.866,-1.522,2.745,68.57,42.98,14.27,23.8,-50.18,87.54
2026-01-02 01:17:00,R08,Navigation,Zone_C,46.21,61.22,25.63,2.24,1.084,1.54,1228.5,53.29,5,232.6,0.41,100.45,92.25,-0.074,-0.479,9.163,0.396,-4.097,0.451,65.31,42.34,24.72,8.93,-53.41,138.28
2026-01-02 01:18:00,R03,Navigation,Zone_B,41.27,51.13,23.37,8.76,0.013,7.15,1453.1,44.1,1,136.2,4.29,103.58,133.3,0.121,-0.152,10.075,-0.909,1.687,-3.561,67.9,47.79,8.29,2.56,-65.39,115.99
2026-01-02 01:19:00,R07,Navigation,Zone_B,36.88,53.75,24.3,2.24,0.245,5.14,1486.3,45.16,2,369.9,0.76,100.23,106.56,0.087,-0.565,9.206,1.538,0.392,1.702,53.73,46.21,6.1,70.9,-44.73,63.32
2026-01-02 01:20:00,R04,Charging,Zone_C,41.64,62.36,23.09,5.17,2.05,3.64,1518.2,42.57,2,10.2,0.71,103.79,219.56,0.17,-0.207,10.117,3.486,0.572,2.946,61.65,47.93,25.46,40.55,-50.98,91.82
2026-01-02 01:21:00,R06,Charging,Zone_D,34.33,43.68,24.71,3.94,0.54,9.77,1754.8,57.27,4,274.5,1.46,102.76,67.96,0.18,-0.637,9.6,2.173,1.619,-0.521,64.3,42.89,7.5,41.63,-52.88,109.36
2026-01-02 01:22:00,R04,Navigation,Zone_A,41.84,50.1,22.77,2.62,0.74,3.51,1222.4,54.04,3,102.3,0.7,103.11,42.85,-0.199,0.409,9.57,-1.947,-1.889,0.686,60.72,51.45,11.72,0.91,-53.4,71.56
2026-01-02 01:23:00,R07,Pick-and-Place,Zone_A,38.81,57.5,23.35,5.29,1.788,10.66,1624.7,43.94,4,322.5,0.09,100.15,26.84,-0.251,-0.017,9.958,-2.189,1.472,-2.45,61.85,38.94,19.09,3.25,-59.03,57.91
2026-01-02 01:24:00,R07,Pick-and-Place,Zone_C,40.83,59.41,25.07,9.36,0.668,2.92,1678.7,50.24,2,227.6,3.07,100.63,54.37,0.11,0.005,10.084,-1.041,0.025,2.022,65.87,40.66,12.41,12.1,-47.54,100.3
2026-01-02 01:25:00,R07,Navigation,Zone_C,39.04,60.27,25.11,1.79,0.618,8.83,1305,56.07,1,338.9,9.39,99.86,176.67,-0.075,-0.164,9.538,-1.137,-4.004,-2.213,57.48,48.87,11.13,17.89,-60.3,117.52
2026-01-02 01:26:00,R01,Inspection,Zone_A,40.11,63.9,23.28,3.06,0.689,9.21,1157.8,53.9,2,38.5,2.35,101.46,356.16,0.324,0.489,9.689,0.288,0.168,-1.729,60.06,51.74,10.33,34.93,-62.94,188.66
2026-01-02 01:27:00,R03,Pick-and-Place,Zone_A,38.04,66.2,22.57,1.9,0.115,11.06,1509.1,45.35,1,33.3,1.64,100.56,89.34,-0.299,0.189,9.517,1.47,-0.859,0.306,62.88,43.15,8.4,11.05,-41.87,143.93
2026-01-02 01:28:00,R01,Navigation,Zone_A,39.79,53.35,22.02,5.17,0.744,5.06,1474.5,54.88,5,128.3,3.75,101.4,139.97,-0.34,-0.095,10.466,-1.636,1.413,0.742,64.57,50.51,2.84,23.34,-52.24,72.81
2026-01-02 01:29:00,R04,Navigation,Zone_D,36.63,60.04,23.55,6.79,0.584,8.7,1596.9,52.43,1,38.6,2.8,102.6,58.21,-0.009,-0.233,9.675,-0.68,-0.822,-0.548,68.42,42.17,5.47,40.05,-49.96,98.34
2026-01-02 01:30:00,R03,Pick-and-Place,Zone_C,45.11,56.92,25.57,5.39,0.809,4.11,1397.7,60.86,4,102.1,1.84,98.03,207.54,-0.258,-0.278,9.994,-0.906,2.396,1.224,70.12,39.39,7.11,27.91,-70.37,130.21
2026-01-02 01:31:00,R07,Pick-and-Place,Zone_C,40.76,47.98,25.29,8.17,0.487,6.3,1620,50.73,2,133.8,5.02,101.47,96.09,-0.045,0.553,9.597,0.553,2.45,-0.93,78.35,54.78,9.65,11.29,-57.41,123.81
2026-01-02 01:32:00,R08,Navigation,Zone_D,42.2,53.71,22.33,5.93,0.842,1.86,1540.4,46.98,6,331.2,0.5,101.26,107.62,-0.3,0.252,9.882,0.247,-3.563,0.206,72.09,40.86,2.34,3,-57.43,116.75
2026-01-02 01:33:00,R07,Navigation,Zone_B,43.07,51.23,24.05,2.19,0.298,6.77,1672.3,53.9,3,124.6,3.39,102.6,126.62,0.217,-0.334,9.664,4.552,-2.072,-2.35,59.46,47.02,22.73,27.1,-56.06,110.18
2026-01-02 01:34:00,R05,Navigation,Zone_D,41.66,55.2,22.37,2.9,0.643,5.57,1380.1,49.23,3,269.2,1.31,101.4,163.69,0.099,-0.438,9.587,-0.763,-2.761,1.166,67.89,48.4,22.39,39.09,-37.99,162.51
2026-01-02 01:35:00,R06,Navigation,Zone_B,39.21,65.09,22.58,5.21,0.655,12.74,1447.5,58.31,2,47.6,2.01,102.2,70.41,0.379,-0.224,10.091,4.364,3.967,2.303,73.59,39.96,4.52,24.09,-48.33,96.33
2026-01-02 01:36:00,R01,Inspection,Zone_B,40.42,53.23,22.46,2.13,0.126,15.44,1419.9,48.44,1,309.7,1.48,101.37,40.21,-0.374,-0.345,9.9,-1.734,0.153,2.066,55.71,45.1,7.18,80.68,-47.85,78.87
2026-01-02 01:37:00,R06,Navigation,Zone_D,39.92,60.52,24.4,2.04,1.46,12.99,1168.4,41,1,133.4,1.75,101.89,91.85,0.162,-0.204,10.294,0.177,3.282,2.896,66.17,52.46,8.41,23.02,-71.97,136.27
2026-01-02 01:38:00,R01,Pick-and-Place,Zone_C,42.19,49.48,25.72,6.15,0.528,13.4,1560.7,48.23,1,73.3,3.38,98.19,63.79,-0.727,0.08,10.064,0.918,0.948,1.052,69.59,45.79,18.96,64.56,-55.59,121.95
2026-01-02 01:39:00,R02,Charging,Zone_C,40.06,44.32,22.5,2.34,0.6,4.61,1692.9,61.07,0,45.9,0.56,97.78,90.83,0.161,-0.29,9.846,-0.308,2.186,-1.633,69.01,46.96,13.11,33.65,-46.78,77.85
2026-01-02 01:40:00,R03,Pick-and-Place,Zone_C,46.42,48.39,24.8,4.94,0.52,2.3,1080.1,51.53,4,16.8,1.59,104.24,77.77,0.283,0.399,9.738,-3.382,0.29,0.406,66.89,50.07,21.05,77.83,-41.76,62.83
2026-01-02 01:41:00,R07,Idle,Zone_C,40.95,49.42,24.34,0.7,0.244,8.26,1370.6,50.17,6,62.8,1.6,101.66,46.03,0.125,0.16,9.815,-0.464,4.659,0.779,71.37,46.05,2.33,46.32,-52.35,111.03
2026-01-02 01:42:00,R08,Pick-and-Place,Zone_A,44.36,57.52,23.22,3.07,5.626,9.18,1387.3,57.72,4,263.5,1.91,100.89,86.1,0.03,0.347,10.037,0.561,-3.65,-2.357,69.37,51.8,10.64,25.49,-31.16,86.15
2026-01-02 01:43:00,R05,Navigation,Zone_A,41.38,44.2,24.08,0.79,0.028,7.6,1461.3,53.42,2,126.1,0.29,103.82,52.75,-0.197,0.658,9.788,1.914,1.202,0.823,71.96,45.84,41.35,10.55,-45.07,102.81
2026-01-02 01:44:00,R03,Navigation,Zone_C,41.63,55.32,23.48,1.87,0.173,7.55,1447.9,52.26,5,351.8,0.4,101.34,329.22,-0.309,0.478,10.241,1.646,-1.804,-1.385,66.39,49.66,14.15,13.99,-57.45,69.95
2026-01-02 01:45:00,R05,Charging,Zone_D,40.98,49.17,22.12,4.34,0.695,7.84,1576.1,52.84,3,74.6,1.97,102.33,164.27,-0.257,0.216,9.878,2.68,0.646,-0.166,67.41,46.57,20.58,8.68,-52.09,154.09
2026-01-02 01:46:00,R04,Navigation,Zone_C,35,66.8,23.39,2.96,0.329,2.53,1619.4,49.13,3,204.8,0.3,102.52,155.17,-0.419,-0.022,10.035,3.352,-1.598,0.413,65.36,54.14,4.06,18.28,-52.68,126.67
2026-01-02 01:47:00,R01,Navigation,Zone_A,36.27,59.14,25.74,0.94,0.611,10.56,1632.6,50.72,4,91.6,0.11,101.1,82.3,0.073,-0.141,9.662,-0.577,-0.591,-3.978,72.74,45.9,15.81,18.42,-66.38,92.75
2026-01-02 01:48:00,R03,Inspection,Zone_D,45.46,44.42,23.15,5.77,1.736,7.59,1588.7,49.92,4,312.2,1.21,96.38,76.42,0.334,0.472,9.807,-0.274,0.871,-2.316,71.55,42.68,16.08,21.47,-53.98,192.13
2026-01-02 01:49:00,R04,Inspection,Zone_D,41.33,49.18,23.87,3.55,0.024,11.23,1597.8,57.8,7,185.6,0.28,100.39,53.42,-0.202,0.032,9.699,0.427,0.007,0.412,63.42,50.9,19.35,55.62,-37.47,89.48
2026-01-02 01:50:00,R07,Navigation,Zone_B,29.06,52.28,23.2,6.32,0.322,7.3,1670.9,50.95,5,85.2,2.39,102.97,75.54,0.199,-0.155,9.494,-3.63,-0.093,0.68,73.02,47.83,9.6,3.53,-62.5,65.83
2026-01-02 01:51:00,R01,Inspection,Zone_B,42.4,54.44,,4.12,3.077,9.74,1466.9,50.63,1,75.9,1.37,98.7,104.08,0.064,-0.192,9.752,0.613,-1.583,1.92,73.64,48.82,4.96,307.39,-53.09,76.35
2026-01-02 01:52:00,R02,Inspection,Zone_C,44.88,48.68,24.9,5.96,0.066,5.34,1276.6,59.9,1,246.5,0.56,98.11,19.19,0.032,-0.45,10.062,0.455,-0.77,-1.748,68.48,49.36,9.1,24.6,-37.52,155.09
2026-01-02 01:53:00,R02,Navigation,Zone_D,45.31,59.5,24.94,4.68,0.104,5.36,1678.5,51.84,3,117.8,0.02,102.74,188.74,0.117,-0.112,9.804,0,-1.85,-1.033,77.49,42.47,7.54,35.64,-47.47,115.96
2026-01-02 01:54:00,R08,Navigation,Zone_C,38.24,51.07,25.16,1.91,0.31,6.4,1130.7,56.56,3,139.7,3.99,101.28,59.43,0.302,-0.034,9.526,-2.567,1.818,2.504,58.42,52.55,12.19,33.3,-52.63,123.23
2026-01-02 01:55:00,R02,Navigation,Zone_B,39.37,41.36,25.19,4.45,0.401,14.31,1754.5,56.51,1,25.4,4.19,99.92,136.28,0.101,-0.101,9.784,0.911,0.153,-1.308,49.88,44.45,9.2,1.76,-45.46,109.49
2026-01-02 01:56:00,R04,Navigation,Zone_C,39.99,65.07,21.86,9.79,1.235,4.73,1455.9,56.52,3,72.4,0.38,102.21,66.81,0.307,0.01,9.27,2.538,4.489,-0.505,65.13,50.15,6.24,13.79,-78.03,145.51
2026-01-02 01:57:00,R04,Inspection,Zone_C,43.27,55.22,25.63,6.66,1.102,1.63,1570,53.96,3,308.2,0.47,100.88,108.22,0.141,0.075,9.462,-0.549,-3.191,-0.276,68.9,56.37,3.36,20.05,-68.74,126.16
2026-01-02 01:58:00,R07,Charging,Zone_B,45.1,63.44,23.96,1.12,0.481,8.58,1552.4,56.5,1,12.4,0.74,106.74,62.88,-0.399,0.12,10.172,0.885,-2.223,2.856,52.1,47.09,11.42,4.88,-54.09,102.69
2026-01-02 01:59:00,R08,Inspection,Zone_A,40.33,71.22,24.38,4,0.193,10.04,1379.2,51.58,3,319,0.82,105.46,114.93,-0.249,0.195,9.828,-0.585,-3.33,0.168,63.63,44.28,10.22,0.31,-53.24,70.01
2026-01-02 02:00:00,R03,Navigation,Zone_B,35.69,55.83,22.15,6.04,0.547,13.31,1312.4,57.51,3,221.5,0.92,102.83,202.63,-0.186,0.475,10.084,0.966,0.982,1.252,64.37,47.11,27.83,1.23,-59.42,152.33
2026-01-02 02:01:00,R07,Navigation,Zone_D,45.18,58.01,23.68,12.45,1.486,14.84,1396.5,54.35,2,345.7,10.34,102.38,75.28,0.037,-0.313,9.755,-2.132,1.725,4.363,69.95,43.54,31.99,60.16,-37.31,161.59
2026-01-02 02:02:00,R05,Inspection,Zone_C,38.19,54.2,22.05,3.84,0.447,3.64,1718.4,55.12,2,313.4,1.94,99.86,37.28,0.13,0.223,9.573,1.248,-2.596,1.475,71.28,55.7,17.43,3.48,-46.53,103.13
2026-01-02 02:03:00,R03,Navigation,Zone_D,36.21,56.17,24.2,1.79,0.716,5.44,1508.6,50.22,3,283,0.61,101.03,99.67,-0.086,0.155,10.016,0.461,4.907,1.736,69.32,50.3,14.89,8.7,-64.73,89.6
2026-01-02 02:04:00,R04,Pick-and-Place,Zone_C,41.77,55.88,25.55,7.46,1.073,7.2,1658.2,46.25,0,104.1,1.11,103.41,23.33,-0.074,-0.216,9.133,-0.434,-2.199,-1.235,64.45,52.35,16.22,1.87,-63.91,130.5
2026-01-02 02:05:00,R05,Inspection,Zone_B,41.6,46.54,24.87,6.22,0.322,9.08,1122.4,54.72,3,160.3,8.27,99.74,200.61,0.202,0.113,9.579,0.827,0.871,3.428,76.48,50.85,6.76,23.28,-40.82,69.4
2026-01-02 02:06:00,R05,Pick-and-Place,Zone_A,36.42,62.57,22.19,2.36,0.16,11.22,1970.2,49.13,3,177.9,3.06,100.67,196.84,0.106,-0.28,9.578,1.629,-1.423,-4.887,72.24,38.46,4.76,144.33,-59.73,84.22
2026-01-02 02:07:00,R04,Navigation,Zone_A,47.67,64.77,24.33,8.61,0.487,11.82,1588.7,52.06,3,388.6,1.61,99.74,62.31,0.213,0.382,9.613,0.15,0.445,-2.085,59.26,42.98,13.93,16.55,-57.96,105.28
2026-01-02 02:08:00,R04,Navigation,Zone_B,36.25,62.27,24.94,1.63,0.808,6.36,1603.1,48.72,0,136.4,0.03,98.15,31.88,0.21,0.224,10.291,-1.546,-0.385,-1.759,66.84,57.24,3.47,55.76,-51.1,171.18
2026-01-02 02:09:00,R06,Pick-and-Place,Zone_D,39.5,58.5,24.47,6.36,0.082,15.43,1329.5,54.73,4,57.2,0.8,100.87,113.42,0.209,0.67,9.596,-2.215,-1.235,-1.7,56.14,45,7.74,0.91,-56.53,63.7
2026-01-02 02:10:00,R06,Navigation,Zone_C,41.14,63.11,24.43,3.56,0.018,2.81,1310.2,53.06,3,281,7.09,104.62,52.76,0.06,-0.189,10.012,1.156,-2.081,-1.984,66.43,47.94,6.21,32.42,-60.81,81.03
2026-01-02 02:11:00,R07,Navigation,Zone_D,43.31,42.11,25.49,2.42,0.047,4.49,1326.8,51.37,4,239.5,1.09,98.43,59.32,-0.358,-0.088,10.105,1.86,-2.043,0.269,76.97,47.65,4.54,31.42,-56.84,131.15
2026-01-02 02:12:00,R05,Inspection,Zone_B,46.9,61.78,23.41,3.94,0.424,9.99,1110.8,51.41,2,298.8,2.36,98.12,52.26,-0.026,0.223,9.52,-2.871,-0.624,0.435,66.9,50.06,3.98,62.52,-48.93,52.15
2026-01-02 02:13:00,R03,Navigation,Zone_B,39,63.38,23.45,2.6,1.596,20.73,1655,59.56,3,189.3,10.09,100.45,143.87,-0.107,0.043,9.88,0.573,1.558,1.102,72.88,45.44,4.66,54.12,-55.55,173.36
2026-01-02 02:14:00,R01,Pick-and-Place,Zone_D,35.36,39.87,22.24,2.76,1.424,11.85,1510.7,58.76,5,225.9,2.54,99.63,134.68,0.157,0.383,10.015,-0.686,3.012,0.775,66.96,35.26,12.43,35.65,-50.51,122.21
2026-01-02 02:15:00,R07,Pick-and-Place,Zone_B,38.14,57.06,24.84,1.63,0.581,6.99,1629.1,46.1,5,395.7,1.26,101.66,96.98,-0.117,0.153,9.683,0.229,1.564,-0.416,59.47,48.26,7.84,1.35,-59.34,76.34
2026-01-02 02:16:00,R03,Pick-and-Place,Zone_D,38.47,62.82,22.08,2.73,0.704,5.46,1650.3,58.02,3,158.5,1.11,104.77,374.13,-0.115,0.375,10.186,1.151,-2.625,0.414,59.39,47.92,32.16,4.28,-64.42,40.94
2026-01-02 02:17:00,R07,Pick-and-Place,Zone_B,40.94,60.33,25.9,3.76,0.06,3.15,1583.2,57.57,4,337.8,8.72,100.88,59.72,-0.195,0.075,9.983,0.969,-0.45,0.446,67.1,46.53,12.6,13.13,-48.61,140.87
2026-01-02 02:18:00,R06,Inspection,Zone_B,38.78,59.05,25.91,2.25,0.613,5.12,1651.1,53.68,0,89.2,1.47,100.78,61.24,-0.03,-0.227,9.878,-2.115,0.982,-0.855,79.16,51.02,14.64,126.54,-47.96,151.49
2026-01-02 02:19:00,R07,Inspection,Zone_C,42.07,58.75,24.56,5.12,0.067,6.68,1365.5,57.16,4,374.7,0.13,102.12,135.01,-0.027,0.115,10.383,1.897,0.059,-1.395,63.25,48.29,7.62,18.18,-59.39,116.87
2026-01-02 02:20:00,R07,Pick-and-Place,Zone_B,41.51,47.42,25.95,1.46,0.246,10.09,1496.8,54.53,2,165.7,0.3,98.59,80.7,-0.383,-0.128,9.382,0.786,1.434,-0.038,66.5,48.25,11.07,21.74,-63.36,93.34
2026-01-02 02:21:00,R02,Inspection,Zone_D,36.75,71.09,23.92,4.11,0.81,8.78,1316.1,54.57,2,175.5,4.68,98.35,62.06,-0.414,-0.082,9.721,-1.737,1.379,0.715,65.67,39.16,5.87,37.7,-48.22,123.74
2026-01-02 02:22:00,R05,Pick-and-Place,Zone_C,37.48,54.06,25.63,3.13,0.03,3.8,1678.1,50.08,4,260.2,0.19,103.5,86.72,0.176,-0.024,9.93,0.425,3.524,0.884,61.8,46.06,18.08,27.44,-55.04,141.12
2026-01-02 02:23:00,R08,Navigation,Zone_A,38.13,67.99,25.49,4.27,0.349,2.71,1563.9,56.7,0,133.3,2.44,102.09,36.06,-0.054,0.032,9.952,0.168,1.368,-0.521,61.17,55.22,2.01,98.97,-64.25,111.01
2026-01-02 02:24:00,R06,Inspection,Zone_B,39.26,57.07,23.21,2.92,1.01,13.58,1506.3,52.63,3,31.1,5.38,101.32,114.64,0.249,0.287,9.46,-0.437,2.305,-0.33,58.22,52.77,18.1,10.33,-54.22,143.53
2026-01-02 02:25:00,R08,Navigation,Zone_B,36.84,66.12,24.47,2.21,0.209,13.38,1753.5,53.47,2,225,3.2,100.5,80.2,-0.261,-0.269,10.172,-2.372,-3.22,-0.652,62.73,49.16,7.17,5.83,-51.25,171.75
2026-01-02 02:26:00,R08,Pick-and-Place,Zone_D,38.68,62.43,24.8,2.33,1.337,13.73,1213.8,59.27,3,190.8,1.25,102.91,108.31,-0.188,-0.243,10.43,0.903,1.794,0.499,70.07,38.64,5.46,24.53,-40.67,80.06
2026-01-02 02:27:00,R01,Navigation,Zone_D,37.25,49.46,23.49,4.31,0.333,8.41,1494.3,55.71,4,253,4.34,103.07,80.94,-0.261,0.036,9.73,-0.186,1.156,-0.96,64.58,53.08,13.9,4.17,-30.98,91.5
2026-01-02 02:28:00,R03,Navigation,Zone_D,42.34,57.52,23.62,2.1,0.179,4.62,1447.4,40.6,6,98,1.48,100.88,121.42,0.134,-0.083,9.997,-1.037,4.97,0.842,60.75,47.21,25.51,30.95,-47.89,77.88
2026-01-02 02:29:00,R01,Inspection,Zone_B,41.78,50.09,24.84,1.16,0.076,1.56,1394.8,54.19,3,204,7.37,96.98,54.25,0.039,-0.126,9.694,3.278,-2.702,1.923,68.65,45.58,15.19,14.33,-58.2,70.47
2026-01-02 02:30:00,R03,Charging,Zone_A,45.76,60.05,22.65,5.3,0.873,3.94,1697,45.61,2,337.4,5.9,99.68,93.54,0.038,-0.138,9.966,-0.777,1.888,1.187,57.58,46.28,8.17,11.49,-49.1,158.65
2026-01-02 02:31:00,R04,Navigation,Zone_A,40.07,54.88,23.68,6.77,0.14,22.38,1413.6,55.94,1,398.9,1.95,102.22,107.54,0.071,0.179,9.675,0.591,-1.36,-0.338,60.02,46.43,6.78,41.33,-33.61,138.31
2026-01-02 02:32:00,R08,Charging,Zone_D,43.52,60.25,22.55,8.99,0.612,7.71,1522.6,52.86,4,44.5,1.46,100.65,101.19,0.291,-0.145,9.64,4.161,1.931,-2.891,56.38,42.2,7.84,85.55,-66.9,160.76
2026-01-02 02:33:00,R04,Navigation,Zone_B,40.19,48.45,22.63,4.75,1.48,9.92,1456.2,52.3,2,174.5,0.13,103.76,327.83,-0.126,0.14,10.446,-0.438,-3.067,-1.526,61.42,50.3,19.71,16.52,-53.67,94.93
2026-01-02 02:34:00,R05,Charging,Zone_D,42.06,61.52,22.56,3.03,2.071,15.41,1232.1,52.08,1,25.9,0.63,97.82,168.19,0.151,0.319,10.214,1.278,-5.1,1.068,66.14,45.84,11.57,14.74,-56.91,103.64
2026-01-02 02:35:00,R02,Navigation,Zone_B,41.55,52.06,24.37,6.86,0.011,3.94,1338.3,47.16,2,305.9,0.98,99.21,101.16,-0.111,-0.176,9.668,-1.78,0.824,-1.764,79.06,53.08,3.99,24.17,-45.05,69.49
2026-01-02 02:36:00,R04,Charging,Zone_B,38.65,44.27,25.31,6.3,0.675,5.72,1168.5,60.72,1,302.3,2.49,99.67,47.16,0.096,-0.142,9.877,1.741,2.606,0.659,71.28,48.2,11.18,25.83,-55.61,57.63
2026-01-02 02:37:00,R06,Inspection,Zone_B,44.03,68.26,23.68,9.26,0.728,6.44,1408.3,51.78,4,132.3,2.31,100.11,103.35,0.082,-0.231,9.6,-1.942,0.103,-0.47,67.66,52.35,8.99,31.42,-46.09,107.19
2026-01-02 02:38:00,R02,Charging,Zone_D,37.36,65.01,22.78,1.07,0.098,6.65,1239.3,50.35,3,110,3.48,103.97,116.19,0.301,-0.159,9.763,-4.538,-3.247,-3.704,73.91,42.95,17.37,10.41,-56.03,98.62
2026-01-02 02:39:00,R06,Inspection,Zone_B,38.79,57.37,24.08,4.65,0.761,6.61,1426,49.68,4,282,0.79,104.83,86.06,0.118,0.147,10.031,2.545,-1.031,1.221,74.27,50.67,10.89,60.32,-38.94,239.43
2026-01-02 02:40:00,R03,Navigation,Zone_A,34.22,58.25,22.17,10.4,0.464,6.64,1638.6,45.53,2,398.9,0.41,105.81,170.17,-0.145,0.23,9.437,1.374,4.813,1.184,80.45,48.34,8.67,1.83,-65.6,90.21
2026-01-02 02:41:00,R07,Pick-and-Place,Zone_B,37.23,59.43,25.54,3.66,0.577,9.61,1705.6,50.14,2,254,0.98,101.67,175.06,0.436,0.183,9.948,-1.458,1.23,-0.313,81.64,42.23,1.39,58.8,-65.57,94.41
2026-01-02 02:42:00,R06,Charging,Zone_D,46.79,61.67,25.6,5.66,1.152,7.55,1804.3,52.08,3,148.3,2.28,102.23,97.87,-0.07,0.353,9.677,0.136,-0.016,0.197,61.21,47.64,8.62,23.32,-62.9,137.8
2026-01-02 02:43:00,R07,Navigation,Zone_B,39.2,48.21,23.46,3.04,0.944,3.93,1631.8,50.29,2,106,1.43,98.79,101.11,0.044,-0.129,9.742,2.206,2.94,-0.593,77.54,47.3,6.01,32.98,-66.96,67.78
2026-01-02 02:44:00,R08,Idle,Zone_B,45.63,48.09,25.68,2.6,0.072,5.6,1624.3,43.76,7,231.6,4.49,100.97,48.28,-0.011,-0.606,9.779,3.412,4.515,2.376,71.59,46.34,18.29,10.82,-44.21,96.41
2026-01-02 02:45:00,R01,Navigation,Zone_B,36.04,55.26,24.96,7.05,1.63,7.84,1682.9,52.59,5,385.1,2.17,100.61,214.36,0.105,0.05,10.087,2.083,-2.072,-0.005,70.06,37.63,29.11,26.5,-55.11,127.95
2026-01-02 02:46:00,R04,Pick-and-Place,Zone_B,40.91,50.34,24.15,6.01,0.402,17.78,1587.4,59.96,7,158.8,3.89,102.81,42.27,-0.082,0.031,10.256,-0.341,1.158,3.066,77.09,48.41,5.17,7.36,-46.45,171.06
2026-01-02 02:47:00,R03,Navigation,Zone_C,42.18,44.82,25.56,5.39,0.216,4.86,1328.4,45.7,2,71.4,0.63,105.21,86.56,0.085,0.365,9.602,0.425,1.403,0.733,59.2,53.78,10.1,21.68,-58.95,82.19
2026-01-02 02:48:00,R06,Navigation,Zone_B,37.85,60.69,23.84,1.15,1.329,7.96,1685.1,44.31,3,159.8,0.27,103.15,90.25,-0.434,-0.454,9.492,1.318,2.222,-3.628,72.67,45.92,10.94,4.35,-43.18,130.28
2026-01-02 02:49:00,R05,Navigation,Zone_B,38.1,55.76,22.3,6.22,0.262,12.04,1465.8,53.83,5,153.5,2.83,99.16,47.35,-0.779,-0.248,9.359,0.674,0.891,1.182,75.97,48.4,5.87,6.68,-52.15,100.75
2026-01-02 02:50:00,R05,Inspection,Zone_B,43.61,55.92,25.52,2.2,1.093,9.87,1671.9,56.88,3,18.4,3.11,103.2,72.82,0.203,0.234,10.083,1.39,-0.417,1.907,55.53,47.18,6.1,0.66,-43.23,171.16
2026-01-02 02:51:00,R06,Navigation,Zone_B,36.27,60.93,23.83,9.34,0.493,6.48,1409,55.54,2,137.3,0.47,97.38,176.95,-0.28,0.283,9.788,1.188,0.198,-2.259,66.33,50.07,5.35,19.21,-50.29,61.99
2026-01-02 02:52:00,R01,Pick-and-Place,Zone_C,42.46,62.82,23.96,6.74,0.165,5.62,1444.5,51.26,2,224.1,0.36,100.41,100.6,0.374,-0.282,9.752,0.18,-1.51,0.18,68.19,46.86,11.82,1.91,-64.71,85.91
2026-01-02 02:53:00,R07,Pick-and-Place,Zone_D,40.02,59.55,23.8,0.47,0.033,12.69,1611.3,53.92,4,356.2,7.25,100.44,36.56,0.28,0.038,9.939,-0.555,-2.324,5.132,75.46,40.48,11.73,28.63,-36.47,159.87
2026-01-02 02:54:00,R03,Inspection,Zone_D,41.8,41.29,22.38,5.24,0.467,7.15,1011.5,56.24,3,309.2,1.4,101,98.33,0.395,-0.064,9.921,-1.978,-0.593,1.656,72.07,43.98,34.92,20.89,-62.3,63.79
2026-01-02 02:55:00,R01,Navigation,Zone_C,47.04,55.38,23.87,8.02,0.028,5.96,1279.9,59.34,2,80.5,1.87,103.72,110.43,-0.243,0.01,9.933,0.437,7.243,-1.948,70.46,53.47,37.65,8.97,-66.53,99.08
2026-01-02 02:56:00,R07,Navigation,Zone_A,36.17,55.9,24.16,6.45,0.911,16.2,1309.3,53.45,0,228.9,2.73,105.16,71.83,0.059,0.282,10.024,2.236,-0.766,-2.6,66.51,54.01,7.24,14.45,-37.49,138.48
2026-01-02 02:57:00,R06,Navigation,Zone_B,41.65,55.34,23.56,6.92,0.914,4.57,1401.4,54.46,3,35.9,0.23,100.23,61.67,0.264,0.283,10.039,-0.086,4.137,0.798,69.09,44.89,17.06,56,-58.25,137.38
2026-01-02 02:58:00,R02,Charging,Zone_A,40.27,59.92,22.42,3.74,0.261,9.27,1248.3,42.01,2,373.8,0.06,101.49,163.82,-0.005,-0.449,9.298,-2.838,2.957,-0.811,58.33,48.45,12.92,20.22,-54.61,118.23
2026-01-02 02:59:00,R03,Navigation,Zone_D,43.52,66.01,25.77,1.58,0.084,7.1,1570,46.12,5,10.7,15.08,101.77,100.3,0.067,-0.045,10.305,-1.135,-1.282,3.718,60.09,48.77,2.72,33.14,-45.26,118.58
2026-01-02 03:00:00,R06,Inspection,Zone_A,40.85,61.05,25.3,0.67,2.167,9.84,1657,60.23,5,40.6,0.21,100.27,94.8,0.303,-0.28,9.809,1.886,-0.135,1.163,75.64,50.81,18.61,63.32,-57.76,89.55
2026-01-02 03:01:00,R07,Inspection,Zone_A,38.35,60.53,25.53,2.12,0.06,7.02,1475.5,51.23,6,60.9,4.7,104.72,73.82,-0.127,0.503,9.992,0.564,2.056,-1.239,51.92,51.36,28.91,26.65,-53.5,125.18
2026-01-02 03:02:00,R03,Charging,Zone_C,38.47,44.79,23.27,1.54,0.771,9.78,1335.7,52.57,3,353.4,0.8,101.9,104.83,0.097,-0.642,9.875,0.06,-1.69,-0.166,64.63,53.16,23.46,63.8,-61.91,96.42
2026-01-02 03:03:00,R02,Inspection,Zone_B,42.58,57.58,23.45,2.59,0.221,10.33,1630,55.46,5,137.5,1.2,96.08,53.46,0.333,0.054,9.885,2.509,3.658,1.204,65.7,49.8,8.64,12.04,-48.29,107.25
2026-01-02 03:04:00,R08,Navigation,Zone_C,42.8,54.7,25.03,6.13,0.519,6.31,1118.9,51.65,4,36.6,2.32,104.41,117.64,-0.035,-0.251,10.102,1.441,-0.091,1.112,58.76,46.36,3.57,19.96,-53.77,84.36
2026-01-02 03:05:00,R03,Idle,Zone_B,41.78,65.71,24.26,6.45,1.148,5,1402.8,51.37,8,74.5,0.73,98.47,117.15,0.314,-0.1,9.509,-0.456,-1.239,-1.882,56.66,50.82,18.06,16.13,-59.64,117.79
2026-01-02 03:06:00,R01,Inspection,Zone_D,42.38,49.51,22.67,2.43,0.837,3.68,1273.4,45.04,1,11.3,3.35,99.13,78.16,-0.237,0.074,10.506,-1.768,-4.23,-1.92,58.94,44.92,8.46,19.23,-66.01,98.54
2026-01-02 03:07:00,R03,Navigation,Zone_D,42.1,59.31,23.61,11.38,0.183,6.53,1674.8,49.07,4,161.8,2.56,100.75,148.41,-0.04,-0.146,9.258,0.296,1.345,-1.904,71.76,44.35,11.82,12.39,-46.18,87.34
2026-01-02 03:08:00,R01,Pick-and-Place,Zone_D,35.05,56.02,24.63,4.28,1.272,5.59,1508.8,52.75,5,28.5,4.77,102.92,63.27,0.455,-0.334,10.01,0.5,0.589,-0.18,73.31,47.45,16.91,51.54,-61.34,53.3
2026-01-02 03:09:00,R06,Navigation,Zone_A,43.16,61.61,22.56,5.23,1.157,24.59,1230.1,51.52,2,36.6,0.54,105.26,133.84,0.083,0.486,9.127,-1.987,-1.597,-0.275,64.66,46.24,11.65,2.85,-51.77,114.88
2026-01-02 03:10:00,R07,Inspection,Zone_C,40.41,48.43,22.1,7.34,0.924,4.46,1415.3,49.07,1,329.7,1.57,104.69,108.88,-0.149,0.189,9.799,-1.097,1.535,-2.993,66.31,46.96,13.12,25.22,-59.25,109.38
2026-01-02 03:11:00,R04,Navigation,Zone_D,35.9,57.77,24.88,1.15,4.73,2.26,1408.4,50.84,2,387.8,0.26,100.01,151.45,0.295,-0.155,9.491,-0.79,-0.592,2.395,65.6,38.85,15.51,18.28,-53.97,208.69
2026-01-02 03:12:00,R04,Idle,Zone_D,52.38,72.34,24.69,3.53,0.732,5.58,1334.6,52.6,1,148.4,1.12,101.63,74.05,0.178,-0.588,9.961,1.71,0.463,1.246,75.66,45.22,14.14,13.19,-50.99,102.39
2026-01-02 03:13:00,R04,Inspection,Zone_D,41.39,57.9,23.38,2.9,4.283,3.68,1607.3,55.05,0,325.4,0.03,98.67,103.55,-0.463,-0.427,10.131,6.098,0.466,0.971,58.16,40.34,7.1,1.46,-53.2,153.87
2026-01-02 03:14:00,R07,Navigation,Zone_B,37.36,56.61,24,1.27,0.394,4.89,1428.8,56.04,8,192.6,3.64,101.28,150.69,-0.203,-0.329,10.161,-2.723,0.239,1.673,63.02,46.13,5.09,0.21,-59.24,115.97
2026-01-02 03:15:00,R08,Navigation,Zone_A,44.39,55.85,23.95,3.34,0.83,7.3,1475.3,44.94,2,32.9,8.85,99.39,57.04,0.211,0.639,9.497,-0.217,0.036,0.76,57.44,44.49,9.24,1.24,-43.6,166.59
2026-01-02 03:16:00,R05,Navigation,Zone_C,41.03,73.12,25.72,3.18,0.549,6.75,1625.6,50.2,2,110.4,2.87,100.27,115.48,0.329,0.145,9.416,0.238,-0.433,-1.325,67.32,43.16,16.82,70.59,-45.48,138.96
2026-01-02 03:17:00,R07,Pick-and-Place,Zone_A,45.07,32.24,24.69,8.04,3.053,11.37,1366.7,54.24,3,273.4,1.75,101.26,127.81,0.051,-0.006,10.116,0.335,-2.955,0.569,58.67,56.62,1.57,21.17,-45.12,112.82
2026-01-02 03:18:00,R02,Pick-and-Place,Zone_B,38.01,46.67,23.16,2.99,0.428,3.98,1306.1,49.82,4,276,1.3,100.18,90.77,0.206,0.061,9.993,-0.407,-0.748,-0.769,65.65,46.14,13.09,81.46,-48.87,124.54
2026-01-02 03:19:00,R06,Pick-and-Place,Zone_D,38.42,60.88,25.07,4.74,0.557,1.16,1436.8,46.13,1,248.6,1.08,101.97,125.95,0.549,0.003,9.818,-2.311,2.091,-0.485,77.45,54.26,9.34,76.02,-58.01,143.65
2026-01-02 03:20:00,R02,Inspection,Zone_B,38.12,44.5,24.73,6.82,0.09,11.73,1634.1,49.62,3,240.3,0.17,98.54,78.24,-0.013,-0.104,9.724,-1.069,-1.13,-0.332,69.38,47.3,4.05,6.02,-42.71,124.76
2026-01-02 03:21:00,R02,Navigation,Zone_D,46.07,56.23,23.04,2.58,1.245,7.69,1423.7,43.22,5,152.7,1.17,99.13,67.51,0.376,-0.323,10.184,-0.566,-0.301,-0.169,72.13,51.87,5.61,40.72,-63.05,82.8
2026-01-02 03:22:00,R04,Idle,Zone_B,40.04,38.16,24.38,6.91,0.291,9.28,1396.7,60.66,1,248,3.72,104.3,62.18,0.359,0.224,9.674,0.84,4.942,2.524,65.7,44.25,14.61,1.57,-52.64,109.79
2026-01-02 03:23:00,R07,Navigation,Zone_C,39.43,42.48,23.19,6.64,0.689,8.52,1422.6,51.71,2,167,0.11,100.69,125.04,-0.108,-0.053,9.865,-0.569,0.194,0.187,75.46,57.2,14.37,83.23,-56.61,173.95
2026-01-02 03:24:00,R05,Pick-and-Place,Zone_B,36.65,53.01,21.99,1.8,0.593,5.94,1449,54.09,3,243.8,0.07,100.86,162.41,-0.093,-0.048,10.073,3.283,-0.211,1.136,71.14,44.41,3.16,19.41,-62.39,139.1
2026-01-02 03:25:00,R03,Pick-and-Place,Zone_A,38.61,38.17,23.54,4.2,0.162,9.42,1309.9,43.44,2,210.9,7.31,101.41,77.51,-0.48,0.09,9.491,-0.88,-2.463,-0.451,63.69,49.03,10.72,10.75,-46.28,69.4
2026-01-02 03:26:00,R06,Inspection,Zone_A,39.25,63.45,24.12,10.03,0.083,12.75,1459.8,48.89,6,60.5,0.51,100.27,56.14,-0.276,0.102,10.017,2.732,3.037,-0.352,79.87,48.3,1.07,19.34,-42.23,82.84
2026-01-02 03:27:00,R07,Inspection,Zone_D,40.02,49.46,23.67,3.43,0.186,6.25,1341.4,50.18,3,329.4,2.15,104.47,208.77,-0.574,0.195,9.709,0.691,5.121,0.051,70.37,42.26,13.58,37.75,-60.62,97.87
2026-01-02 03:28:00,R07,Pick-and-Place,Zone_D,39.82,60.61,22.66,4.11,2.491,9.37,1194.4,56.39,6,291.5,0.15,97.99,70.8,0.111,0.069,9.714,1.586,-1.927,1.349,72.27,47.13,17.03,5.95,-56.84,99.35
2026-01-02 03:29:00,R03,Idle,Zone_B,40.45,55.96,24.08,5.15,1.802,6.35,1162.5,56.15,5,146.1,0.03,103.68,74.33,0.079,-0.212,9.79,-1.798,-3.665,0.608,56.97,48.14,4.26,96.25,-62.6,149.94
2026-01-02 03:30:00,R07,Pick-and-Place,Zone_B,40.98,42.69,24.92,6.3,0.014,12.26,1351.2,48.57,3,118.4,0.95,95,64.67,0.698,0.342,9.568,0.309,2.323,-0.117,59.4,46.98,9.97,7.76,-48.85,149.39
2026-01-02 03:31:00,R04,Inspection,Zone_A,39.27,54.28,24.15,6.85,0.374,10.69,1796,47.93,0,250.4,3.63,100.74,146.75,0.201,0.268,9.648,2.727,-0.604,1.995,53.83,52.47,17.63,14.72,-60.02,150.99
2026-01-02 03:32:00,R01,Navigation,Zone_A,39.84,68.62,24.07,4.84,2.964,5.17,1379.4,55.68,5,240,2.86,102.37,129.84,0.21,-0.407,9.976,2.097,-1.76,-1.893,56.44,39.89,9.83,19.03,-53.11,104.36
2026-01-02 03:33:00,R08,Pick-and-Place,Zone_D,40.99,49.31,22.93,4.63,0.324,9.35,1068.2,58.48,3,172.8,0.92,100.12,62.33,-0.013,-0.155,9.466,-1.861,-1.547,-0.797,52.67,56.23,7.01,0.66,-52.6,71.97
2026-01-02 03:34:00,R06,Inspection,Zone_D,33.77,49.99,23.09,2.55,0.105,5.01,1514.1,49.65,1,270.7,3.39,104.43,148.25,-0.098,0.171,9.725,-0.721,1.911,-0.611,67.23,40.5,14.79,32.23,-46.41,72.18
2026-01-02 03:35:00,R07,Pick-and-Place,Zone_B,43.34,66.26,25.53,3.5,0.973,4.34,1262.9,56.94,4,316.7,1.09,105.53,89.18,0.447,-0.077,9.894,-0.655,-0.224,0.321,73.27,42.84,3.11,17.45,-57.93,98.15
2026-01-02 03:36:00,R06,Charging,Zone_A,38.05,58.9,22.51,8.1,1.54,3.48,1580.7,53.39,2,360,7.83,100.59,18.38,0.271,0.255,9.785,2.547,-3.674,-1.159,75.91,49.24,5.61,48.05,-59.5,123.9
2026-01-02 03:37:00,R05,Charging,Zone_B,42.42,57.56,22.6,3.05,0.298,3.79,1554.5,54.87,5,147.8,0.6,101.53,140.67,0.153,0.007,9.465,0.855,-2.478,0.083,67.14,47.56,19.02,9.42,-56.66,106.29
2026-01-02 03:38:00,R08,Charging,Zone_D,43.12,61.68,25.43,5.43,0.249,7.1,1566.3,52.37,3,28.8,4.07,105.7,127.07,-0.021,-0.142,9.832,0.135,-0.652,0.134,59.18,48.25,22.45,28.76,-55.42,104.09
2026-01-02 03:39:00,R05,Pick-and-Place,Zone_B,36.63,57.4,22.87,2.83,0.631,11.76,1249.4,52.97,5,381.9,9.08,104.67,107.93,-0.094,0.369,9.665,-1.929,-2.534,2.818,59.69,54.82,23.25,11.18,-49.62,94.35
2026-01-02 03:40:00,R05,Navigation,Zone_A,36.77,48.91,22.29,4.04,1.997,4.83,1960.7,53.36,4,84.7,0.87,99.2,86.78,-0.101,-0.242,9.705,0.401,-2.709,0.114,63.44,49.78,10.94,4.82,-47.87,263.91
2026-01-02 03:41:00,R08,Idle,Zone_A,38.95,46.94,22.28,3.76,0.052,14.45,1482.6,45.8,2,194.5,2.36,98.67,87.36,-0.073,-0.072,10.58,2.143,0.752,-1.964,75.86,46.5,11.88,7.18,-46.89,84.49
2026-01-02 03:42:00,R07,Idle,Zone_A,38.15,71.45,23.64,5.85,0.598,4.24,1182.4,45.89,5,396.5,0.44,103.24,353.58,0.205,-0.327,9.929,-4.322,0.752,-1.283,42.84,51.46,19.8,3.89,-63.29,75.18
2026-01-02 03:43:00,R05,Pick-and-Place,Zone_C,41.41,60.17,25,2.21,0.626,10.86,1234.3,49.18,2,214.7,1.04,102.08,58.57,-0.113,0.081,10.145,-1.529,4.906,0.704,67.26,39.6,3.04,27.53,-43.51,77
2026-01-02 03:44:00,R01,Inspection,Zone_D,39.18,68.16,23.5,7.63,0.76,8.01,1639.4,54.21,3,80.8,1.2,102.48,43.63,-0.269,0.117,10.258,-0.121,2.92,-2.244,69.48,50.62,18.07,27.3,-55.18,55.62
2026-01-02 03:45:00,R01,Inspection,Zone_A,41.14,42.83,23.11,3.94,0.04,9.41,1469.2,50.93,2,66,5.64,102.83,108.31,-0.106,0.217,9.916,-2.059,-0.703,4.263,58.9,48.16,7.61,1.81,-66.84,171.12
2026-01-02 03:46:00,R03,Pick-and-Place,Zone_B,45.62,52.81,24.81,8.44,0.152,3.63,1378,55.5,3,336,3.4,99.49,107.53,0.116,-0.074,10.18,-3.243,0.384,-1.446,74.81,49.04,16.72,37.4,-59.14,137.06
2026-01-02 03:47:00,R02,Charging,Zone_B,38.22,62.24,24.55,7.94,0.364,5.24,1562.4,49.71,3,,1.98,102.42,126.79,0.2,-0.114,9.657,-1.429,1.797,3.607,64.13,55.03,10.52,36.87,-49.52,83.76
2026-01-02 03:48:00,R06,Pick-and-Place,Zone_B,40.5,46.83,23.79,7.76,0.394,5.2,1363.6,54.43,2,22.3,3.2,100.52,96.46,0.096,0.014,10.147,-1.575,-4.789,-1.773,65.2,49.07,5.06,34.87,-54.51,51.21
2026-01-02 03:49:00,R02,Inspection,Zone_B,38.71,53.44,22.74,5.74,1.37,2.77,1460.7,61.07,5,218.3,0.17,100.59,116.06,0.199,0.016,10.214,0.234,0.716,0.252,56.35,46.49,14.79,4.7,-50.37,167.2
2026-01-02 03:50:00,R08,Navigation,Zone_C,41.66,54.85,24.84,3.1,0.031,16.25,1539,51.12,8,128.4,4.61,105.49,83.92,-0.115,-0.054,9.732,0.656,-2.814,-1.396,65.42,42.35,4.92,8.74,-49.06,74.8
2026-01-02 03:51:00,R08,Pick-and-Place,Zone_D,45.37,54.76,23.75,1.95,0.267,11.17,1469.4,55.77,2,253.5,0.99,100.44,92.56,0.031,0.064,9.72,1.946,0.033,0.17,72.86,44.98,24,147.82,-39.29,76.24
2026-01-02 03:52:00,R04,Pick-and-Place,Zone_A,38.45,61.13,23.87,3.14,0.144,3.42,1202.3,52.23,3,101.8,0.61,100.56,151.26,-0.109,-0.41,9.638,-1.789,2.886,-0.62,65.37,46.84,4.07,8.38,-54.09,62.92
2026-01-02 03:53:00,R03,Pick-and-Place,Zone_A,40.52,44.08,23.54,3.15,0.59,4.56,1784.4,49.99,0,185.8,0.77,101.79,52.73,-0.275,0.253,9.618,-4.427,-4.537,2.891,65.43,52.27,11.25,1.61,-61.92,91.72
2026-01-02 03:54:00,R05,Pick-and-Place,Zone_D,47.78,55.87,22.01,2.3,0.901,12.16,1540.4,56.29,3,280.2,7.19,103.15,87.86,0.37,0.869,9.959,3.731,-0.709,-0.902,62.69,47.91,11.7,12.52,-71.52,94.29
2026-01-02 03:55:00,R06,Charging,Zone_D,49.37,49.77,24.84,1.86,1.242,5.15,1750,59.45,1,30.1,4.55,102.87,88.77,0.207,-0.003,10.03,0.171,1.139,-3.148,76.39,46.96,16.55,9.08,-60.16,94.6
2026-01-02 03:56:00,R02,Idle,Zone_C,38.19,55.94,24.02,8.52,0.905,10.61,1521.8,60.2,3,354.4,5.44,104.3,157.44,-0.564,0.106,10.028,-2.874,-1.356,-0.68,66.12,48.55,3.89,56.07,-60.78,160.12
2026-01-02 03:57:00,R08,Idle,Zone_B,30.1,69.61,23.01,9.12,0.191,7.08,1182.1,56.97,2,175.8,3.87,103.87,130.86,-0.284,-0.03,9.911,-3.296,-0.043,-3.126,63.58,53.5,10.63,30.36,-53.17,63.4
2026-01-02 03:58:00,R04,Inspection,Zone_A,43.11,62.11,23.81,1.84,0.025,3.51,1508.7,51.42,5,395,2.99,104.29,88.89,0.206,0.276,9.393,1.551,-0.442,-2.323,60.07,44.71,5.25,15.44,-57.65,86.33
2026-01-02 03:59:00,R08,Pick-and-Place,Zone_B,38.58,63.71,25.05,4.71,0.016,,1339.7,53.79,3,381.2,0.63,100.58,161.49,0.129,0.077,9.376,-1.181,0.704,1.005,66,51.44,10.75,3.76,-59.8,56.88
2026-01-02 04:00:00,R02,Pick-and-Place,Zone_A,40.53,50.37,23.12,4.54,1.09,10.93,1536.2,57.11,3,350.3,0.92,99.22,53.7,0.096,-0.12,10.238,-1.948,-1.574,-2.312,72.04,42.27,6.01,65.4,-70.44,86.29
2026-01-02 04:01:00,R03,Navigation,Zone_B,34.12,68.5,24.39,4.89,0.144,10.62,1628.6,45.92,2,332.4,0.47,98.07,142.92,-0.07,-0.103,9.482,-0.387,0.201,-2.691,81.11,48.6,2.18,9.03,-54,139.69
2026-01-02 04:02:00,R05,Navigation,Zone_C,38.72,53.69,25.49,3.05,0.237,6.48,1569.3,56.08,4,80.5,0.38,102.62,63.03,-0.035,-0.251,9.848,2.108,-0.036,-0.001,68.9,50.34,31.12,8.1,-60.43,122.11
2026-01-02 04:03:00,R02,Idle,Zone_D,42.08,57.34,23.17,4.96,1.604,6.77,1391.2,51.37,5,179.7,3.54,102.26,111.91,0.235,0.08,9.475,-0.733,1.571,2.958,60.81,42.12,24.1,8.77,-47.01,78.01
2026-01-02 04:04:00,R04,Navigation,Zone_B,39.65,42.53,25.7,14.98,2.656,12.26,1598.1,46.99,3,293.3,0.05,99.84,38.36,0.064,0.281,9.773,1.134,-1.077,2.726,72.9,54.74,2.73,21.77,-57.05,135.49
2026-01-02 04:05:00,R06,Navigation,Zone_C,41.11,53.76,25,1.06,,10.66,1201.2,55.91,2,200.8,1.41,101.06,77.14,0.337,-0.389,9.611,-1.164,1.252,-2.416,71.47,41.94,4.25,13.53,-56.49,85.55
2026-01-02 04:06:00,R07,Pick-and-Place,Zone_D,37.31,61.06,23.13,2.17,1.749,8.57,1633.1,58.94,6,157.7,2.01,103.81,109.75,0.5,0.157,9.621,-1.75,2.38,-0.629,74.56,48.03,1.01,14.73,-68.53,74.77
2026-01-02 04:07:00,R04,Navigation,Zone_B,46.42,51.2,23.27,11.07,1.163,7.19,898.8,47.4,6,370.2,2.37,103.51,95.57,-0.322,-0.007,9.584,1.307,-0.578,-0.936,69.39,44.95,8.47,6.16,-54.25,127.21
2026-01-02 04:08:00,R04,Navigation,Zone_A,41.57,59.8,25.07,9.81,0.507,10.18,1304.8,53.81,2,164.5,1.62,103.77,125.62,0.183,0.331,10.176,1.334,-1.157,2.066,65.94,45.38,5.12,23.92,-56.63,98.56
2026-01-02 04:09:00,R06,Pick-and-Place,Zone_A,45.31,50.33,23.52,3.78,0.769,4,1370,53.96,8,250.3,5.07,97.29,60.26,-0.201,0.106,10.317,0.731,0.649,-2.249,74.95,51.94,6.85,3.08,-30,57.94
2026-01-02 04:10:00,R06,Charging,Zone_A,36.34,56.3,22.37,3.23,0.303,6.55,1318.5,50.16,2,124.2,0.11,102.3,82.07,-0.14,-0.233,9.54,1.194,1.139,-1.696,66.99,47.54,4.81,10.34,-53.71,95.53
2026-01-02 04:11:00,R02,Idle,Zone_B,39.2,60.41,22.24,4.24,2.249,2.57,1345.8,52.45,6,131.5,0.68,101.8,41.93,0.024,0.556,10.504,-2.13,-3.505,0.063,62.66,52.19,2.78,7.76,-52.02,58.56
2026-01-02 04:12:00,R04,Idle,Zone_A,43.44,59.12,24.12,5.04,1.356,4.24,1440.2,59.12,1,332.6,0.75,100.48,124.78,-0.058,0.174,9.345,-3.141,1.396,-0.143,65.9,49.26,23.41,15.96,-68.03,100.26
2026-01-02 04:13:00,R08,Idle,Zone_B,40.17,49.54,23.86,0.93,0.791,10.51,1459,55.25,3,112.9,6.28,103.65,75.45,0.212,-0.074,9.963,-0.552,-0.403,-1.711,60.84,51.84,9.53,56.35,-56.84,61.67
2026-01-02 04:14:00,R06,Pick-and-Place,Zone_D,37.81,62.35,23.65,4.35,0.829,3.32,1302.5,49.91,2,144,2.4,102.76,63.9,-0.306,-0.219,9.816,-1.411,1.933,0.523,74.73,53.33,8.24,41.49,-54.38,91.77
2026-01-02 04:15:00,R04,Charging,Zone_B,34.67,63.13,23.9,5.89,2.886,13.4,1295.1,51.72,3,123.7,3.73,99.46,120.2,-0.547,0.372,9.852,0.523,2.607,0.569,57.4,46.56,3.68,1.49,-67.52,86.45
2026-01-02 04:16:00,R01,Idle,Zone_B,45.3,48.93,22.72,5.73,0.06,12.53,924.9,39.7,0,276.9,0.39,104.38,191.15,0.066,-0.174,9.292,-3.26,4.512,-3.667,62.52,45.9,10.1,13.87,-64.95,96.97
2026-01-02 04:17:00,R05,Pick-and-Place,Zone_D,39.12,52.34,24.26,1.71,0.095,3,1479.4,51.25,2,149,2.02,101.01,115.02,-0.111,-0.227,10.005,-0.746,-2.843,-1.356,55.67,50.5,23.41,68.53,-47.02,62.05
2026-01-02 04:18:00,R02,Pick-and-Place,Zone_A,40.3,54.63,22.55,1.96,0.249,2.18,1278,49.87,4,270.3,1.85,102.02,72.73,-0.155,0.179,10.051,2.267,2.059,0.444,53.46,44.84,8.36,13.88,-72,155.19
2026-01-02 04:19:00,R02,Pick-and-Place,Zone_C,37.66,52.58,22.46,4.43,1.597,6.11,1322.6,58.2,2,223.6,1.34,101.5,110.57,0.247,-0.337,9.262,-1.427,-0.361,-2.686,74.25,47.9,12.49,0.09,-41.13,73.77
2026-01-02 04:20:00,R01,Navigation,Zone_A,41.04,67.7,25.84,2.86,0.825,4.17,1485.6,41.79,1,303.1,0.87,97.52,248.79,0.897,0.17,9.949,-1.078,2.583,-2.446,66.53,49.66,15.55,38.1,-44.61,124.8
2026-01-02 04:21:00,R07,Pick-and-Place,Zone_D,43.89,38.97,25.25,5.02,0.306,9.09,1209.6,47.38,2,23.6,1.83,99.18,53.24,0.054,0.08,9.276,1.433,-1.45,1.524,63.47,48,3.55,44.47,-50.65,196.69
2026-01-02 04:22:00,R06,Charging,Zone_A,41.44,61.72,23.14,4.99,2.02,11.5,1723.1,45.18,4,18.3,5.93,102.1,100.18,0.382,-0.322,9.953,2.609,-1.688,2.823,69.93,46.53,8.12,17.87,-52.71,81.5
2026-01-02 04:23:00,R05,Idle,Zone_D,41.12,52.76,24.18,3.78,2.344,1.65,1426.4,52.2,4,278,0.25,103.02,74.86,0.397,-0.187,9.697,-1.458,0.905,-3.381,67.74,48.03,2.6,31.6,-60.38,158.2
2026-01-02 04:24:00,R05,Pick-and-Place,Zone_B,41.79,65.5,23.06,2.37,0.756,9.48,1780.7,56.44,3,87.8,3.58,102.83,72.15,-0.009,-0.508,9.462,1.083,-4.731,1.697,57.31,51.94,3.09,34.16,-56.8,114.78
2026-01-02 04:25:00,R06,Navigation,Zone_B,37.93,60.8,25.38,1.69,1.117,14.05,1360.5,56.57,0,270.3,0.35,100.54,65.59,0.06,-0.544,9.517,0.666,-1.479,-0.854,55.34,48.95,22,23.5,-58.42,149.01
2026-01-02 04:26:00,R03,Navigation,Zone_A,39.91,43.5,22.16,2.62,0.544,9.29,1576.4,52.06,2,129,1.64,102.71,210.75,-0.128,0.248,9.687,-0.738,0.771,1.976,69.29,48.19,9.6,0.57,-61.85,132.34
2026-01-02 04:27:00,R01,Pick-and-Place,Zone_A,33.36,61.25,23.43,7.75,0.42,10.16,1534.2,36.81,5,383.8,5.26,97.62,87.72,-0.359,0.655,9.46,3.341,-2.219,0.481,60.21,51.62,20.24,108.01,-56.99,128.64
2026-01-02 04:28:00,R03,Idle,Zone_D,40.23,42.1,25.63,3.18,2.42,14.14,1733.2,56.28,5,219.7,4.18,103.08,122.77,-0.305,-0.056,9.471,-1.045,-1.42,-0.494,66.47,57.65,5.15,8.35,-47.58,157.43
2026-01-02 04:29:00,R03,Navigation,Zone_A,44.09,51.36,21.98,1.77,0.452,5.47,1716.8,54.48,3,192.4,4.29,99.43,42,0.309,-0.328,10.187,3.805,1.16,0.624,64.24,47.79,9.48,6.09,-54.89,101.26
2026-01-02 04:30:00,R03,Navigation,Zone_C,39.82,60.23,23.21,2.66,0.868,3.46,1345.1,49.93,3,106.4,5.75,103.44,85.44,-0.013,0.024,9.745,-3.317,-0.479,3.441,74.58,50.82,8.29,44.96,-69.01,69.15
2026-01-02 04:31:00,R08,Charging,Zone_B,34.5,47.71,24.42,5.62,0.09,2.92,1224.1,43.17,2,65.7,0.88,103.18,179.64,-0.216,0.487,9.922,-0.997,-3.067,-1.923,61.82,58.54,16.82,25.75,-43.31,224.98
2026-01-02 04:32:00,R06,Charging,Zone_B,36.51,50.52,24.16,9.38,,4.65,1135.1,53.54,3,76.1,0.15,103.5,67.86,-0.01,-0.775,10.197,-1.034,-0.819,1.138,76.68,50.79,2.42,6.88,-53.05,76.41
2026-01-02 04:33:00,R06,Navigation,Zone_A,39.1,65.78,23.59,1.74,0.748,6.73,1521.6,56.78,4,348.1,2.49,98.8,54.49,-0.015,-0.182,9.427,-2.111,-1.136,1.978,67.96,45.13,20.49,11.12,-65.66,101.03
2026-01-02 04:34:00,R05,Inspection,Zone_B,43.36,45.26,23.86,4.75,0.188,6.93,1641.8,46.99,6,397.7,0.81,101.32,303.33,-0.264,0.081,9.9,-3.933,-0.202,-1.567,51.88,51.28,14.49,41.09,-58.06,85.57
2026-01-02 04:35:00,R05,Charging,Zone_C,37.48,49.75,23.05,2.25,1.307,5.67,1509,48.14,0,229.5,1.05,101.6,39.31,0.402,-0.089,10.019,-2.759,0.48,3.595,63.02,43.6,24.56,0.75,-53.95,126.07
2026-01-02 04:36:00,R08,Inspection,Zone_B,40.3,53.68,24.13,2.52,0.064,9.98,1555.3,58.62,2,235.8,5.19,108,145.23,-0.193,0.148,9.519,-0.627,-1.35,-4.414,59.66,54.34,10.23,41.01,-55.17,105.15
2026-01-02 04:37:00,R04,Charging,Zone_B,39.39,55.31,24.27,2.86,0.721,7.77,1832.5,47.77,6,202.6,1.07,101.87,57.93,-0.093,-0.496,9.896,1.489,3.245,-0.58,65.15,51.4,19.38,5.34,-51.42,119.2
2026-01-02 04:38:00,R08,Pick-and-Place,Zone_C,40.95,49.44,23.53,6.02,1.29,3.04,1299.8,50.11,1,107.1,0.88,100.98,92.59,-0.487,-0.246,9.396,-0.365,-2.25,5.413,58.25,52.59,12.12,29.21,-54.53,138.13
2026-01-02 04:39:00,R08,Navigation,Zone_C,38.5,54.8,24.63,3.01,0.099,3.92,1511,51.45,0,293.2,3.76,99.74,131.41,0.4,0.412,9.989,-0.01,1.529,1.303,70.11,44.58,15.42,53.06,-55.97,139.57
2026-01-02 04:40:00,R06,Pick-and-Place,Zone_C,40.44,66.61,22.58,2.69,1.504,3.08,1470.5,44.26,4,151.6,0.13,97.38,102.86,-0.013,-0.133,10.04,-5.588,1.699,-1.961,65.79,45.94,5.69,1.36,-53.08,131.63
2026-01-02 04:41:00,R05,Navigation,Zone_C,42.28,71.05,22.18,6.71,0.058,5.65,1589.1,46.32,3,140.2,0.82,100.69,86.87,-0.161,0.325,10.252,-0.383,-1.282,2.623,65.42,44.6,4.67,47.64,-37.98,117.55
2026-01-02 04:42:00,R06,Idle,Zone_C,36.43,52.42,25.91,2.5,0.692,8.03,1306.3,47.63,1,140.8,1.39,100.79,86.69,-0.394,-0.246,10.077,1.368,-1.585,2.96,58.24,43.15,6.57,0.89,-53,197.52
2026-01-02 04:43:00,R06,Navigation,Zone_C,43.93,45.39,25.8,2.7,2.851,5.42,1380,56.17,2,387.3,2.1,102.1,106.16,-0.046,-0.295,9.501,0.512,0.529,-1.117,68.42,47.86,7.97,1.53,-46.86,196.63
2026-01-02 04:44:00,R04,Idle,Zone_B,36.72,57.25,22.02,2.1,0.468,2.43,1733.6,52.97,2,346.8,0.73,101.57,44.41,-0.07,0.193,9.714,-1.093,-5.04,-2.09,57.42,46.55,17.48,23.63,-44.2,77.62
2026-01-02 04:45:00,R01,Pick-and-Place,Zone_B,41.92,59.76,22.77,2.12,0.224,5.16,1488.3,61.12,3,372.5,1.1,102.47,65.64,-0.237,-0.055,10.212,-4.139,0.133,-1.113,50.69,47.51,12.73,33.34,-55.26,211.43
2026-01-02 04:46:00,R01,Inspection,Zone_B,38.17,47.07,24.46,0.95,0.193,1.8,1360.1,52.06,7,168,2.29,100.64,42.57,-0.109,0.087,9.775,-1.878,-2.646,0.418,52.65,44.71,3.81,5.71,-48.92,118.98
2026-01-02 04:47:00,R06,Navigation,Zone_B,36.73,51.58,23.74,0.8,0.25,13.91,1445,50.07,2,381.9,0.5,102.23,80.81,-0.147,0.006,9.72,0.091,4.235,-0.914,64.91,57.95,20.39,5.83,-54.81,149.36
2026-01-02 04:48:00,R02,Navigation,Zone_B,44.55,63.12,22.65,5.85,0.041,13.88,1070.2,47,8,78,0.38,98.98,41.44,0.245,0.145,9.728,0.651,-1.265,1.104,60.46,51.99,33.09,16.45,-49.68,101.79
2026-01-02 04:49:00,R02,Charging,Zone_A,33.57,71.07,22.94,6.13,2.654,5.63,1373.9,60.02,3,264.4,4.85,99.49,169.28,0.209,0.471,9.652,0.631,-2.192,1.613,59.86,50.92,14.19,80.2,-56.9,78.41
2026-01-02 04:50:00,R02,Charging,Zone_D,37.26,56.98,24.28,3.51,0.204,4.77,1354.7,55.27,3,136.6,4.14,103.81,58.24,0.235,0.254,10.044,1.879,-0.825,2.042,67.48,50.93,19.2,1.12,-61.54,89.96
2026-01-02 04:51:00,R08,Pick-and-Place,Zone_A,34.78,53.21,24.38,1.03,0.593,6.55,1073,50.77,4,64.1,9.89,100.37,69.85,0.328,0.216,10.207,1.908,0.064,-1.914,57.82,44.86,22.89,19.43,-57.47,142
2026-01-02 04:52:00,R04,Pick-and-Place,Zone_D,41.34,45.62,23.22,7.02,0.149,14.54,1543.6,49.2,4,395.6,3.6,101.14,76.06,0.002,-0.126,10.289,-2.493,-1.628,-0.981,72.85,44.79,11.01,8.55,-47.34,134.76
2026-01-02 04:53:00,R07,Inspection,Zone_C,39.49,60.97,23.44,1.92,1.415,7.87,1573.9,49.79,1,324.7,0.93,101.25,176.68,-0.291,0.599,9.822,-1.032,-1.056,-2.763,77.46,52.22,9.63,46.56,-45.92,142.73
2026-01-02 04:54:00,R04,Pick-and-Place,Zone_A,33.89,58.24,22.51,1.88,0.949,2.89,1484.5,56.13,1,307.7,1.26,102.84,74.79,-0.133,-0.334,9.76,-2.734,-0.954,-1.205,56.99,55.58,8.64,16.46,-50.75,67.96
2026-01-02 04:55:00,R03,Navigation,Zone_B,45.35,60.06,25.17,2.15,0.148,10.12,1263.6,46.7,0,150.2,0,105.15,137.58,0.158,0.1,9.569,0.72,5.776,0.752,62.82,49.64,1.89,7.23,-52.16,53.78
2026-01-02 04:56:00,R07,Pick-and-Place,Zone_C,44.14,41.56,23.79,2.72,0.918,6.21,1130.3,45.26,2,321.6,0.77,101.31,129.19,0.018,0.134,9.92,-1.442,1.712,-1.582,82.39,50.15,34.46,6.37,-63.85,50.34
2026-01-02 04:57:00,R06,Inspection,Zone_A,37.78,48.99,24.54,5.06,0.446,10.85,1318.5,50.72,6,50.4,1.4,99.04,114.24,0.023,-0.063,9.718,2.971,-1.985,-2.717,60.87,47.66,20.12,2.58,-61.01,133.4
2026-01-02 04:58:00,R08,Pick-and-Place,Zone_B,42.89,51.53,22.78,3.98,0.349,2.93,1607.9,37.62,2,266.5,0.4,99.79,19.46,-0.021,-0.199,10.27,1.216,0.004,-4.181,66.86,37.83,17.91,12.27,-56.96,100.13
2026-01-02 04:59:00,R04,Navigation,Zone_B,36.19,63.9,25.39,1.57,0.831,13.71,1717.9,60.73,2,52.8,1.6,104.53,61.13,0.117,-0.068,9.821,0.22,1.743,1.37,59.85,51.87,14.79,20.63,-71.54,123.03
2026-01-02 05:00:00,R03,Navigation,Zone_D,39.9,53.72,22.31,6.08,0.559,4.08,1637.3,49.15,3,72.4,6.18,103.2,74.72,-0.188,0.219,9.757,0.782,1.324,3.712,65.9,50.8,18.04,11.46,-69.27,80.51
2026-01-02 05:01:00,R02,Navigation,Zone_A,39.42,59.66,24.65,6.12,0.075,9.01,1526,50.49,1,92.2,8.47,101.49,112.14,0.337,-0.403,9.41,3.41,-0.537,-3.994,67.89,52.83,14.93,10.54,-49.54,157.69
2026-01-02 05:02:00,R01,Navigation,Zone_C,37.28,58.97,25.5,2.3,0.309,8.38,1286.5,50.66,2,262.8,2.34,104.58,95.75,-0.185,-0.231,10.312,1.715,-1.637,1.421,57.45,47.48,14.24,11.41,-50.98,146.88
2026-01-02 05:03:00,R05,Inspection,Zone_A,42.31,73.22,22.09,2.77,0.461,6.5,1584.3,51.89,0,387.5,3.26,100.78,44.71,-0.457,0.095,10.53,-1.507,0.153,0.043,67.58,45.25,6.43,31.05,-58.22,104.92
2026-01-02 05:04:00,R08,Navigation,Zone_B,35.36,49.83,23.24,9.08,0.55,10.16,1377.8,50.75,0,255.4,0.93,99.21,56.06,-0.2,-0.417,10.07,0.884,-1.028,-1.98,71.18,48.09,27.95,1.76,-59.41,149.39
2026-01-02 05:05:00,R07,Pick-and-Place,Zone_B,43.94,48.79,23.12,2.6,1.632,6.15,1016,45.67,9,49.7,4.24,100.28,96.91,0.122,0.049,10.066,-0.378,-0.715,0.878,57.01,41.77,29.98,40.35,-53.17,60.83
2026-01-02 05:06:00,R08,Navigation,Zone_B,43.17,53.19,23.38,2.47,1.61,6.02,1281.3,40.17,2,26,0.12,98.21,370.89,-0.104,-0.323,9.815,-0.43,-1.718,-2.811,65.21,56.3,10.32,2.91,-48.8,104.16
2026-01-02 05:07:00,R01,Inspection,Zone_C,46.92,51.4,23.77,2.85,0.067,4.75,1517.4,52.79,3,258.6,0.57,102.51,63.05,-0.038,-0.128,9.579,-0.921,2.348,1.291,62.27,52.96,4.29,4.57,-52.56,86.67
2026-01-02 05:08:00,R07,Idle,Zone_D,36.83,48.15,23.75,2,0.078,7.93,1340.2,47.21,5,103.8,1.03,102.04,44.78,-0.319,0.166,9.802,1.968,2.532,1.837,72.72,48.56,4.96,0.34,-61.5,66.56
2026-01-02 05:09:00,R03,Navigation,Zone_C,34.55,50.76,23.29,8.43,0.353,6.03,1477.3,45.71,4,196.9,1.01,98.01,60.11,0.239,0.432,9.33,-2.026,-1.762,-1.702,66.39,45.81,7.04,59.08,-53.56,131.04
2026-01-02 05:10:00,R05,Navigation,Zone_C,40.19,70.89,23.34,5.22,0.564,3.68,1342.5,51.16,6,177,0.76,102,79.44,-0.112,0.037,10.268,-2.311,0.306,-1.916,72.78,44.53,7.93,8.81,-52.72,75.32
2026-01-02 05:11:00,R03,Idle,Zone_B,36.78,57.07,23.65,2.6,0.204,7.8,1575.4,50.72,1,316.5,3.61,101.37,150.1,-0.121,-0.117,9.868,1.173,0.876,3.918,52.17,43.01,8.01,5.85,-65.27,103.85
2026-01-02 05:12:00,R06,Pick-and-Place,Zone_B,35.98,54.24,24.54,2.23,0.334,3.77,1490.8,57.14,3,106.7,0.4,99.05,89.53,-0.253,-0.052,10.035,-4.098,1.357,2.555,48.77,47.63,19.01,53.95,-58.23,108.75
2026-01-02 05:13:00,R08,Inspection,Zone_D,43.46,62.8,24.56,6.11,1.66,3.93,1641.3,54.09,4,112,0.13,100.47,186.56,-0.403,0.504,9.893,-0.356,-0.388,-4.015,70.05,55.42,23.03,20.85,-49,229.92
2026-01-02 05:14:00,R01,Charging,Zone_A,38.79,66.37,25.14,1.49,0.27,5.04,1465.7,51.22,2,369.2,4.03,104.11,91.1,0.048,0.178,9.496,3.543,0.493,0.175,69.22,45.53,27.47,23.38,-71.52,135.23
2026-01-02 05:15:00,R05,Navigation,Zone_B,41.19,46.23,23.33,3.5,0.169,6.72,1211,50.54,5,25.3,4.47,103.59,50.57,0.168,0.086,9.639,-0.04,-0.084,4.385,77.87,47.82,11.53,0,-54.09,93.26
2026-01-02 05:16:00,R02,Navigation,Zone_A,41.64,63.22,24.48,2.81,0.143,5.96,1410.1,51.69,2,349.6,1.42,102.94,70.82,-0.033,-0.598,9.773,-2.356,-0.196,2.665,68.76,36.09,3.51,19.36,-57.86,78.17
2026-01-02 05:17:00,R06,Pick-and-Place,Zone_A,39.87,70.37,23.04,5.03,0.408,2.35,1627.9,49.29,4,34.1,4.34,102.26,102.96,-0.315,-0.095,9.814,-2.574,-0.684,-1.928,72.21,47.85,5.99,0.29,-64.2,53.78
2026-01-02 05:18:00,R02,Navigation,Zone_D,41.85,50.73,25.11,1.88,0.208,3.95,1272.2,49.44,5,317.1,2.38,103.83,49.44,-0.276,0.201,9.638,1.17,-0.506,2.046,63.71,50.41,13.38,3.91,-74.96,101.81
2026-01-02 05:19:00,R01,Idle,Zone_A,33.13,67.14,24.91,3.99,0.178,5.03,1193.8,56.63,0,188,0.88,104.92,152.12,-0.04,-0.142,10.48,1.658,0.25,-0.286,60.93,41.78,14,26.94,-53.63,181
2026-01-02 05:20:00,R03,Navigation,Zone_A,44.87,63.73,23.21,3.29,0.03,5.77,1413.8,54.25,4,187.1,1.57,101.97,70.35,0.015,-0.156,9.844,-2.333,0.963,-2.092,64.35,56.81,11.84,28.41,-49.44,216.79
2026-01-02 05:21:00,R05,Idle,Zone_D,41.4,43.27,25.83,1.39,1.764,14.4,1778.1,42.79,7,75,2.49,100.29,122.31,0.332,-0.158,9.795,1.138,-0.73,0.244,71.06,46.64,1.27,2.79,-48.7,63.35
2026-01-02 05:22:00,R06,Charging,Zone_C,34.94,59.56,25.19,9.39,0.406,5.76,1402.3,47.79,1,370.7,0.19,101.08,96.44,0.1,-0.173,10.052,-2.139,-0.931,1.092,76.69,51.22,8.33,38.95,-65.22,133.45
2026-01-02 05:23:00,R04,Inspection,Zone_C,40.87,51.29,23.77,3.05,0.352,5.92,1532.9,54.56,2,173.8,0.21,98.07,175.82,0.38,0.044,9.478,4.003,2.002,1.34,78.05,51.89,4.44,61.38,-58.72,67.23
2026-01-02 05:24:00,R06,Pick-and-Place,Zone_D,,52.23,25.37,3.46,0.407,4.89,1201.2,56.81,6,182.8,10.02,98.25,158.59,-0.049,-0.272,10.064,-2.049,2.088,0.334,68.05,46.79,16.93,104.95,-40.74,312.92
2026-01-02 05:25:00,R03,Navigation,Zone_C,39.99,63.23,23.42,3.2,0.54,6.48,1136.2,60.94,1,103.5,2.05,101.94,67.61,0.02,0.16,9.732,0.683,1.378,-0.195,67.28,55.27,18.01,18.26,-52.57,79.66
2026-01-02 05:26:00,R03,Navigation,Zone_B,37.67,56.22,23.58,5.73,0.16,9.8,1769.3,48.81,5,89.1,2.87,102.66,108.58,0.128,-0.08,9.885,2.778,2.855,4.707,66.47,48.48,2.67,41.67,-64.03,81.19
2026-01-02 05:27:00,R05,Navigation,Zone_D,40.39,51.96,22.05,2.75,1.644,4.54,1605,62.64,1,292.6,4.45,103.95,126.75,0.293,-0.26,9.954,3.2,-2.998,0.84,58.42,45.55,8.7,0.68,-67.46,70.15
2026-01-02 05:28:00,R07,Inspection,Zone_C,36.73,49.59,23.39,3.69,0.319,8.61,1385.9,59.2,5,117,3.79,100.85,188.26,0.188,0.322,10.189,-3.231,-0.595,1.987,59.48,45.77,15.61,4.63,-53.86,59.73
2026-01-02 05:29:00,R07,Navigation,Zone_D,46.48,63.14,25.83,7.64,0.03,6.71,1364.2,52.08,4,293.1,0.13,103.11,84.75,0.309,-0.017,9.835,-3.585,-0.985,1.673,64.19,43.8,30.51,16.85,-43.83,177.24
2026-01-02 05:30:00,R05,Navigation,Zone_D,40.23,50.2,23.52,7.99,0.344,8.27,1239.4,41.9,4,253.4,2.24,106.66,129.84,-0.05,0.535,9.755,0.061,-0.637,-0.416,68.41,51.86,10.42,56.87,-61.1,92.37
2026-01-02 05:31:00,R03,Pick-and-Place,Zone_D,40.81,49.61,22.29,3.78,2.938,3.95,1279.4,44.89,4,339.5,1.82,103.92,84.32,0.353,0.208,9.892,-1.601,-4.305,-1.272,62.13,52.2,25.95,95.35,-44.14,105.51
2026-01-02 05:32:00,R06,Navigation,Zone_B,45.24,56.93,24.78,4.91,1.449,4.11,1344.6,50.8,5,256.2,2.89,105.57,28.9,0.131,0.015,9.976,-0.628,-2.75,-1.792,86.21,49.28,24.44,36.91,-43.49,128.57
2026-01-02 05:33:00,R06,Inspection,Zone_B,43.72,56.23,25.89,3.44,2.402,9.45,1313.6,60.04,3,80.4,2.56,96.76,49.89,-0.158,-0.32,9.385,-1.301,2.967,0.982,61.36,45.18,12.87,70.45,-40.85,229.04
2026-01-02 05:34:00,R03,Pick-and-Place,Zone_B,43.9,61.94,23.29,3.15,0.93,8.16,1408.3,54.86,3,171.4,5.03,100.31,56.61,-0.585,0.44,9.799,1.905,-5.709,-2.206,54.9,38.95,3.85,76.91,-64.4,104.06
2026-01-02 05:35:00,R01,Navigation,Zone_A,38.87,51.9,25.66,4.61,0.165,4.56,1465.1,50.12,2,190.7,0.47,97.02,54.46,0.479,-0.062,9.864,2.14,-2.017,1.722,50.29,47.39,6.73,8.51,-55.28,117.37
2026-01-02 05:36:00,R04,Inspection,Zone_D,40.94,51.98,25.75,5.4,0.687,9.97,1584,46.2,3,32.8,3.59,103.16,41.76,-0.714,0.305,9.754,-0.08,-1.906,-0.618,86.23,52.03,3.24,96.67,-49.33,100.76
2026-01-02 05:37:00,R04,Navigation,Zone_B,44.47,53.19,24.23,2.17,0.242,7.61,1680,60.35,3,265.8,2.27,99.78,52.6,-0.066,-0.247,10.201,-2.848,-0.901,-2.115,61.7,44.99,5.73,,-59.32,127.29
2026-01-02 05:38:00,R01,Navigation,Zone_B,40.26,55.06,22.27,6.77,0.025,6.74,1321.1,45.46,1,384.3,9.16,102.04,97.34,0.052,0.071,9.894,1.71,-2.981,1.106,75,52.74,18.8,28.66,-53.57,91.29
2026-01-02 05:39:00,R07,Navigation,Zone_B,45.15,61.33,24.73,2.45,0.035,14.29,1358.7,46.56,5,108.7,5.1,102.97,241.55,0.363,0.211,9.646,1.249,-1.993,2.775,70.22,53.44,19.98,20.86,-57.93,99.54
2026-01-02 05:40:00,R06,Navigation,Zone_D,44.61,57.96,22.86,12.72,0.513,31.22,1340.6,51.14,2,154.7,1.91,100.37,54.4,-0.479,0.021,9.735,-2.253,1.142,-1.695,81.94,46.3,6.68,6.93,-54.45,71.77
2026-01-02 05:41:00,R07,Navigation,Zone_C,42.61,61.14,25.88,3.23,0.102,5.71,1335.4,55.65,2,11.5,0.28,103.74,78.75,-0.359,-0.078,9.585,1.262,0.769,-1.371,64.64,53.75,7.68,3.23,-52.71,78.58
2026-01-02 05:42:00,R03,Inspection,Zone_C,42.14,57.88,24.38,3.58,0.007,7.83,1513.1,52.73,4,197.9,0.94,100,52.88,-0.113,-0.099,9.417,1.11,-2.114,-0.916,68.55,48.84,16.99,46.41,-43.96,52.37
2026-01-02 05:43:00,R07,Navigation,Zone_B,35.94,66.47,25.74,6.47,1.203,5.01,1479.2,52.78,5,57.1,1.53,101.79,142.47,0.144,0.285,9.89,1.281,1.857,1.026,61.16,49.6,6.49,15.8,-51.53,77.75
2026-01-02 05:44:00,R08,Navigation,Zone_B,39.54,62.6,24.52,3.35,0.127,2.49,1482.8,54.96,5,17.5,1.59,102.23,90.02,-0.218,-0.149,10.083,2.643,0.863,-0.72,62.26,45.32,13.73,0.58,-51.21,94.72
2026-01-02 05:45:00,R05,Navigation,Zone_B,41.3,63.29,22.81,7.87,0.029,4.6,1340.5,45.48,3,182.5,0.74,101.54,47.97,-0.181,-0.229,9.458,-0.934,0.903,-1.476,74.2,49.02,20.07,20.01,-65.22,91.81
2026-01-02 05:46:00,R04,Idle,Zone_C,40.89,62.97,25.16,1.02,0.863,7.23,1751.7,54.81,1,112.5,3.59,103.77,160.04,0.137,0.033,9.478,-0.636,-4.98,1.152,59.85,47.09,8.65,49.29,-53.66,132.65
2026-01-02 05:47:00,R04,Navigation,Zone_C,38.06,45.23,22.65,4.8,0.718,2.23,1635.1,44.23,5,172.9,0.1,104.06,168.72,-0.434,0.275,9.68,-1.473,0.492,-2.042,69.12,54.05,10.87,48.99,-54.76,113.38
2026-01-02 05:48:00,R02,Inspection,Zone_A,40.26,58.93,23.34,4.22,0.288,10.77,1198.1,52.1,4,365.7,0.41,97.42,54.91,-0.178,0.086,10.149,-2.45,-3.672,-1.67,58.67,48.63,19.44,0.43,-57.11,68.99
2026-01-02 05:49:00,R03,Idle,Zone_C,44.6,45.76,23.24,2.39,0.644,5.55,1229.1,58.19,4,368.5,0.28,100.91,93.33,0.371,-0.242,9.945,-5.482,-3.242,2.948,60,52.74,14.69,12.72,-46.37,94.69
2026-01-02 05:50:00,R02,Pick-and-Place,Zone_D,37.99,,24.61,4.74,0.478,7.42,1356.3,49.4,3,247.8,0.07,102.96,165.14,0.371,0.11,9.425,1.445,2.716,-0.336,66.29,42.32,19.08,58.21,-56.45,79.45
2026-01-02 05:51:00,R05,Navigation,Zone_C,37.84,57.06,24.15,3.53,0.443,4.53,1560.3,46.13,3,170.6,5.81,103.98,77.78,-0.375,0.013,10.349,1.755,-4.565,-1.497,68.68,52.92,12.34,30.36,-51.05,68.13
2026-01-02 05:52:00,R02,Navigation,Zone_D,39.62,58.88,24.88,3.36,0.2,3.09,1546.8,53.28,4,279.3,0.39,96.63,31.06,0.182,0.04,10.204,0.718,2.446,-1.506,68.64,49.16,16.84,0.31,-68.08,198.54
2026-01-02 05:53:00,R06,Navigation,Zone_B,42.61,61.27,23.29,1.92,0.084,8.36,1737.6,47.47,3,307.3,6.05,101.54,65.16,-0.269,0.056,9.844,0.07,0.462,3.947,68.86,41.66,17.04,11.42,-54.63,62.62
2026-01-02 05:54:00,R07,Navigation,Zone_B,45.84,59.7,23.89,5.16,0.216,8.16,1240.8,60.19,3,177.9,0.25,100.8,55.73,-0.165,-0.085,10.122,-0.209,2.684,-3.373,72.21,44.68,14.31,18.49,-57.19,93.39
2026-01-02 05:55:00,R04,Pick-and-Place,Zone_A,42.91,46.55,22.17,3.3,0.568,,1282.8,54.64,5,194.3,1.31,98.65,60.6,-0.097,0.2,10.787,-2.761,1.598,-2.102,69.74,49.13,7.13,42.2,-46.18,52.25
2026-01-02 05:56:00,R08,Pick-and-Place,Zone_A,36.39,51.14,24.03,6.5,0.399,16.42,1242.7,57.99,0,192.5,2.59,98.99,156.69,0.108,0.111,9.929,-0.424,2.584,0.715,55.4,43.47,23.95,161.37,-50.48,134.29
2026-01-02 05:57:00,R03,Pick-and-Place,Zone_D,40.75,51.21,25.66,8.2,0.055,4.32,1588.8,54.74,3,61.8,5.03,102.59,150.98,-0.091,0.343,10.061,1.581,0.749,0.58,72.13,48.79,12.54,11.68,-54.16,86.13
2026-01-02 05:58:00,R05,Charging,Zone_D,40.07,49.89,23.58,0.92,4.212,7.83,1214.8,56.23,4,224.4,0.01,102.34,100.67,0.034,-0.011,9.537,-0.663,2.767,-1.819,75.61,49.23,6.47,41.47,-42.56,50.95
2026-01-02 05:59:00,R05,Navigation,Zone_A,36.9,67.6,22.27,6.73,1.358,5.02,1773.9,50.6,4,162.6,0.85,102.64,77.17,-0.616,0.134,9.435,-1.267,0.592,-6.101,58.83,40.94,32.41,74.39,-57.51,97.53
2026-01-02 06:00:00,R03,Idle,Zone_B,36.47,53.14,23.81,4.9,0.039,7.65,1552.4,49.17,1,202.3,1,102.42,89.3,-0.112,-0.187,9.918,-4.669,-0.735,0.615,57.22,40.93,9.66,1.01,-55.78,58.32
2026-01-02 06:01:00,R06,Pick-and-Place,Zone_D,41.36,78.23,24.08,5.2,0.672,11.33,1514.7,53.63,3,386.5,0.91,101.65,65.79,0.201,0.104,10.091,-1.558,4.051,-0.224,66.75,43.35,9.89,32.43,-46.1,128.25
2026-01-02 06:02:00,R06,Navigation,Zone_A,36.81,44.53,24.21,4.49,0.582,2.54,1580.2,60.67,1,368.6,1.14,96.64,61.39,0.093,-0.547,9.276,-0.431,-0.624,-3.547,75.06,48.08,10.59,12.34,-58.51,96.57
2026-01-02 06:03:00,R06,Navigation,Zone_B,42.31,50.99,24.47,4.02,1.603,4.05,1171.8,57.59,3,189.8,2.15,98.99,207.85,-0.374,-0.089,10.344,-0.954,0.755,-0.522,38.21,52.28,14.36,47.38,-53.3,66.32
2026-01-02 06:04:00,R05,Inspection,Zone_C,36.44,56.78,24.21,1.2,5.161,8.92,1565.7,47.49,2,251,1.62,105.7,187.96,-0.64,0.198,10.214,-1.588,-4.132,2.266,56.64,50.66,17.03,47.32,-55.9,163.63
2026-01-02 06:05:00,R04,Idle,Zone_B,40.49,51.18,25.25,1.53,1.325,9.72,1714.5,53.48,2,224.6,0.34,100.38,39.7,0.51,-0.514,9.791,-4.026,1.165,-2.109,76.76,50.35,4.58,54.78,-58.33,79.3
2026-01-02 06:06:00,R03,Navigation,Zone_B,40.01,39.71,23.84,2.16,0.695,4.41,1123.4,47.05,1,112.6,0.67,100.07,102.61,0.141,0.363,9.608,0.307,-2.204,3.095,61.03,49.37,24.04,13.11,-47.1,119.74
2026-01-02 06:07:00,R07,Charging,Zone_D,36.49,49.19,23.23,1.64,1.233,4.71,1570.9,45.49,5,99.5,0.97,102.52,99.91,-0.456,0.431,10.089,2.13,3.321,-2.385,63.07,49.91,6.75,1.53,-58.31,78.38
2026-01-02 06:08:00,R06,Navigation,Zone_A,37.09,45.2,24.12,10.83,0.116,5.39,1621.7,47.83,3,332.1,6.29,100.1,69.22,0.217,-0.037,9.785,-2.985,-3.843,-1.405,67.7,44.08,13.6,2.35,-49.45,152.33
2026-01-02 06:09:00,R01,Charging,Zone_B,35.23,40.45,23.47,2.31,0.656,11.77,1672.3,48.04,4,36.3,2.51,101.39,31.32,-0.159,0.14,9.995,-1.648,1.616,-1.548,73.32,45.64,10.32,39.68,-56.15,91.99
2026-01-02 06:10:00,R01,Navigation,Zone_B,44.95,61.13,25.15,6.95,0.686,13.19,1385.6,49,4,372.6,3.18,102.64,66.44,0.155,0.286,10.471,-0.122,2.224,0.311,60.59,49.46,13.17,0.69,-56.7,142.01
2026-01-02 06:11:00,R01,Navigation,Zone_C,38.35,53.22,23.36,3.55,3.024,14.5,1359.3,47.12,1,252.9,0.5,101.59,84.76,-0.219,0.36,9.973,0.61,-1.692,0.27,69.11,50.06,10.48,22.07,-46.78,259.92
2026-01-02 06:12:00,R06,Idle,Zone_B,34.66,44.18,24.46,1.03,0.235,4.54,1235.1,54.69,2,265.8,2.68,100.11,105.35,-0.111,-0.036,9.299,0.827,0.185,0.679,65.87,52.14,19.36,43.59,-54.77,188.93
2026-01-02 06:13:00,R02,Navigation,Zone_A,43.42,57.02,25.81,3.37,0.792,10.77,1512.3,51.73,4,13.7,1.64,104.34,123.08,-0.147,0.061,10.1,-1.795,-1.642,0.412,71.03,45.44,4.4,5.76,-60.38,144.03
2026-01-02 06:14:00,R02,Inspection,Zone_B,36.63,55.82,25.2,2.21,1.378,4.12,1160.1,55.57,6,343.9,0.88,103.06,46.57,-0.102,-0.338,9.355,-2.2,-1.638,-0.683,62.23,50.02,35.63,0.66,-52.4,143.25
2026-01-02 06:15:00,R05,Pick-and-Place,Zone_C,40.4,52.68,23.3,6.59,0.826,4.12,1326.4,48.83,2,240.4,1.39,98.13,121.23,-0.141,-0.401,9.251,3.167,2.375,-2.351,63.98,42.94,7.21,2.62,-47.05,169.08
2026-01-02 06:16:00,R04,Navigation,Zone_D,42.64,69.14,24.65,5.13,0.028,10.12,1645,57.99,3,42,1.5,98.91,133.97,-0.293,0.094,9.77,-2.392,0.542,-0.8,63.36,44.5,1.07,31.85,-59.75,120.66
2026-01-02 06:17:00,R04,Pick-and-Place,Zone_B,45.15,64.75,25.35,1.38,2.897,5.26,1480.5,52.12,0,355.3,1.39,102.39,263.45,-0.269,0.06,9.905,-4.962,-1.635,-1.982,66.39,44.8,5.59,1.93,-37.33,71.4
2026-01-02 06:18:00,R01,Inspection,Zone_B,45.32,67.35,23.28,1.87,0.601,4.53,1276.2,45.47,5,122.4,2.38,102.7,87.87,0.086,-0.522,9.238,1.549,-0.984,-3.569,70.46,40.13,5.14,3.96,-44.16,93.66
2026-01-02 06:19:00,R01,Idle,Zone_B,39.81,58.11,23.13,4.89,0.606,6.46,1172,51.96,4,225.6,3.54,102.67,46.08,0.415,-0.477,9.881,0.052,2.222,-0.926,70.84,47.78,5.46,35.72,-62.63,97.72
2026-01-02 06:20:00,R03,Inspection,Zone_C,42.41,51.73,25.2,3.44,0.42,2.67,1211.1,46.21,1,120.4,4.71,100.52,138.69,-0.09,0.262,9.902,-1.474,1.57,0.165,71.49,47.35,8.96,21.13,-67.65,60.67
2026-01-02 06:21:00,R08,Navigation,Zone_D,44.87,51.34,22.06,2.57,0.451,7.34,1178.4,55.01,2,278.5,0.7,103.52,75.22,0.064,-0.181,9.538,-2.42,2.43,1.313,72.45,44.87,3.24,57.84,-59.9,92.88
2026-01-02 06:22:00,R04,Inspection,Zone_B,34.48,52.31,23.95,4.24,0.455,7.77,1552.9,56.03,3,350.5,2.72,99.46,56.49,0.297,-0.076,9.96,-2.04,-2.686,-4.35,58.97,44.7,17.86,19.71,-47.88,129.69
2026-01-02 06:23:00,R02,Navigation,Zone_D,43.2,44.89,24.7,1.32,1.479,7.14,1551.4,54.14,2,321.7,0.99,100.95,99.37,0.047,0.4,9.83,0.868,-0.765,-1.366,70.58,40.52,10.93,11.5,-63.77,85.32
2026-01-02 06:24:00,R01,Inspection,Zone_A,45.12,68.78,24.33,5.67,0.588,1.39,1671,48.84,1,102.1,4.64,102.59,83.45,-0.245,0.236,9.341,3.462,3.23,-1.8,69.45,44.45,7.87,6.65,-73.46,102.4
2026-01-02 06:25:00,R01,Pick-and-Place,Zone_D,41.13,34.71,25.83,2.45,0.381,4.71,1422.6,59.04,1,147.9,10.71,105.17,42.46,-0.321,-0.327,9.263,-1.116,0.164,-3.355,66.65,54.03,13.64,54.3,-48.89,86.61
2026-01-02 06:26:00,R08,Navigation,Zone_B,38.54,53.85,22.79,3.81,0.919,2.95,1398,56.6,3,79,5.62,99.39,78.5,-0.207,0.177,9.781,-2.786,-0.432,1.494,67.08,50.53,10.43,33.94,-50.71,98.71
2026-01-02 06:27:00,R03,Navigation,Zone_B,37.66,66.2,23.71,4.37,0.617,3.04,1536.1,49.12,4,378.7,6.28,104.36,131.13,0.232,0.506,9.844,-3.44,1.556,0.522,78.07,40.77,11.47,8.73,-53.44,156.12
2026-01-02 06:28:00,R07,Inspection,Zone_A,45.52,59.77,22.3,3.4,0.197,9.11,1547.3,49.57,2,33.4,2.24,100.92,95.31,0.403,-0.002,10.185,1.548,-1.221,0.877,71.12,45.63,7.31,15.63,-51.66,74.89
2026-01-02 06:29:00,R07,Idle,Zone_A,38.32,51.31,25.81,3.29,0.563,7.85,1482.7,57.25,0,383,1.63,99.06,123.85,-0.232,-0.055,9.541,0.449,-0.834,0.558,68.32,37.35,7.81,22.04,-63.35,119.78
2026-01-02 06:30:00,R02,Pick-and-Place,Zone_C,41,56.13,24.11,3.03,0.897,20.7,1284.8,63.78,2,242.3,1.91,104.06,92.35,0.013,0.201,9.69,-1.353,1.744,-0.773,63.37,47.34,7.27,28.99,-50.75,155.42
2026-01-02 06:31:00,R02,Navigation,Zone_B,44.8,58.69,24.54,3.84,0.669,4.96,1567.7,49.85,3,87.1,1.29,103.05,240.57,-0.051,0.49,9.864,-2.271,-0.774,1.63,67.05,47,15.56,6.78,-58.25,124.92
2026-01-02 06:32:00,R01,Navigation,Zone_A,36.88,53.1,24.99,2.45,0.05,13.23,996.1,65.23,3,39.2,1.88,95,228.72,0.149,-0.102,9.891,2.91,3.333,1.305,70.54,39.89,13.61,32.9,-63.72,57.26
2026-01-02 06:33:00,R07,Pick-and-Place,Zone_D,40.33,51.59,24.85,3.85,0.185,2.49,1149.7,48.68,7,332.9,0.59,102.42,46.67,-0.051,0.24,9.75,-0.342,-5.153,1.213,68.57,47.44,16.89,31.95,-55.86,89.14
2026-01-02 06:34:00,R01,Inspection,Zone_D,43.25,52.66,22.62,6.96,0.364,12.78,1512.8,44.19,4,99.1,17.32,105.21,132.82,0.18,0.04,9.792,-3.843,-2.93,-0.186,77.01,42.86,10.5,7.86,-51.51,153.39
2026-01-02 06:35:00,R06,Navigation,Zone_C,39.22,63.81,24.97,3.59,2.237,6.56,1488.4,61.15,4,21.8,0.56,102.42,61.91,0.75,0.146,9.631,2.191,-4.099,3.061,77.76,44.3,7.74,52.36,-70.81,100.53
2026-01-02 06:36:00,R04,Pick-and-Place,Zone_B,40.66,42.55,25.13,3.03,0.276,6,1549.5,56.68,5,279.9,0.17,99.75,27.23,-0.178,0.206,9.878,0.178,-1.331,-0.851,72.35,45.07,12.93,7.77,-59.56,131.26
2026-01-02 06:37:00,R01,Pick-and-Place,Zone_A,39.28,47.98,24.79,0.79,1.116,10.04,1430.7,52.68,7,90.1,0.72,103.78,101.9,-0.125,0.058,9.857,0.016,-3.416,2.54,64.56,46.38,32.8,71.03,-46.21,126.47
2026-01-02 06:38:00,R07,Idle,Zone_C,42.09,54.64,24.13,5.08,2.156,6.81,1391.5,48.45,5,35.9,2.42,101.57,135.7,-0.093,0.149,9.302,-5.179,-0.613,-1.055,65.1,40.28,20.04,8.53,-55.06,141.55
2026-01-02 06:39:00,R03,Charging,Zone_B,46.71,42.02,25.55,7.03,0.097,13.26,1273.2,48.22,4,132.8,3.99,98.93,63.92,0.222,0.251,9.462,1.196,-0.595,-0.522,51,45.95,9.35,41.46,-50.37,88.41
2026-01-02 06:40:00,R08,Pick-and-Place,Zone_D,36.59,54.43,23.98,7.09,1.496,3.1,1363.3,56.9,4,132.6,8.17,103.95,159.23,-0.019,0.005,9.528,-2.064,2.462,-1.703,58.34,50.19,15.54,9.39,-42.26,70.93
2026-01-02 06:41:00,R03,Navigation,Zone_B,39.42,42.69,25.89,4.55,0.282,8.41,1615.7,50.68,5,272.3,2.37,98.7,25.34,0.2,0.05,9.467,2.343,-1.725,2.205,76.42,42.41,24.33,14.62,-53.07,153.01
2026-01-02 06:42:00,R08,Inspection,Zone_D,40.79,48.77,23.11,7.49,0.567,5.81,1404.9,53.92,4,84.9,0.37,99.72,297.42,-0.247,-0.275,10.234,-1.121,-2.789,-0.321,62.06,34.27,8.99,6.79,-68.25,116.95
2026-01-02 06:43:00,R08,Navigation,Zone_C,39.89,48.52,23.59,2.53,0.349,7.65,1193,51.48,3,263.5,3.01,99.17,193.69,-0.093,0.15,10.178,2.493,3.712,-4.791,77.31,44.72,9.11,32.58,-57.43,92.45
2026-01-02 06:44:00,R04,Idle,Zone_D,41.22,45.21,23.6,7.55,0.295,11.06,1560.1,58.14,5,349.6,0.94,102.38,100.51,0.215,0.102,9.998,-1.342,2.32,1.506,69.79,48.58,2.41,9.32,-50.42,84.63
2026-01-02 06:45:00,R04,Idle,Zone_C,45.95,60.06,25.39,2.76,1.717,16.29,1470.6,52.73,1,310.4,0.27,98.38,92.13,-0.014,-0.326,9.875,1.216,0.056,4.012,72.72,46.66,10.41,90.44,-54.49,55.53
2026-01-02 06:46:00,R07,Navigation,Zone_C,38.15,55.67,25.75,4.39,3.485,5.92,1337.8,41.76,2,134.2,2.47,100.14,31.99,0.062,-0.238,9.95,-2.537,1.743,2.521,75.73,46.89,24.01,81.99,-47.27,139.16
2026-01-02 06:47:00,R04,Pick-and-Place,Zone_B,42.29,65.84,24.99,5.88,0.265,1.89,1323.2,61.41,1,361.3,1.51,98.45,125.57,-0.251,0.341,10.047,1.414,-1.944,-2.938,68.42,57.69,11.37,39.86,-44.23,183.1
2026-01-02 06:48:00,R07,Pick-and-Place,Zone_A,43.21,52.54,22.9,5.29,0.726,6.31,1289.8,41.92,2,314.9,10.73,99.46,37.72,-0.078,-0.267,9.94,1.148,0.021,-0.489,64.31,54.86,7.23,2.05,-52.7,103.63
2026-01-02 06:49:00,R07,Navigation,Zone_C,42.21,56.34,22.52,5.13,0.732,4.65,1469.7,51.81,4,138.1,0.95,96.87,68.09,0.015,0.034,9.848,2.575,-0.299,0.029,70.47,48.85,4.88,7.67,-55.67,48.45
2026-01-02 06:50:00,R02,Navigation,Zone_A,36.28,46.06,22.52,8.66,0.148,9.28,1284.4,74.05,2,62.6,4.74,99.94,87.61,0.139,0.061,10.061,-0.171,-3.654,2.347,62.29,49.56,4.64,10.18,-49.85,63.19
2026-01-02 06:51:00,R04,Pick-and-Place,Zone_C,41.24,49.67,25.12,6.98,0.911,10.87,1477.6,53.73,3,85.8,2.28,102.16,132.76,0.099,0.398,10.244,-0.837,1.512,5.375,65.98,59.82,5.62,15.21,-59.53,113.45
2026-01-02 06:52:00,R02,Idle,Zone_C,35.45,60.11,22.71,0.71,0.102,16.54,1650.1,53.35,2,166.3,3.87,98.9,80.08,-0.083,0.48,9.77,1.771,0.538,-1.382,77.42,46.08,6.29,12.73,-57.72,138.51
2026-01-02 06:53:00,R08,Idle,Zone_D,39.99,37.34,23.48,3.17,0.278,15.7,1326.9,48.84,7,260.8,3.89,100.19,160.64,0.121,-0.185,9.887,-2.419,0.871,1.074,60.36,45.56,13.57,4.9,-51.12,89.46
2026-01-02 06:54:00,R06,Inspection,Zone_D,39.78,57.95,25.15,6.15,0.021,4.05,1065.7,47.83,1,70.7,0.64,96.23,68.34,0,0.125,10.041,2.159,-0.817,-0.374,67.89,49.45,27.47,43.77,-56.13,154.06
2026-01-02 06:55:00,R04,Pick-and-Place,Zone_D,37.99,57.44,25.07,2.69,0.034,5.15,1773.4,54.26,4,209.1,0.66,103.74,177.37,-0.262,0.387,10.366,1.735,-4.799,0.722,63.14,47.34,12.56,5.51,-51.3,166.93
2026-01-02 06:56:00,R07,Inspection,Zone_C,37.53,52.49,25.11,8.36,1.067,13.38,1665.4,50.43,1,134.3,3.24,103.29,61.5,-0.021,-0.063,10.152,0.129,-2.412,-1.875,62.67,51.8,17.67,39.22,-45.07,125.44
2026-01-02 06:57:00,R02,Pick-and-Place,Zone_D,46.2,59.13,22.14,3.37,1.133,7.63,1381.5,51.87,4,244.3,3.14,103.45,104.39,0.365,-0.169,9.781,-0.064,3.996,3.45,60.2,41.79,24.06,38.98,-59.89,97.85
2026-01-02 06:58:00,R04,Idle,Zone_B,39.49,56.68,23.27,2.59,0.124,6.53,1312.1,46.46,4,43.7,1.38,101.16,60.26,-0.143,0.102,9.207,-0.272,0.328,-1.094,70.7,48.86,27.42,1.93,-48.88,143.67
2026-01-02 06:59:00,R03,Pick-and-Place,Zone_D,39.99,58.91,22.05,3.76,0.294,6.89,1372.5,54.38,4,227.6,5.5,97.86,35.74,0.038,0.33,9.386,1.521,1.326,-1.546,67.38,43.55,6.93,22.46,-57.72,141.61
2026-01-02 07:00:00,R06,Navigation,Zone_C,45.21,53.5,24.72,3.15,1.615,3.73,1116.2,57.49,3,34.2,2.37,98.31,151.23,-0.228,-0.054,9.861,-2.01,-0.543,-4.285,74.41,50.18,6.39,5.61,-53.78,117.73
2026-01-02 07:01:00,R04,Charging,Zone_B,42.55,44.49,23.33,4.68,1.434,2.55,1527.4,49.58,3,13.3,0.71,97.01,110.48,-0.342,-0.166,10.066,-0.129,4.027,1.104,70.47,49.43,13.38,6.21,-48.36,67.51
2026-01-02 07:02:00,R08,Pick-and-Place,Zone_A,38.03,49.7,22.14,2.85,3.026,8.95,1640.2,55.61,6,226,1.12,103.01,114.35,-0.156,0.069,9.515,-2.901,-3.794,1.126,75.29,43.55,11.81,55.57,-53.48,98.59
2026-01-02 07:03:00,R06,Idle,Zone_B,37.51,61.56,23.19,4.35,0.25,4.88,1254.1,46.79,3,351,13.42,101.44,190.68,-0.02,-0.15,9.357,-3.041,-2.014,-0.988,60.34,46.54,8.12,11.44,-60.82,100.64
2026-01-02 07:04:00,R05,Inspection,Zone_C,42.47,57.43,24.97,8.79,0.203,4.87,1266.7,48.91,1,18.9,1.99,99.3,110.68,0.021,-0.076,9.578,-0.461,-2.534,4.828,80.45,35.13,11.79,1.55,-63.72,55.09
2026-01-02 07:05:00,R02,Pick-and-Place,Zone_D,40.31,56.72,25.91,4.74,0.118,4.42,1165.3,43.74,3,125.3,1.64,98.11,64.21,0.347,0.425,9.199,2.097,-1.869,1.761,66.45,43.81,19.74,1.16,-42.73,200.56
2026-01-02 07:06:00,R06,Navigation,Zone_A,33.4,53.64,22.19,4.56,0.944,4.58,1320.8,59.55,3,26.4,0.5,101.53,88.7,-0.283,0.272,10.07,-1.268,2.197,-1.215,70.16,48.08,10.98,7.24,-57.12,97.93
2026-01-02 07:07:00,R08,Navigation,Zone_D,41.16,62.21,24.27,5.74,0.014,4.33,1428.5,41.22,3,119.7,1.2,98.16,124.87,0.127,0.291,10.003,3.052,0.117,-3.824,68.24,52.01,13.67,18.37,-58.4,43.58
2026-01-02 07:08:00,R06,Navigation,Zone_A,40.62,39.61,24.07,5.13,0.859,5.6,1656.5,44.67,4,81.3,5.95,102.93,56.22,-0.446,0.237,9.824,-2.549,1.026,-0.534,66.12,45.3,11.08,11.79,-56.16,110.12
2026-01-02 07:09:00,R08,Navigation,Zone_A,45.85,51.08,24.72,2.81,0.162,8.78,1222.5,44.41,0,161.5,2.85,101.11,204.79,0.316,-0.191,9.772,-4.002,0.124,1.6,76.86,45.93,2.62,7.61,-62.68,127.57
2026-01-02 07:10:00,R07,Navigation,Zone_D,37.11,52.62,22.79,6.07,0.371,10.88,1309.3,47.56,5,126.4,0.31,106.52,40.29,-0.292,-0.012,9.772,3.168,3.21,-2.112,64.13,46.43,12,19.2,-49.18,98.13
2026-01-02 07:11:00,R05,Inspection,Zone_A,41.59,52.2,23.89,4.59,0.101,7.34,1268.6,62.51,5,171.3,0.61,101.94,83.82,0.071,0.344,9.8,2.192,1.066,-1.294,67.12,52.47,26.37,36.96,-61.04,82.81
2026-01-02 07:12:00,R01,Idle,Zone_B,40.19,53.82,23.36,2.96,0.17,6.41,1333.3,43.94,5,284.3,1.27,97.3,90.55,0.085,0.342,9.461,-0.436,1.14,2.488,53.58,43.35,16.96,2.2,-47.25,83.14
2026-01-02 07:13:00,R07,Navigation,Zone_C,35.09,57.82,23.92,5.39,1.602,16.82,1726.3,62.41,0,42.6,8.52,100.55,48.39,-0.22,-0.023,9.965,-2.363,1.045,3.843,67.99,49.9,0.59,34.36,-61.48,108.38
2026-01-02 07:14:00,R02,Navigation,Zone_B,37.82,57.02,25.65,5.92,0.146,8.98,1342.1,54.52,3,60,0.04,99.65,160.87,-0.363,-0.165,9.969,0.236,-0.121,2.512,63.97,46.31,6.72,18.39,-39.25,130.57
2026-01-02 07:15:00,R01,Navigation,Zone_B,38.57,58.77,25.06,2.34,1.326,5.44,1412,51.91,2,144.4,8.63,100.33,53.48,-0.134,-0.09,10.312,-1.344,1.258,0.586,58.77,59.43,15.47,12.38,-44.26,232.32
2026-01-02 07:16:00,R08,Idle,Zone_B,34.68,47.09,23.67,1.51,0.084,10.69,1392.9,55.96,5,195.4,0.32,97.42,235.26,-0.204,-0.01,9.689,0.664,-0.055,3.137,57.44,39.47,27.88,6.54,-46.84,99.51
2026-01-02 07:17:00,R06,Inspection,Zone_D,44.8,63.91,22.89,6.04,0.94,4.66,1216.7,50.2,3,335.9,2.65,101.12,74.78,0.344,0.14,9.892,3.023,-0.66,0.23,56.96,49.12,2.46,18.36,-50.02,166.69
2026-01-02 07:18:00,R06,Pick-and-Place,Zone_C,37.44,37.72,25.93,2.32,0.575,11.64,1316.5,46.64,4,357.5,1.53,98.88,46.82,-0.174,0.442,9.688,-3.993,-0.495,5.826,77.35,49.44,3.71,3.57,-59.86,95.67
2026-01-02 07:19:00,R03,Charging,Zone_C,40.39,49.23,22.98,2.89,0.101,5.54,1275.2,53.17,1,392.7,5.37,101.22,33.97,-0.034,-0.48,9.437,-1.458,0.618,0.863,61.92,46.61,20.23,50.57,-59.68,76.72
2026-01-02 07:20:00,R05,Pick-and-Place,Zone_B,44.69,53.59,23.87,6.59,0.451,3.9,1440,47.34,4,203.1,7.01,106.75,88.54,-0.244,-0.12,10.369,-3.911,1.658,1.937,67.48,44.48,1.02,31.76,-57.56,108.22
2026-01-02 07:21:00,R02,Navigation,Zone_B,39.03,41.14,22.78,3.96,0.306,4.33,1452.8,51.6,3,305.9,5.76,103.65,53.63,0.04,-0.311,9.48,1.01,1.863,-1.255,62.71,51.17,10.33,51.57,-47.87,103.27
2026-01-02 07:22:00,R03,Idle,Zone_A,42.1,51.97,23.69,1.65,0.428,8.2,1572.8,53.9,2,124.3,1.15,104.88,72.03,0.037,-0.457,9.512,5.27,0.838,2.94,69.24,43.57,7.06,4.4,-61.04,183.81
2026-01-02 07:23:00,R07,Inspection,Zone_B,38.7,62.53,25.37,5.39,1.097,10.49,1642.9,49.83,2,165.7,13.17,105.8,177.67,0.075,-0.012,9.902,-1.875,1.585,-0.117,65.57,43.76,11.28,23.07,-58.5,139.96
2026-01-02 07:24:00,R08,Inspection,Zone_C,36.33,63.01,25.77,6.39,0.645,4.41,1427.5,44.72,4,36.8,5.95,99.11,49.05,-0.395,-0.292,9.771,1.424,-1.532,1.039,62.3,50.38,4.58,7.17,-39.06,100.28
2026-01-02 07:25:00,R06,Idle,Zone_C,37.07,63.01,25.95,2.17,0.239,7.1,1764.4,53.07,4,174.6,0.17,101.4,100.96,0.108,-0.166,9.511,-1.243,-2.912,0.207,63.39,54.73,20.46,91.44,-72.03,106.04
2026-01-02 07:26:00,R06,Pick-and-Place,Zone_C,40.95,63.28,24.89,1.48,1.462,11.39,1280.3,49.32,5,145.9,1.96,101.4,228.2,0.271,-0.046,9.799,0.059,1.615,-1.884,74.31,52.83,7.04,2.73,-59.13,86.75
2026-01-02 07:27:00,R03,Charging,Zone_A,39.26,58.9,22.44,1.61,1.175,4.25,1320.9,48.38,3,129.4,0.33,97.57,38.55,-0.446,-0.539,9.888,-1.529,0.859,-1.17,68.17,49.11,3.91,12.09,-42.59,104.51
2026-01-02 07:28:00,R04,Pick-and-Place,Zone_C,44.02,37.67,21.98,3.03,3.416,3.5,1536.6,44.31,2,170.7,2.08,99.99,127.84,-0.292,0.121,10.024,0.702,0.043,2.509,67.97,49.62,0.97,82.16,-40.01,91.23
2026-01-02 07:29:00,R05,Charging,Zone_D,35.38,41.52,24.66,3.05,0.432,1.93,1573.8,54.69,5,10.3,3.7,100.03,184.26,-0.153,0.447,9.901,0.774,1.143,5.182,66.81,51.97,29.21,6.71,-47.74,89.24
2026-01-02 07:30:00,R06,Inspection,Zone_C,41.67,46.57,24.85,4.4,0.791,4.28,1279.6,59.07,0,34,1.02,100.26,88.02,0.069,-0.496,10.09,1.815,-2.938,4.302,58.34,52.88,5.88,6.53,-54.3,105.4
2026-01-02 07:31:00,R05,Inspection,Zone_C,40.61,54.9,25.05,1.93,0.708,8.39,1198.9,43.58,2,236.1,0.38,100.32,81.55,0.294,0.158,9.838,-0.364,5.841,4.034,70.91,48.03,14.94,42.01,-46.52,68.37
2026-01-02 07:32:00,R05,Navigation,Zone_C,40.7,46.99,24.08,1.67,0.978,5.13,1260.8,54.3,3,316.2,1.66,101.64,76.25,0.003,-0.47,10.076,0.233,-1.431,-0.305,56,47.29,10.7,15.06,-55.81,182.18
2026-01-02 07:33:00,R04,Navigation,Zone_D,41.29,44.05,25.55,2.75,0.343,4.18,1363.5,59.83,0,353.4,0.06,103.17,151.17,0.119,-0.106,10.072,-1.953,-3.372,-0.099,76.38,42.98,27.86,45.41,-58.44,102.91
2026-01-02 07:34:00,R08,Navigation,Zone_C,37.15,56.35,22.27,2.36,0.557,9.41,1774.7,51.77,1,96,0.84,102.21,103.43,0.141,0.041,9.424,-0.418,0.051,-8.245,65.03,45.35,4.58,4.39,-60.37,73.41
2026-01-02 07:35:00,R01,Pick-and-Place,Zone_C,38.59,68.3,25.76,0.68,0.505,10.99,1608.2,42.77,3,390.4,0.08,96.44,159.65,-0.148,0.441,9.884,-1.4,-2.594,-0.695,62.98,46.72,6.25,17.95,-64.61,70.38
2026-01-02 07:36:00,R01,Navigation,Zone_D,41.8,43.55,22.92,3.95,2.972,10.27,1428.8,54.59,0,134.2,1.35,100.48,151.73,0.032,-0.295,9.903,0.091,-0.138,0.141,71.23,49.6,31.02,8.74,-39.54,128.51
2026-01-02 07:37:00,R05,Pick-and-Place,Zone_C,41.46,55.48,22.44,3.92,2.909,6.74,1610.2,54.7,4,245.6,2.07,101.99,61.83,-0.127,-0.374,9.987,3.556,-0.597,-0.493,70.42,45.82,13.38,17.62,-53.12,200.24
2026-01-02 07:38:00,R08,Idle,Zone_C,44.31,56.27,23.49,7.23,1.669,4.41,1457.9,60.77,3,152.4,0.39,102.19,55.74,0.547,-0.101,9.858,2.844,-3.566,2.87,73.79,46.91,13.23,24.5,-56.18,33.38
2026-01-02 07:39:00,R08,Navigation,Zone_C,35.05,44.18,25.76,4.38,0.391,6.49,983.5,55.88,2,126,1.44,95.96,103.07,-0.001,-0.048,9.86,-3.223,0.641,-0.266,69.79,56.08,3.82,8.69,-57.88,119.98
2026-01-02 07:40:00,R04,Inspection,Zone_D,46.77,56.9,25.15,1.63,0.094,4.7,1781.6,48.31,2,120.6,2.73,95.1,132.42,-0.356,-0.137,9.837,1.546,0.679,-4.147,61.98,49.64,14.46,101.62,-57.08,101.47
2026-01-02 07:41:00,R04,Pick-and-Place,Zone_D,45.32,62.15,23.9,6.74,0.96,3.67,1406.3,61.67,1,217.6,4.14,100.53,81.29,0.079,-0.262,9.798,0.035,2.56,0.315,77.18,55.47,9.51,10.67,-66.68,74.27
2026-01-02 07:42:00,R07,Pick-and-Place,Zone_A,42.47,55.08,24.66,7.96,0.915,7.26,1606.7,49.43,5,207,18.76,100.95,71.7,-0.263,-0.123,9.646,2.193,-1.295,3.11,77.97,51.35,2.51,0.16,-42.91,101.64
2026-01-02 07:43:00,R07,Inspection,Zone_D,39.01,40.25,22.59,5.69,0.032,10.91,1681.3,48.03,2,388,1.56,101.96,81.9,-0.4,0.11,9.402,-2.382,1.61,0.009,69.39,50.8,31,107.9,-65.04,169.69
2026-01-02 07:44:00,R03,Idle,Zone_D,39.3,59.15,22.17,9.4,1.337,7.69,1359.1,51.49,3,289.8,0.15,98.36,34.49,-0.465,-0.161,9.251,-2.561,0.235,0.366,72.82,43.57,17.86,33.32,-51.64,80.41
2026-01-02 07:45:00,R08,Pick-and-Place,Zone_B,45.63,58.3,23.19,4.91,1.042,9.48,1524.6,46.11,1,54,13.23,100.84,109.9,0.154,-0.124,9.996,1.491,-0.483,-0.889,69.59,47.26,10.83,7.04,-64.9,115.63
2026-01-02 07:46:00,R04,Inspection,Zone_B,47.17,72.32,25.21,7.99,1.284,11.2,1562.2,50.88,3,104.2,8.56,102.85,160.7,0.098,-0.218,9.691,2.14,-0.838,-0.241,77.38,50.56,6.38,50.35,-59.52,120.21
2026-01-02 07:47:00,R08,Pick-and-Place,Zone_D,43.91,64.75,23.65,6.9,3.001,3.23,1282.4,56.72,1,92.6,4.25,102.91,43.25,-0.208,0.148,9.779,-2.023,-2.298,-1.524,66.68,47.4,9.85,21.27,-61.83,177.28
2026-01-02 07:48:00,R06,Charging,Zone_C,39.31,56.32,22.72,3.66,2.128,3.82,1475.3,56.08,3,397.3,7.19,99.7,321.59,-0.32,0.033,9.41,-3.368,0.029,-0.605,69.23,42.55,8.73,147.65,-50.88,73.6
2026-01-02 07:49:00,R03,Inspection,Zone_A,38.18,63.82,24.04,2.41,1.296,10.16,1262.1,53.63,4,96.2,1.32,100.28,51.34,0.104,0.353,9.84,1.026,-0.563,1.313,59.69,48.16,4.96,9.42,-65.78,169.37
2026-01-02 07:50:00,R08,Pick-and-Place,Zone_C,43.39,55.16,23.85,4.59,0.13,4.03,1590.9,54.63,3,325.8,0.31,99.88,20.2,-0.035,-0.13,9.912,-1.529,-2.656,-0.8,58.24,47.63,11.02,0.26,-62.99,143.52
2026-01-02 07:51:00,R08,Navigation,Zone_B,38.57,48.91,23.39,5,0.136,7.17,1628.3,47.03,4,154.7,0.14,98.42,47.99,0.059,-0.04,9.82,3.672,-3.664,-3.109,69.23,42.09,7.35,10.1,-52.54,152.29
2026-01-02 07:52:00,R07,Idle,Zone_A,40.5,49.45,25.09,4.7,2.258,10.17,1637.8,49.35,0,41.9,6.87,99.2,66.73,-0.224,0.048,10.312,2.472,-1.393,-0.509,53.3,45.14,14.15,1.25,-61.28,153.2
2026-01-02 07:53:00,R02,Navigation,Zone_A,39.39,60.18,22.3,4.32,0.743,8.47,1496.4,53.59,3,109.9,0.56,100.46,31.42,-0.338,0.249,10.13,0.651,1.6,-2.102,59.55,50.65,22.27,7.38,-60.66,93.57
2026-01-02 07:54:00,R07,Idle,Zone_C,43.07,55.21,23.02,9.61,0.654,9.68,1555.9,52.38,1,44.6,1.59,103.2,123.67,-0.009,0.348,10.135,4.78,1.657,1.408,77.45,41.96,14.94,34.38,-67.41,115.89
2026-01-02 07:55:00,R03,Navigation,Zone_B,44.01,44.77,24.85,2.2,3.336,5.25,1482.9,54.12,4,293.3,0.24,100.42,157.31,-0.071,0.189,9.474,-1.121,-2.857,0.156,73.85,51.04,20.91,8.11,-53.36,93.6
2026-01-02 07:56:00,R02,Idle,Zone_D,40.74,47.78,22.71,2.38,0.127,10.69,1283.8,42.94,3,365.8,2.55,100.83,266.36,0.113,-0.071,9.539,1.167,1.437,1.904,67.97,47.75,4.12,49.36,-63.44,68.92
2026-01-02 07:57:00,R05,Inspection,Zone_B,37.1,62.14,25.82,4.49,0.711,3.57,1409.5,57.51,1,241.7,0.3,100.93,178.18,-0.138,0.246,9.829,2.597,2.275,2.827,72.23,47.31,3.52,37.62,-61.07,94.68
2026-01-02 07:58:00,R04,Idle,Zone_B,42.32,42.7,25.53,3.09,0.627,12.88,1312,51.63,2,78.1,1.42,102.24,129.07,0.223,0.772,9.018,2.083,1.945,-2.264,69.5,47.31,4.42,21.45,-51.17,64.58
2026-01-02 07:59:00,R08,Idle,Zone_A,42.05,48.62,24.55,17.03,0.16,5.91,1371.9,54.18,4,67.4,2.54,101.42,58.88,-0.003,0.033,9.748,-0.591,0.413,-1.07,65.47,50.36,6.53,29.74,-52.08,81.14
2026-01-02 08:00:00,R01,Pick-and-Place,Zone_B,43,49.9,24.48,6.49,1.399,3.79,1682.7,44.54,1,131.3,6.33,99.66,96.01,0.248,-0.071,9.936,-0.487,4.374,-0.731,73.37,55.98,17.91,35.07,-52.26,53.32
2026-01-02 08:01:00,R04,Charging,Zone_D,37.03,57.08,23.02,4.28,0.026,11.72,1392,45.07,4,378.1,0.62,99.88,88.94,0.009,-0.186,10.326,1.592,-4.936,-1.068,66.44,53.99,4.58,24.87,-56.48,182.39
2026-01-02 08:02:00,R02,Inspection,Zone_D,35.4,54.29,25.73,2.98,1.216,12.03,1411,52.83,4,288.4,7.69,101.87,80.24,-0.334,0.429,10.272,3.625,-2.586,-1.698,66.51,43.56,18.25,70.73,-50.39,150.43
2026-01-02 08:03:00,R04,Pick-and-Place,Zone_D,37.21,57.13,22.46,0.92,0.091,2.77,1378.3,35.28,3,209.2,1.73,102.03,127.5,0.57,-0.243,9.483,-2.675,3.27,0.512,67.84,47.09,4.9,85.04,-65.12,59.08
2026-01-02 08:04:00,R07,Charging,Zone_B,39.18,44.1,22.05,4.31,0.219,5.2,1501.5,55.34,4,356.6,4.76,100.51,154.65,-0.028,0.168,9.549,0.725,-0.871,-1.282,68.07,42.56,2.64,11.58,-61.5,113.31
2026-01-02 08:05:00,R03,Charging,Zone_D,43.92,49.39,23.02,2.46,0.091,2.35,1783.9,51.65,3,37.4,0.19,100.7,102.45,-0.403,-0.092,9.9,-2.664,0.04,0.473,65.76,52.77,6.98,7.57,-57.16,109.09
2026-01-02 08:06:00,R04,Navigation,Zone_C,38.21,49.43,25.55,2.75,0.009,4.59,1414.7,53.55,4,353.8,0.03,100.66,56.84,0.053,0.048,9.794,-1.257,-2.24,2.023,60.82,47.13,2.5,44.58,-51.55,136.96
2026-01-02 08:07:00,R06,Navigation,Zone_D,38.72,56.12,22.15,1.78,5.331,6.91,1364,57.88,2,388.9,3.62,99.98,43.87,-0.078,-0.013,9.913,0.251,1.249,-0.376,64.79,51.32,7.49,1.65,-63.37,43.89
2026-01-02 08:08:00,R04,Pick-and-Place,Zone_C,39.22,54.83,22,4.83,0.017,5.94,1394.1,49.24,2,115,1.9,99.51,32.58,-0.148,0.197,9.963,-0.822,-2.464,-0.443,75.12,52.77,6.77,0.19,-35.09,167.37
2026-01-02 08:09:00,R04,Navigation,Zone_A,36.96,43.86,22.68,1.72,0.083,28.82,1482.1,47.82,3,261.8,0.06,101.53,58.52,0.403,-0.035,10.875,0.987,-0.273,2.26,71.95,50.6,30.38,11.13,-72.35,61.98
2026-01-02 08:10:00,R05,Charging,Zone_C,39.28,69.41,22.75,6.4,1.505,2.38,1741.8,55.21,3,36.2,1.42,96.55,154.13,0.221,-0.023,9.875,-0.001,0.923,0.435,69.91,53.76,18.52,0.09,-40.88,109.12
2026-01-02 08:11:00,R07,Navigation,Zone_B,42.71,57.33,25.69,3.83,1.798,4.34,1447.1,44.35,6,399.6,1.41,101.29,94.48,0.062,0.498,9.877,0.129,1.733,-0.243,77.27,50.71,14.33,26.37,-60.02,141.47
2026-01-02 08:12:00,R06,Charging,Zone_B,35.62,54.06,24.45,1.04,0.247,5.36,1214.7,52.56,4,93.7,0.64,104.04,60.99,-0.067,0.042,9.832,-1.793,1.529,2.541,55.36,50.93,10.94,169.21,-62.08,161.14
2026-01-02 08:13:00,R03,Navigation,Zone_B,42.51,62.25,25.47,1.57,0.264,3.46,1418.2,55.31,6,130.1,1.22,99.05,107.73,-0.165,0.441,9.356,-4.291,1.893,-3.078,63.59,42.06,3.96,6.24,-58.3,99.89
2026-01-02 08:14:00,R07,Navigation,Zone_C,38.84,53.75,22.6,4.91,0.528,4.93,1275.3,56.11,2,356.1,1.71,97.4,156.03,-0.31,0.319,10.118,1.888,-2.043,-2.76,68.09,42.42,38.36,62.49,-74.98,63.14
2026-01-02 08:15:00,R06,Navigation,Zone_D,34.23,56.04,25.8,3.68,0.071,3.57,1635.2,54.61,3,30.4,0.29,103.99,72.85,0.133,-0.191,9.892,2.288,1.501,-0.269,77.07,49.05,12.29,50.83,-52.44,117.81
2026-01-02 08:16:00,R05,Inspection,Zone_B,43.31,45.87,25.1,1.37,0.4,13.83,1746.2,65.35,1,71,5.23,103.33,98.78,-0.636,-0.178,9.997,-2.203,-0.946,1,60.74,47.29,7.52,17.48,-52.39,106.8
2026-01-02 08:17:00,R03,Pick-and-Place,Zone_A,37.04,48.17,23.92,2.02,0.388,6.58,1508.6,48.23,3,126,2.56,99.47,83.63,0.369,0.472,9.687,0.237,-0.186,-0.982,60.84,50.26,7.92,45.85,-62.5,82.44
2026-01-02 08:18:00,R02,Navigation,Zone_D,41.88,54.18,22.04,4.11,0.367,5.77,1675.2,50.25,3,143.6,2.79,100.96,33.89,0.463,0.019,9.845,-4.131,1.531,-2.023,71.63,42.74,13.98,18.61,-48.92,137.38
2026-01-02 08:19:00,R03,Pick-and-Place,Zone_A,34.29,52.36,23.01,6.68,1.209,7.37,1607.9,48.81,4,102.1,0.02,103.74,103.41,-0.227,-0.17,9.243,1.672,1.058,1.891,58.45,49.59,14.19,29.57,-60.02,111.74
2026-01-02 08:20:00,R03,Pick-and-Place,Zone_D,41.26,43.81,22.53,2.15,0.372,4.07,1341.4,45.88,1,273.1,4.21,100.9,62.55,-0.371,0.146,10.182,-0.633,0.325,2.112,65.1,46.18,15.71,43.6,-57.04,200.18
2026-01-02 08:21:00,R08,Navigation,Zone_A,38.42,48.58,25.53,5.71,1.804,7.68,1537.7,53.83,5,194.8,1.46,104.82,85.37,0.017,-0.3,10.084,-1.052,0.748,-0.47,64.69,52.09,25.18,86.78,-53.62,134.5
2026-01-02 08:22:00,R01,Idle,Zone_A,38.95,52.77,22.75,4.76,0.378,5.22,1159.4,50.73,4,54.4,0.58,102.81,63.03,0.305,0.225,9.636,0.229,-3.177,-2.255,57.8,57.74,14.63,18.63,-58.94,72.44
2026-01-02 08:23:00,R01,Idle,Zone_B,33.79,58.24,23.47,3.2,0.121,8.41,1395.9,54.58,5,165.9,0.6,102.25,86.46,0.15,-0.214,10.109,1.415,-0.492,0.909,66.07,43.96,7.51,6.63,-43.64,93.99
2026-01-02 08:24:00,R06,Inspection,Zone_B,37.84,54.41,24.48,3.67,0.909,7.97,1498.2,51.36,1,108.7,0.52,103.09,40.82,-0.074,-0.252,9.562,2.797,0.902,0.265,83.79,47.53,3.58,13.68,-52.54,69.47
2026-01-02 08:25:00,R01,Navigation,Zone_B,40.8,68.06,22.09,1.87,0.225,5.27,1631.9,53.73,1,378.8,0.28,100.52,71.22,-0.182,0.249,9.32,0.712,1.837,1.568,61.37,46.74,18.89,25.6,-60.26,213.99
2026-01-02 08:26:00,R04,Navigation,Zone_C,40.07,50.29,23.58,3.61,0.064,13.85,1523.1,51.85,5,396,6.79,98.44,126.67,0.352,-0.244,9.873,-0.516,-2.058,2.752,54.66,49.8,4.59,57.39,-46.68,95.23
2026-01-02 08:27:00,R06,Navigation,Zone_C,40.82,61.51,25.36,4.89,0.216,5.61,1584.5,54.93,3,207.2,3.58,99.57,119.95,-0.217,0.101,10.185,-0.893,2.434,1.508,64.35,46.38,7.44,27.86,-60.49,87.42
2026-01-02 08:28:00,R01,Inspection,Zone_B,43.25,59.81,23.32,2.23,1.324,8.66,1182.5,58.81,1,82.6,2,101.38,98.01,-0.198,0.011,9.914,3.533,-2.063,-0.02,67.29,43.48,18.56,23.22,-75.46,120.69
2026-01-02 08:29:00,R08,Pick-and-Place,Zone_B,42.72,59.89,24.67,3.03,0.616,15.05,1250.5,49.71,6,365.1,7.87,100.09,180.09,0.409,0.364,9.561,-1.245,-2.571,3.399,61.04,43.77,19.94,78.73,-53.84,39.84
2026-01-02 08:30:00,R06,Pick-and-Place,Zone_D,35.91,45.51,25.42,6.15,0.892,1.57,1374.2,41.68,3,183.8,2.4,99.76,161.97,-0.366,0.045,9.431,-1.134,0.899,0.426,61.72,53.3,8.88,11.98,-61.34,117.53
2026-01-02 08:31:00,R03,Charging,Zone_B,43.18,60.05,22.52,3.41,0.765,7.27,1420.9,54.56,3,184.2,3.48,99.71,142.9,-0.532,0.157,9.711,-3.934,-2.867,-2.24,80.72,47.3,9.87,20.33,-66.3,92.83
2026-01-02 08:32:00,R01,Charging,Zone_B,40.28,47.82,25.2,1.82,0.353,12.75,1466.4,51.67,4,,6.15,104.06,179.61,0.317,0.331,9.59,1.031,-0.657,-3.285,58.17,42.5,22.53,38.82,-51.59,131.7
2026-01-02 08:33:00,R02,Inspection,Zone_B,43.67,48.84,25.24,2.87,0.806,11.47,1260.6,54.14,4,103.5,0.87,105.27,80.47,0.262,-0.146,9.493,-1.581,2.258,-1.422,63.73,50.97,17.74,20.38,-58.95,143.62
2026-01-02 08:34:00,R03,Pick-and-Place,Zone_B,38.78,55.46,24.18,5.43,1.467,5.24,1654.3,58.43,7,179.3,3.66,102.07,57.59,0.11,0.01,9.754,-1.458,-1.679,2.661,66.98,43.7,7.11,13.01,-55.78,48.85
2026-01-02 08:35:00,R05,Charging,Zone_B,36.85,58.59,25.74,3.79,3.578,10.75,1326.2,57.21,2,196.9,8.01,100.22,111.77,0.144,-0.255,9.669,-0.024,-3.066,-0.056,59.95,46.2,19.01,37.69,-51.26,213.52
2026-01-02 08:36:00,R03,Pick-and-Place,Zone_A,41.66,58.84,22.75,3.08,0.013,9.78,1335.1,52.2,2,56.7,0.46,102.58,97.08,0.041,0.063,9.807,1.603,-1.492,-2.269,57.51,50.51,6.79,6.01,-61.85,198.82
2026-01-02 08:37:00,R03,Inspection,Zone_C,49.79,53.74,25.59,2.42,0.523,9.23,1423.8,53.86,1,213.5,0.74,102.1,60.97,0.531,-0.014,9.502,-0.904,4.307,2.152,74.41,45.4,19.49,10.21,-40.8,142.42
2026-01-02 08:38:00,R05,Idle,Zone_D,42.04,48.61,25.06,7.58,0.432,6.06,1411.8,53.73,5,137.6,1.04,100.86,83.37,-0.132,-0.099,8.898,-0.59,-1.391,0.892,65.29,43.83,7.38,10.84,-57.17,70.17
2026-01-02 08:39:00,R08,Idle,Zone_C,39.95,41.99,22.35,2.82,1.37,7.61,1244.8,46.44,5,92.8,5.97,105.2,97.92,0.643,-0.185,9.36,-0.455,-1.033,1.242,61.69,50.02,2.25,36.23,-59.21,153.67
2026-01-02 08:40:00,R03,Inspection,Zone_A,36.86,51.11,24.94,1.39,0.636,9.58,1212,48.37,5,287.8,0.55,101.74,61.41,0.269,-0.06,9.69,2.554,-1.432,0.923,78.15,45.29,8.94,3.44,-51.57,93.63
2026-01-02 08:41:00,R04,Pick-and-Place,Zone_D,43.47,49.17,23.09,3,0.29,4.69,1576.8,43.62,3,184.3,6.09,104.57,145.05,-0.066,0.036,9.592,-4.631,0.49,-2.054,69.52,54.66,22.61,9.1,-48.76,62.48
2026-01-02 08:42:00,R02,Idle,Zone_D,38.94,70.95,23.39,7.73,3.118,5.63,1460.4,58.23,6,91.7,5.6,101.62,87.82,0.266,-0.103,9.832,-0.391,-5.692,-3.309,67.23,52.13,25.72,12.47,-64.62,108.57
2026-01-02 08:43:00,R05,Pick-and-Place,Zone_D,37.7,52.89,23.71,6.62,0.743,2.71,1623.4,55.51,6,370,4.41,98.86,590.21,0.063,0.335,9.652,0.421,1.496,1.141,71.94,49.53,8.2,17.13,-59.07,134.86
2026-01-02 08:44:00,R03,Navigation,Zone_D,37.28,58.86,25.91,1.71,0.599,8.14,988.7,59.8,1,21.2,4.61,101.51,127.11,0.155,0.136,9.626,1.58,-3.691,2.506,65.13,44.97,29.18,79.03,-55.36,119.31
2026-01-02 08:45:00,R08,Pick-and-Place,Zone_B,49.06,55.65,23.48,2.46,0.462,2.65,1404.8,47.91,1,147.8,0.58,103.49,133.57,-0.426,0.143,9.645,0.397,2.163,1.058,65.22,47.95,26.14,14.75,-59.41,40.54
2026-01-02 08:46:00,R04,Pick-and-Place,Zone_A,39.11,63.54,22,8.6,0.296,5.72,1354.1,48.29,2,110.2,1.32,98.85,75.46,0.051,-0.341,9.869,2.007,1.298,5.799,69.95,42.5,2.37,1.13,-60.09,211.11
2026-01-02 08:47:00,R04,Pick-and-Place,Zone_A,,50.79,24.04,5.57,0.091,6.55,1193.7,48.7,3,314.9,1.62,102.52,154.81,-0.087,0.071,9.558,2.411,-1.244,-0.351,68.04,55.16,16.7,38.65,-55.18,153.99
2026-01-02 08:48:00,R07,Inspection,Zone_A,43.13,46.18,24.48,1.05,1.282,9.32,1370.6,46.01,7,28.7,2,98.78,66.03,-0.018,0.029,9.891,-0.328,1.194,-1.441,60.14,51.5,11.23,4.63,-53.38,127.24
2026-01-02 08:49:00,R03,Navigation,Zone_B,37.24,60.24,25.71,2.99,1.034,4.3,1288.9,56.65,2,69.3,3.68,104.63,64.97,0.74,0.104,9.902,-0.604,1.224,-0.136,57.44,51.73,8.41,22.67,-69.31,64.31
2026-01-02 08:50:00,R01,Pick-and-Place,Zone_C,40.83,63.65,22.74,0.63,0.685,5.62,1519.1,53.63,4,291.4,4.45,100.67,53.73,-0.134,-0.053,9.898,-0.642,-1.372,-1.788,72.32,43.87,23.89,11.11,-64.25,111.1
2026-01-02 08:51:00,R04,Pick-and-Place,Zone_D,43.97,71.07,22.37,5.63,0.469,2.46,1341.1,53.74,6,275.9,0.8,100.47,115.84,0.499,-0.311,10.226,-1.115,0.781,-2.555,58.41,47.93,4.29,14.44,-65.89,60.29
2026-01-02 08:52:00,R03,Inspection,Zone_B,46.32,54.69,24.23,4.43,2.286,9.02,1824.3,56.92,0,60.7,2.49,102.28,28.44,-0.263,-0.235,9.852,1.021,-1.875,0.938,65.37,49.77,21.42,29.83,-63.39,159.41
2026-01-02 08:53:00,R08,Navigation,Zone_C,41.19,51.59,23.41,3.59,0.098,6.9,1495.9,55.36,3,100.1,0.2,104.28,40.1,-0.267,0.155,9.583,0.739,-0.698,-2.399,65.28,45.25,15.97,3.19,-51.84,86.72
2026-01-02 08:54:00,R04,Pick-and-Place,Zone_D,42.73,54.93,23.52,2.74,0.05,4.62,1433.3,55.28,1,235.4,9.96,100.09,42.72,-0.045,0.3,9.732,1.756,-0.407,-0.844,64.78,45.43,14.95,37.72,-53.69,99.68
2026-01-02 08:55:00,R04,Navigation,Zone_B,36.22,37.64,23.02,2.41,0.35,7.35,1548.1,56.83,1,267.7,0.98,100.3,83.59,0.1,0.085,9.729,1.065,2.228,-0.241,60.64,47.59,4.42,5.61,-65.81,87.55
2026-01-02 08:56:00,R05,Navigation,Zone_A,41.1,62.51,25.14,1.81,0.432,7.02,1969.2,44.65,2,362.1,1.29,102.15,40.47,-0.19,-0.208,9.805,2.422,-2.134,0.7,76.12,48.76,4.12,3.28,-44.09,121.98
2026-01-02 08:57:00,R04,Idle,Zone_A,42.26,61.06,24.21,2.33,0.204,3.57,1420.9,54.84,5,175.8,3.07,99.53,47.39,0.03,0.255,9.639,0.82,0.628,-0.909,60.75,45.24,19.77,48.8,-69.91,97.25
2026-01-02 08:58:00,R05,Navigation,Zone_A,37.69,58.13,24.72,4.11,0.785,11.09,1588.5,42.85,0,348.5,1.92,99.24,93.84,0.052,0.043,9.341,1.06,2.043,-1.284,59.32,44.83,1.58,50.92,-47.8,148.45
2026-01-02 08:59:00,R03,Idle,Zone_C,38.75,49.33,21.94,4.59,1.1,4.63,1446.4,43.26,1,160.9,2.59,100.71,99.47,0.168,-0.247,9.855,-3.952,-1.028,-0.27,74.94,56.54,3.12,5.64,-62.07,157.43
2026-01-02 09:00:00,R05,Inspection,Zone_D,41.64,48.4,22.47,9.91,4.711,2.84,1601.9,58.3,4,75.8,1.02,102.57,56.36,-0.118,0.434,9.522,-3.027,-0.417,-2.29,78.99,40.78,19.81,8.85,-50.98,41.71
2026-01-02 09:01:00,R06,Navigation,Zone_C,36.5,49.79,23.36,2.49,0.027,2.1,1451.5,55.4,5,361.1,3.08,100.92,86.55,0.066,-0.104,9.756,-3.45,-2.56,1.52,63.69,50.47,10.09,19.11,-47.65,96.5
2026-01-02 09:02:00,R05,Idle,Zone_A,41.67,55.08,22.88,6.4,0.945,3.15,1186.9,54.98,2,159.7,2.54,99.05,39.99,-0.154,0.209,10.315,-0.007,1.843,-2.838,52.27,45.21,14.65,8.63,-48.12,146.55
2026-01-02 09:03:00,R01,Inspection,Zone_D,39.64,61.3,25.69,2.15,0.467,6.48,1470,50.13,4,243.7,1.21,101.64,72.37,0.412,-0.136,9.491,-1.704,-0.512,2.951,60.73,48.05,2.95,14.07,-54.38,149.82
2026-01-02 09:04:00,R07,Pick-and-Place,Zone_B,42.45,47.93,25.27,1.54,1.076,15.75,1579.8,48.18,4,66.9,6.75,98.66,74.54,0.031,-0.177,9.728,-3.502,1.738,-0.424,75.51,51.25,9.35,11.01,-52.61,143.19
2026-01-02 09:05:00,R04,Idle,Zone_B,41.62,59.6,23.3,3.5,0.183,10.27,1733.1,48.17,1,320.2,4.42,97.7,91.66,-0.104,0.05,10.026,1.767,-2.129,-1.916,73.41,48.45,32.59,3.18,-31.49,136.21
2026-01-02 09:06:00,R05,Navigation,Zone_D,42.34,56.55,25.11,1.9,0.834,9.21,1570.3,58.41,3,346.9,1.89,102.98,156.18,0.171,0.041,10.224,-2.03,5.064,-1.062,55.97,50.13,7.85,0.79,-54.97,104.18
2026-01-02 09:07:00,R06,Inspection,Zone_B,34.93,59.62,22.46,4.26,0.959,7.28,1542,56.81,2,164.5,2.37,104.61,37.86,0.025,0.384,9.951,1.525,2.535,-1.826,64.86,50.87,11.85,44.99,-49.21,51.16
2026-01-02 09:08:00,R04,Navigation,Zone_C,42.26,60.75,25.8,2.53,0.298,6.16,1585.9,61.26,3,152.1,2.67,100.24,157.92,0.503,0.578,9.289,0.021,0.886,1.084,66.62,42.06,28.76,30.91,-53.29,128.33
2026-01-02 09:09:00,R06,Pick-and-Place,Zone_B,45.23,63.91,23.75,4.32,0.195,3.95,1721.3,56.79,5,43.5,1.04,95.89,52.18,-0.071,0.069,9.702,1.714,2.027,0.922,62.8,51.05,3,20.07,-65.48,173.87
2026-01-02 09:10:00,R02,Idle,Zone_B,40.56,47.1,25.32,7.47,0.322,8.32,1459.2,48.28,3,188.8,6.63,102.95,94.95,-0.219,0.155,10.152,-0.639,-1.333,-0.263,62.73,49.87,0.27,72.01,-54.92,168.9
2026-01-02 09:11:00,R07,Navigation,Zone_A,37.34,46.64,23.52,3.43,0.159,12.58,1409.3,51.28,2,216.6,0.01,96.78,101.33,0.055,0.331,9.903,0.211,0.014,-0.14,75.07,43.98,3.66,31.83,-49.92,74.07
2026-01-02 09:12:00,R07,Navigation,Zone_D,44.9,60.54,23.32,0.59,0.694,7.63,1385.7,56.77,2,219.2,1.21,99.58,99.78,0.107,-0.202,10.087,-1.157,-1.313,4.101,72.13,47.05,0.84,0.03,-53.91,151.17
2026-01-02 09:13:00,R05,Navigation,Zone_C,37.57,58.32,25.86,7.78,0.184,6.03,1145.9,48.19,2,83.1,0.26,98.16,265,-0.387,0.113,9.857,1.944,-1.473,0.704,64.34,49.05,10.59,20.1,-57.7,50.27
2026-01-02 09:14:00,R04,Navigation,Zone_A,40.23,61.47,22.95,7.18,3.362,8.72,1418.2,45.02,5,12.8,1.05,103.28,103.31,-0.063,0.378,9.775,-3.133,-1.585,2.341,59.84,48,5.87,0.99,-55.43,70.85
2026-01-02 09:15:00,R08,Idle,Zone_C,38.81,66.62,23.38,3.82,0.307,3.94,1379.2,50.5,2,51.5,3.25,100.89,106.24,0.182,0.144,9.949,-0.831,0.687,0.16,67.9,39.65,26.88,20.49,-47.63,104.23
2026-01-02 09:16:00,R02,Idle,Zone_A,35.58,49.6,24.81,5.2,1.387,13.41,1280,86.09,2,333.9,1.8,101.8,124.07,0.187,0.066,9.883,-4.07,-2.767,-4.067,64.5,48.13,19.13,3.01,-52.65,135.19
2026-01-02 09:17:00,R04,Navigation,Zone_B,39.94,61.74,24.54,4.74,0.114,10.86,1568.5,50.03,4,286.5,4.21,97.36,138.11,0.4,-0.177,9.931,3.774,-0.025,-0.817,73.23,41.11,9.83,29.59,-60.93,54.14
2026-01-02 09:18:00,R05,Navigation,Zone_C,37.9,73.85,22.04,3.1,0.648,4.77,1096.1,50.71,2,301.5,2.23,107.24,174.29,0.178,-0.08,10.107,1.44,2.841,-1.445,65.43,51.21,16.93,22.2,-45.86,79.31
2026-01-02 09:19:00,R05,Inspection,Zone_A,43.48,44.75,25.64,6.14,0.551,9.8,1228,54.99,1,229.3,0.59,102.48,171.78,0.275,-0.216,9.918,1.452,3.377,0.09,70.89,42.7,6.26,21.41,-57.33,103.47
2026-01-02 09:20:00,R02,Pick-and-Place,Zone_A,43.69,50.39,25.19,3.74,0.198,4.54,1615,53.65,6,386.9,2.93,101.85,68.11,-0.332,0.314,10.041,-0.428,-2.234,-3.643,71.37,53.95,8.98,48.77,-63.62,230.63
2026-01-02 09:21:00,R01,Navigation,Zone_D,40.59,48.39,23.35,4.07,0.218,4.76,1833.5,51.14,6,141.4,1.65,99.21,81.87,0.104,-0.268,9.751,-2.166,5.329,0.047,66.15,46.77,4.54,4.94,-66.74,61.38
2026-01-02 09:22:00,R04,Navigation,Zone_A,40.27,47.85,23.75,5.79,1.035,5.46,1760.3,47.83,1,275.2,4.39,101.71,93.92,-0.032,-0.007,10.171,0.164,0.299,2.683,60.16,51.65,17.38,11.52,-47.22,118.47
2026-01-02 09:23:00,R08,Idle,Zone_B,39.14,59.32,24.49,3.29,0.504,2.19,1306.5,51.26,3,266.6,5.88,101.33,61.11,0.35,0.08,10.128,0.278,0.233,-0.22,70.56,48.9,16.05,3.03,-60.52,39.66
2026-01-02 09:24:00,R01,Pick-and-Place,Zone_A,41.1,58.87,23.28,0.61,0.051,2.86,1168.3,57.11,3,374,0.1,101.12,106.18,0.001,0.031,9.676,-1.708,-0.262,-0.832,70.06,48.16,13.78,2.26,-43.65,128.87
2026-01-02 09:25:00,R02,Navigation,Zone_D,39.01,50.91,22.84,3.52,0.322,13.47,1661.8,56.5,3,34,1.07,99.18,132.7,-0.015,-0.146,9.319,-1.159,1.145,3.601,73.64,48.21,13,38.54,-43.58,98.31
2026-01-02 09:26:00,R05,Inspection,Zone_D,31.26,59.15,21.97,6.39,0.392,3.75,1744.5,53.67,0,392.7,0.44,101.94,80.11,-0.185,0.162,9.579,0.274,-1.077,-1.306,74.41,45.8,1.6,11.77,-67.38,102.76
2026-01-02 09:27:00,R01,Navigation,Zone_B,46.97,63.72,24.98,3.51,0.087,4.95,1375.1,57.87,2,75.9,7.63,100.84,71.33,-0.251,0.234,9.82,-1.122,3.132,-1.352,70.29,49.12,17.92,10.74,-54.63,97.36
2026-01-02 09:28:00,R08,Charging,Zone_B,44.57,59.51,24.5,2.74,0.183,4.6,1508.6,42.54,7,216.9,10.87,101.32,70.97,0.23,-0.146,9.994,0.655,0.466,-0.467,68.99,57.5,20.36,23.77,-49.1,153.6
2026-01-02 09:29:00,R06,Charging,Zone_D,41.65,67.04,25.57,6.71,2.121,4.59,1444,37.57,4,297.7,0.37,99.04,112.78,0.075,0.338,10.212,-1.086,-3.146,-1.324,63.75,49.54,17.61,28.25,-40.91,142.98
2026-01-02 09:30:00,R07,Inspection,Zone_C,45.4,47.16,23.7,0.89,0.009,3.22,1441.4,48.37,4,265.6,0.46,99.42,60.69,-0.671,0.536,9.76,1.572,1,-2.77,55.12,48.93,17.43,11.19,-56.99,97.4
2026-01-02 09:31:00,R03,Pick-and-Place,Zone_D,41.47,51.39,23.84,4.94,0.762,3.7,1350,51.18,4,386.7,2.07,99.91,131.48,0.391,0.091,9.529,-0.294,-0.735,-0.213,68.32,43.38,7.66,3.11,-61.19,70.96
2026-01-02 09:32:00,R04,Navigation,Zone_C,48.09,41.25,25.55,13.66,0.013,8.83,1451.8,48.08,3,323,0.22,104.05,20.33,-0.062,0.154,9.336,1.194,-2.959,-2.464,62.06,42.64,3.29,5.89,-42.51,119.67
2026-01-02 09:33:00,R08,Idle,Zone_B,38.04,58.45,23.07,4.28,0.146,7.71,1321.5,61.24,1,240.5,2.62,102.75,156.05,-0.075,-0.095,9.53,0.851,-2.814,0.987,66.15,45.29,14.46,62.21,-56.68,87.98
2026-01-02 09:34:00,R04,Navigation,Zone_C,,40.88,23.41,3.45,0.286,10.29,1554.4,43.41,3,305.8,1.66,99.5,171.05,-0.483,-0.357,9.899,0.162,-4.024,-0.161,54.96,49.46,2.08,32.09,-47.67,107.48
2026-01-02 09:35:00,R02,Navigation,Zone_A,41.96,53.71,23.55,3.32,0.151,6.12,1605.7,52.11,3,216.9,2.15,103.94,125.29,-1.025,-0.044,10.047,-0.07,0.287,0.43,68.67,40.39,8.96,3.5,-50.8,77.71
2026-01-02 09:36:00,R03,Inspection,Zone_A,38.48,65.73,25.22,9.21,0.011,1.69,1354.3,57.23,2,138.1,0.66,103.6,67.11,-0.207,-0.112,10.276,1.221,2.183,-2.502,70.31,53.05,17.71,61.53,-78.01,68.83
2026-01-02 09:37:00,R08,Pick-and-Place,Zone_A,40.66,69.68,24.27,1.77,0.072,5.4,1737,59.01,3,158.7,0.13,99.67,190.34,0.024,-0.022,10.091,-1.309,-0.629,-0.419,69.41,50.7,10.87,10.32,-69.8,93.03
2026-01-02 09:38:00,R07,Inspection,Zone_C,38.93,50.04,23.03,6.71,0.453,6.29,1667.3,50.56,5,62.5,2.47,105.33,47.49,-0.125,0.088,9.565,0.754,-0.98,2.402,68.12,47.78,16.07,2.6,-46.5,80.19
2026-01-02 09:39:00,R03,Navigation,Zone_B,42.05,54.63,25.42,1.62,0.149,14.33,1429.8,53.57,7,19,1.54,103.24,112.93,-0.322,0.474,9.353,-0.754,-2.456,-3.924,61.49,51.48,8.84,97.83,-56.4,105.66
2026-01-02 09:40:00,R08,Navigation,Zone_D,39.11,51.09,22.63,7.07,1.665,5.89,1501.7,51.09,8,280.2,1.45,100.72,59.53,-0.047,-0.079,9.828,-1.661,3.896,-1.176,68.27,49.5,6.06,33.36,-61.61,83.66
2026-01-02 09:41:00,R07,Navigation,Zone_C,42.11,60.03,24.11,1.81,0.447,10.9,1438.9,50.29,2,79.2,0.51,101.39,125.73,-0.238,0.109,9.837,0.358,-1.42,-1.932,57.13,48.52,8.04,48.88,-65.75,121.21
2026-01-02 09:42:00,R04,Charging,Zone_D,38.19,63.93,23.82,3.19,1.033,2.19,1468.4,45.1,3,136.8,5.89,101.81,50.28,0.045,-0.517,9.732,2.518,0.508,-0.958,67.24,50.98,7.18,0.72,-47.82,91.85
2026-01-02 09:43:00,R07,Charging,Zone_B,39.2,64.7,25.53,1.46,0.036,5.71,1284.3,49.14,3,240.3,4.21,100.58,54.98,-0.054,0.087,9.421,-1.349,-2.605,2.047,55.99,46.19,2.58,11.33,-50.72,196.94
2026-01-02 09:44:00,R01,Pick-and-Place,Zone_C,44.22,50.97,24.72,1.63,1.259,4.55,1531.6,44.97,2,223,0.91,104.23,79.16,-0.168,-0.204,9.921,3.857,-1.476,-0.638,74,42.85,3.07,28.85,-45.64,191.28
2026-01-02 09:45:00,R06,Navigation,Zone_A,41.74,70.29,22.56,4.83,0.105,6.38,1515,44.26,2,149.7,0.44,99.97,39.46,0.266,-0.574,9.721,-0.11,0.337,0.625,55.89,52.02,12.83,7.33,-61.46,95.25
2026-01-02 09:46:00,R04,Navigation,Zone_B,39.23,64.84,22.08,2.21,1.169,9.75,1699.2,47.92,1,159.2,1.02,101.2,145.47,0.551,-0.471,9.738,2.296,2.344,-0.088,62.54,47.14,16.35,36.43,-50.09,120.3
2026-01-02 09:47:00,R06,Navigation,Zone_B,40.04,43.55,25.92,4.57,0.648,13.24,1588.7,52.64,6,104.7,1.5,103.38,116.36,-0.648,-0.129,9.539,0.857,1.961,-3.617,60.28,46.2,22.37,76.24,-44.56,78.01
2026-01-02 09:48:00,R01,Navigation,Zone_C,38.28,56.22,24.23,6.73,1.468,6.47,1510.4,49.85,2,177.8,1.6,106.34,52.81,-0.379,0.281,10.164,-1.603,3.29,-3.203,59.24,50.11,13.47,55.83,-53.55,122.82
2026-01-02 09:49:00,R08,Navigation,Zone_A,42.62,,25.42,4.42,1.508,5.98,1297.6,59,2,111.2,1.08,101.44,102.22,-0.202,-0.135,9.779,0.43,-2.731,-0.16,51.75,46.38,5.37,48.96,-50.56,119.45
2026-01-02 09:50:00,R08,Navigation,Zone_B,41.8,43.69,24.48,2.3,1.118,6.46,1686.5,46.97,5,387.8,0.85,101.53,79.83,0.275,-0.006,9.84,-4.342,0.959,-5.464,66.08,36.67,4.18,63.68,-54.65,80.12
2026-01-02 09:51:00,R02,Pick-and-Place,Zone_C,42.9,49.64,,3.27,0.966,7.88,1661.5,42.58,4,55,3.14,102.74,131.95,0.319,0.265,9.971,0.102,-1.737,-2.75,71.6,45.08,14.46,52.97,-51.47,104.56
2026-01-02 09:52:00,R06,Navigation,Zone_D,45.97,59.77,22.28,7.1,1.365,4.25,1099.4,52.38,6,327.3,0.19,99.46,199.98,0.312,0.098,9.608,-2.48,1.204,0.484,65.12,45.32,2.43,46.54,-51.41,115.13
2026-01-02 09:53:00,R03,Navigation,Zone_D,42.92,46.86,24.74,3.44,0.339,13.25,1405.7,53.28,4,395.4,0.32,100.44,75.88,0.091,-0.316,9.739,-1.525,-0.148,-3.345,68.83,50.36,7.3,48.04,-64.71,115.31
2026-01-02 09:54:00,R07,Idle,Zone_C,39.56,60.97,22.39,2.83,0.58,7.08,1249.6,47.24,2,146.6,2.34,104.41,43.79,-0.065,0.629,9.841,2.008,2.345,-0.568,66.27,42.12,3.99,4.88,-68.5,113.07
2026-01-02 09:55:00,R04,Navigation,Zone_B,42.62,66.43,24.87,4.85,0.226,1.84,1617.5,49.24,5,202.8,3.5,101.93,68.84,0.299,0.181,9.665,-0.592,0.323,-0.291,61.26,44.37,5.59,17.14,-42.48,77.68
2026-01-02 09:56:00,R04,Inspection,Zone_C,41.19,47.47,23.51,2.43,0.203,5.9,1286.4,54.37,3,90.7,3.77,99.16,79.21,0.303,0.079,9.73,4.353,-0.502,-0.973,67.63,51.78,3.87,29.92,-54.04,54.08
2026-01-02 09:57:00,R03,Idle,Zone_B,43.18,55.81,23.36,3.84,0.27,7.3,1500,52.47,5,163.4,0.55,99.99,95.95,-0.268,-0.228,10.316,0.399,-2.23,-1.696,85.3,43.78,1.63,62.71,-45.44,86.33
2026-01-02 09:58:00,R08,Navigation,Zone_B,37.45,63.79,25.46,2.88,0.809,4.12,1662,56.21,1,214.3,1.24,104.43,87.19,0.169,0.222,9.719,-0.71,1.917,-3.52,52.32,54.86,3.82,5.45,-69.06,157.57
2026-01-02 09:59:00,R03,Navigation,Zone_A,41.13,51.55,22.34,8.05,0.205,20.53,1609.6,56.39,2,31.8,1.14,95.43,69.28,-0.184,0.052,9.712,-1.461,-1.965,1.97,62.67,50.6,12.35,7.15,-51.86,127.66
2026-01-02 10:00:00,R05,Charging,Zone_A,40.66,37.85,23.04,3.22,1.151,12.95,1385.1,44.76,4,383.1,0.99,98.16,57.24,0.234,0.167,9.201,-1.457,-0.632,0.855,70.59,53.49,25.77,8.91,-58.65,179.05
2026-01-02 10:01:00,R03,Navigation,Zone_B,42.07,55.36,24.35,7.08,0.419,7.45,1531.5,43.07,4,76.5,5.1,100.55,125.9,-0.155,-0.008,10.091,1.239,3.747,0.805,73.81,52.3,4.98,24.22,-63.64,78.04
2026-01-02 10:02:00,R01,Inspection,Zone_D,37.13,46.31,25.63,7.36,0.441,7.36,1467.8,48.42,1,389,0.38,103.45,193.07,0.063,-0.029,10.189,1.937,2.398,0.561,77.57,45.88,22.47,0.14,-48.45,62.35
2026-01-02 10:03:00,R06,Inspection,Zone_A,40.35,59.99,24.88,0.98,0.851,4.11,1359.9,46.74,4,366.4,0.51,98.49,44.82,0.02,0.131,10.005,-0.094,2.008,0.596,68.69,49.64,5.2,63.07,-45.62,65.5
2026-01-02 10:04:00,R08,Inspection,Zone_C,45.4,70.01,24.54,2.46,0.42,7.79,1468.7,56.28,5,331.2,0.25,107.32,50.64,0.185,0.283,9.918,1.587,2.486,-1.097,72.92,45.66,8.77,24.51,-56.97,119.98
2026-01-02 10:05:00,R03,Inspection,Zone_A,38.01,57.89,23.85,12.51,0.523,6.1,1359.5,44.19,5,319.1,2.84,101.44,136.7,-0.091,-0.526,9.923,-0.094,0.541,-0.671,46.41,43.9,20.2,1.74,-71.62,119.97
2026-01-02 10:06:00,R07,Navigation,Zone_B,40.46,43.14,22.47,5.97,1.345,5.06,1329.9,50.09,3,82.8,1.23,101.65,151.08,0.342,-0.11,9.562,-0.929,-1.22,-0.065,65.76,49.16,21.63,15.65,-51.81,74.23
2026-01-02 10:07:00,R05,Pick-and-Place,Zone_C,35.61,50.46,25,7.25,1.144,9.34,1337,55.85,4,98.7,2.82,103.38,46.85,0.323,-0.065,9.61,2.116,1.965,1.132,69.57,41.78,6.71,2.85,-41.42,161.75
2026-01-02 10:08:00,R07,Inspection,Zone_D,33.81,57.93,23.72,7.48,0.145,3.74,1150.5,56,3,297.7,0.3,103.91,77.95,-0.105,-0.143,9.641,-1.972,3.267,-0.714,61.97,54.49,1.06,20.64,-55.23,46.65
2026-01-02 10:09:00,R03,Navigation,Zone_A,44.45,50.67,25.23,5.07,0.159,5.94,1481,49.08,3,215.6,1.15,98.55,57.6,-0.41,-0.193,9.639,-1.235,0.714,-0.454,56.13,45.31,5.82,13.53,-60.51,171.85
2026-01-02 10:10:00,R04,Charging,Zone_A,37.08,50.46,25.88,4.52,0.411,3.87,1428.7,48.68,5,126.1,1.37,100.32,95.25,-0.386,0.095,9.871,-2.475,1.382,2.227,69.54,46.97,8.32,22.27,-46.37,62.45
2026-01-02 10:11:00,R07,Pick-and-Place,Zone_A,50.19,56.94,23.72,9.79,0.086,2.27,1671.7,50.25,1,244.2,0.2,104.75,45.79,0.001,0.096,10.159,-0.145,0.123,0.518,58.31,47.02,6.83,3.04,-63.2,97.05
2026-01-02 10:12:00,R05,Pick-and-Place,Zone_D,45.09,33.89,,2.95,0.237,4.73,1733.8,56.19,4,350.9,1.76,103.97,157.04,0.007,0.459,9.969,1.244,-1.683,-0.929,68.38,46.95,20.06,9.4,-54.73,78.14
2026-01-02 10:13:00,R01,Idle,Zone_C,33.57,49.63,23.53,5.29,0.047,6.17,1107.6,49.03,6,12.2,0.27,103.23,95.07,-0.03,-0.068,9.592,-2.444,6.1,-0.733,72.29,49.77,2.29,3.78,-57.14,164.64
2026-01-02 10:14:00,R03,Navigation,Zone_D,42.12,63.59,24.66,12.62,0.531,15.68,1496.5,59.57,2,358.1,0.47,104.43,158.71,0.265,0.373,9.865,-1.291,6.016,-0.461,51.2,46.61,7.61,45.58,-49.64,119.91
2026-01-02 10:15:00,R06,Pick-and-Place,Zone_C,43.8,53.65,22.43,5.77,2.152,6.31,1434.5,54.62,5,169.6,5.67,102.73,70.04,-0.056,0.129,10.326,-0.468,-0.069,-0.093,66.48,49.4,17.43,0.3,-57.67,78.92
2026-01-02 10:16:00,R03,Navigation,Zone_C,41.14,52.67,23.46,3.58,1.206,11.33,1476.3,56.28,5,132.5,2.39,100.93,65.98,-0.204,-0.246,10.199,-6.248,-3.464,2.735,66.71,50.74,14.68,85.5,-54.42,81.09
2026-01-02 10:17:00,R01,Pick-and-Place,Zone_D,37.99,74.63,22.38,3.13,0.167,7.18,1204.5,52.48,2,37.5,0.52,102.64,75.12,-0.2,-0.132,9.682,-1.434,1.073,-2.412,61.06,51,13.29,4.91,-52.78,126.78
2026-01-02 10:18:00,R02,Navigation,Zone_B,39.92,38.98,24.65,1.23,0.25,15.45,1432.6,58.24,0,275.8,3.3,102.75,106.83,0.107,-0.309,9.338,1.661,0.387,-1.141,56.96,41.13,15.98,10.74,-59.26,152.87
2026-01-02 10:19:00,R01,Pick-and-Place,Zone_B,38.4,50.36,23.57,1.93,0.99,10.66,1515.4,50.96,2,184.5,0.79,101.33,60.3,0.071,0.489,9.678,-1.651,-1.668,5.445,69.38,47.84,6.93,56.56,-48.11,221.54
2026-01-02 10:20:00,R06,Pick-and-Place,Zone_B,43.98,56.34,24.23,1.88,0.085,3.76,1572.9,54.65,5,116.3,2.46,102.96,60.37,0.258,-0.262,9.894,-1.644,-1.344,5.42,70.66,48.17,0.69,62.16,-58.92,80.88
2026-01-02 10:21:00,R03,Navigation,Zone_D,37.12,51.37,23.24,3.13,1.067,8.82,1238.1,43.72,1,286.1,3.27,98.84,47.64,-0.142,-0.042,10.025,-1.938,3.767,-3.22,71.06,41.01,21.82,17.18,-69.91,65.44
2026-01-02 10:22:00,R07,Pick-and-Place,Zone_B,39.24,64.6,22.49,1.85,0.856,3.71,1486.3,55.93,2,185.6,5.12,98.5,61.12,0.04,-0.119,9.611,2.402,3.006,1.393,59.5,53.85,22.55,22.58,-49.56,113.03
2026-01-02 10:23:00,R07,Inspection,Zone_A,42.57,56.13,23.26,5.32,0.864,12.51,1487.1,54.28,2,14.7,1.56,106.92,68.94,-0.493,-0.048,10.174,-2.028,-0.687,0.295,74.24,35.34,4.79,74.3,-60.75,143.17
2026-01-02 10:24:00,R06,Inspection,Zone_A,32.74,41.1,22.46,4.27,0.46,5.23,1586.6,58.11,4,323.5,1.93,99.39,49.31,-0.13,0.122,9.686,-0.822,-1.798,-0.362,60.77,50.51,8.77,22.33,-47.55,157.63
2026-01-02 10:25:00,R03,Pick-and-Place,Zone_C,33.68,61.96,24.1,2.74,0.084,5.88,1428.6,55.4,6,305,2.47,103.31,50.07,-0.219,-0.043,9.224,-0.83,0.434,-1.609,62.85,47.42,4.06,18.6,-52.33,120.37
2026-01-02 10:26:00,R04,Navigation,Zone_C,34.8,50.52,23.79,7.93,0.772,5.37,1449.2,54.95,3,139.2,0.6,102,106.95,0.358,-0.129,9.558,1.506,-0.478,-1.772,64.49,53.55,22.67,2.57,-53.77,127.66
2026-01-02 10:27:00,R02,Idle,Zone_A,45.43,59.04,25.56,1.07,0.507,5.54,1262,51.27,1,271,0.03,103.66,25.55,0.054,0.344,10.295,1.706,-2.951,-1.561,73.07,53.24,11.83,20.65,-61.52,72.15
2026-01-02 10:28:00,R07,Idle,Zone_C,45.08,57.16,23.14,4.73,1.226,5.3,1573.8,52.5,6,92.7,1.39,103.94,118.32,0.5,0.176,9.558,3.412,-2.901,2.363,74.45,43.23,20.23,22.99,-64.79,118.04
2026-01-02 10:29:00,R04,Inspection,Zone_B,44.81,48.93,25.91,3.77,0.453,17.91,1444.6,46.77,1,264.7,0.5,99.56,127.5,-0.063,-0.115,9.961,-2.051,0.737,-2.246,70.11,42.14,2.21,3.97,-57.19,60.4
2026-01-02 10:30:00,R03,Pick-and-Place,Zone_C,39.35,52.5,22.87,1.73,0.729,2.62,1331.2,54.99,2,149,0.59,103.96,65.21,0.246,0.392,9.729,-2.2,-2.419,0.84,78.08,52.74,12.31,12.91,-54.81,100.2
2026-01-02 10:31:00,R06,Inspection,Zone_A,40.89,58.65,23.1,2.4,0.221,5.95,1367.6,57.07,1,344.4,0.66,100.47,61.8,0.332,0.106,10.129,1.202,0.307,0.593,73.66,44.33,18.59,29.52,-60.82,101.94
2026-01-02 10:32:00,R05,Inspection,Zone_B,39.54,47.01,22.97,4.32,0.395,2.53,1388.6,50.21,1,334,3.38,103.61,78.82,0.505,-0.035,9.443,-1.476,-0.748,2.175,67.96,43.79,8.69,9.63,-43.26,112.01
2026-01-02 10:33:00,R08,Charging,Zone_A,41.31,63.87,23.28,2.95,0.822,10.23,1741.6,53.08,3,363.4,4.45,99.81,87.22,-0.319,-0.207,9.259,-1.947,-0.88,2.592,60.54,49.27,16.26,18.12,-47.57,81.57
2026-01-02 10:34:00,R08,Inspection,Zone_D,36.69,74.1,25.76,4.26,2.325,8.7,1267.5,44.58,5,273.4,3.03,104.57,110.31,0.322,0.08,10.008,2.485,-0.962,-1.038,73.99,48.41,7.71,48.86,-39.68,124.39
2026-01-02 10:35:00,R06,Inspection,Zone_A,38.81,58.87,23.17,2.79,0.507,5.26,1808.7,40.25,3,164.9,2.47,102.03,116.62,-0.004,-0.316,9.98,-3.242,-1.586,0.017,72.05,42.79,25.62,18.78,-51.63,134.03
2026-01-02 10:36:00,R01,Pick-and-Place,Zone_C,39.23,48.17,23.13,5.35,3.525,7.41,1273.4,34.78,4,346.3,2.64,102.71,51.69,-0.22,-0.085,9.867,-0.672,-0.175,-0.489,65.8,43.8,11.4,19.69,-48.65,91.2
2026-01-02 10:37:00,R02,Idle,Zone_C,43.53,42.84,23.14,4.16,0.379,8.08,1627.1,57.13,1,387.8,5.08,101.22,56.94,-0.087,0.427,10.285,2.867,-0.522,2.442,54.68,44.08,3.9,20.39,-70.36,110.96
2026-01-02 10:38:00,R05,Inspection,Zone_D,39.08,63.32,22.02,5.85,0.34,2.49,1183.6,49.34,5,84.3,0.48,103.25,54.09,-0.036,-0.002,10.279,0.668,1.846,0.159,52.45,46.79,7.2,41.38,-42.8,89.63
2026-01-02 10:39:00,R07,Navigation,Zone_A,43.91,48.88,23.01,3.01,2.353,10.78,1257,46.39,0,308.2,0.06,101.16,103.92,-0.154,0.165,9.608,-1.912,2.419,-3.089,73.11,47.42,15.97,6.59,-57.38,99.16
2026-01-02 10:40:00,R04,Idle,Zone_A,31.8,60.99,22.33,2.74,0.57,9.12,1279.5,51.73,4,159.4,9.85,99.2,128.18,0.102,-0.104,9.457,0.854,-0.468,0.888,62.13,48.48,13.97,15.94,-56.3,103.29
2026-01-02 10:41:00,R08,Inspection,Zone_D,44.06,47.29,23.3,5.41,0.742,4.79,1526.3,43.11,2,116.7,0.38,102.86,45.41,0.25,0.439,9.856,0.706,1.946,-0.858,52.93,38.67,5.3,13.65,-56.71,160.83
2026-01-02 10:42:00,R03,Charging,Zone_D,40.65,53.69,24.45,7,1.496,14.31,1074.1,58.55,2,150.4,6.92,101.43,82.03,-0.041,0.321,9.743,-0.5,-0.019,-0.893,68.93,51.35,20.21,159.98,-52.78,47.58
2026-01-02 10:43:00,R08,Navigation,Zone_D,36.59,56.34,23.44,4.2,2.782,7.54,1346.8,50.41,3,395.4,0.73,102.62,47.77,0.09,-0.356,9.329,-2.246,-1.032,2.28,65.95,44.51,22.12,70.37,-56.98,55.63
2026-01-02 10:44:00,R07,Navigation,Zone_A,49.61,48.82,23.17,4.45,0.959,3.56,1620.9,53.77,4,52.3,1.21,99.27,32.03,0.134,0.345,9.864,0.398,3.641,2.093,75.16,45.82,11.32,1.22,-53.42,148.22
2026-01-02 10:45:00,R04,Navigation,Zone_D,42.02,43.76,24.29,3.42,0.544,5.32,1692,46.19,4,18.8,0.49,101.25,62.56,0.325,-0.517,9.945,2.336,0.814,-1.64,68.52,45.72,9.29,1.1,-56.76,90.33
2026-01-02 10:46:00,R06,Navigation,Zone_D,39.64,53.38,24.18,3.9,2.425,10.46,1161.4,51.29,1,387.7,2.54,100.66,40.48,-0.272,-0.04,9.561,-3.336,-0.984,3.601,65.3,50.33,24.7,17.26,-48.61,90.61
2026-01-02 10:47:00,R08,Inspection,Zone_A,36.38,58.61,25.53,4.66,2.414,11.88,1557.7,54.56,2,94.4,4.33,102.75,79.3,-0.187,-0.215,10.043,2.055,0.392,1.672,53.85,43.19,15.57,56.97,-55.26,108.59
2026-01-02 10:48:00,R06,Navigation,Zone_C,40.14,54.01,25.84,4.37,2.405,7.68,1396,54.63,2,371.7,4.88,97.59,85.23,0.107,0.122,10.016,-2.469,-1.272,1.169,70.88,55.7,0.99,26.24,-62.83,118.82
2026-01-02 10:49:00,R02,Idle,Zone_C,38.18,50.56,25.4,1.34,0.732,2.32,1176.9,58.89,2,206.6,1.55,100.39,73.92,0.289,0.197,9.689,-3.067,-3.832,1.681,59.23,41.82,14.3,8.65,-60.16,117.01
2026-01-02 10:50:00,R02,Inspection,Zone_B,42.94,44.76,24.4,3.9,0.352,3.58,1330.2,51.28,2,187.9,0.86,102.42,69.56,0.077,-0.09,9.961,0.556,-2.212,0.614,58.84,56.99,16.92,6.19,-47.68,107.27
2026-01-02 10:51:00,R04,Idle,Zone_A,40.13,61.41,22.86,2.22,0.287,3.68,1539.3,53.12,2,285.9,0.46,102.84,63.22,-0.278,-0.201,10.083,-4.677,3.061,2.611,61.68,50.61,7.01,13.85,-44.75,80.32
2026-01-02 10:52:00,R08,Charging,Zone_A,39.3,40.63,23.64,3.5,0.174,7.7,1619.2,49.35,0,396.6,1.41,103.81,74.96,-0.066,0.281,10.107,4.962,0.112,2.524,57.04,43.66,10.37,24.68,-59.73,87.37
2026-01-02 10:53:00,R01,Inspection,Zone_A,41.33,50.21,23.63,1.56,0.083,4.59,1478.7,58.65,3,177.9,1.04,98.22,19.98,-0.165,0.238,9.818,-2.325,0.038,-1.872,58.34,47.71,4.23,51.95,-52.21,80.91
2026-01-02 10:54:00,R06,Pick-and-Place,Zone_B,37.36,63.85,22.79,1.87,2.116,4.77,1219.6,53.65,3,308,3.75,100.66,62.18,-0.276,-0.112,9.936,-0.438,0.155,1.807,61.34,51.42,7.06,0.96,-66.26,213.03
2026-01-02 10:55:00,R08,Inspection,Zone_D,36.99,68.41,24.93,1.4,0.306,8.04,1633.4,55.01,4,177,0.63,98.49,170.63,0.109,0.017,9.808,2.195,2.082,-1.645,69.28,44.37,12.89,45.31,-52.27,127.63
2026-01-02 10:56:00,R03,Inspection,Zone_B,46.97,54.91,22.33,1.95,1.424,4.72,1549.3,56.73,2,23,0.96,98.37,94.34,-0.154,0.098,9.599,-0.232,1.235,1.773,70.92,40.77,38.2,6.58,-50.73,96.48
2026-01-02 10:57:00,R02,Inspection,Zone_B,47.93,63.17,24.55,6.98,0.995,4.45,1246.9,58.12,1,251,1,102.5,113.5,0.283,0.463,9.584,0.734,-1.782,-1.486,64.82,54.8,6.57,5.64,-42,52.22
2026-01-02 10:58:00,R01,Inspection,Zone_B,37.01,55.95,24.63,2.83,0.019,4.24,1392,53.32,5,213.7,3.02,104.73,62.12,0.499,0.446,9.67,1.49,0.866,-0.611,65.13,43.19,3.49,28.75,-58.68,102.29
2026-01-02 10:59:00,R05,Idle,Zone_C,39.72,67.76,22.47,4.07,0.108,11.67,1485.3,57.94,3,304.5,0.41,99.25,56,0.053,0.072,10.125,-2.159,3.56,-2.978,60.06,44.34,0.88,0.29,-68.86,65.12
2026-01-02 11:00:00,R04,Inspection,Zone_A,45.72,59.84,22.06,4.68,0.25,5.58,1393.1,57.93,7,278.2,1.6,103.93,91.03,-0.083,0.126,10.066,-0.012,-1.847,-0.855,59.15,53.3,12.53,14.29,-70.65,111.68
2026-01-02 11:01:00,R02,Charging,Zone_C,39.81,52.42,23.46,4.09,0.081,6.47,998.1,53.54,2,151.8,0.94,101.04,37.94,0.382,-0.099,9.958,0.857,2.321,-0.023,77.41,39.16,3.08,23.52,-66.92,57.2
2026-01-02 11:02:00,R03,Pick-and-Place,Zone_A,39.83,56.01,24.86,1.26,0.031,10.34,1343.8,55.91,3,15.7,0.08,99.67,42.13,-0.241,-0.121,9.913,3.625,-0.045,-0.103,72.24,45.65,3.49,14.94,-56.55,117.2
2026-01-02 11:03:00,R04,Navigation,Zone_B,37.26,64.7,23.9,2.89,0.203,8.03,1264,44.32,2,75,2.22,100.1,141.93,-0.122,0.385,9.409,-2.497,-0.133,2.164,66.34,50.69,15.31,5.92,-45.77,101.2
2026-01-02 11:04:00,R03,Inspection,Zone_D,40.47,47.64,25.08,2.98,1.425,8.55,1624.5,50.17,5,245.2,4.12,103.05,48.72,-0.372,0.346,9.778,0.091,-3.187,-0.781,70.09,51.51,6.33,17.12,-56.56,86.94
2026-01-02 11:05:00,R02,Inspection,Zone_C,40.03,53.28,24.55,1.21,0.177,15.76,1496.2,51.16,3,330.2,0.06,104.4,69.04,-0.32,-0.114,9.757,0.625,1.336,-0.228,54.87,50.58,18.51,3.86,-50.24,88.82
2026-01-02 11:06:00,R02,Navigation,Zone_A,36.02,60.48,25.25,2.5,0.034,1.49,1563.1,53.36,3,399.5,3.46,107.26,45.51,0.17,-0.291,9.853,-0.661,2.17,-2.43,63.1,41.48,17.96,25.85,-64.24,87.54
2026-01-02 11:07:00,R03,Charging,Zone_C,,54.77,23.74,3.35,0.79,2.45,1583.1,54.72,0,311.3,0.44,99.7,62.47,0.333,0.159,10.48,-1.699,-0.297,-3.246,72.39,51.56,8.04,14.46,-56.48,132.04
2026-01-02 11:08:00,R03,Inspection,Zone_A,39.72,38.15,25.43,3.98,0.559,6.54,1545,50.2,3,308.9,4.68,97.59,73.94,0.079,0.088,9.65,-4.043,-0.536,-1.726,65.17,50.26,5.95,33.41,-63.32,135.98
2026-01-02 11:09:00,R07,Navigation,Zone_A,41.92,46.81,25.86,2.77,1.373,10.76,1416.6,54.27,2,109.8,1.53,101,79.87,-0.022,0.11,9.753,-1.116,0.44,1.429,65.64,42.92,2.11,36.03,-53.44,108.75
2026-01-02 11:10:00,R01,Inspection,Zone_C,38.33,54.27,23.69,4.96,0.305,10.62,1501.6,47.89,1,148.3,1.55,,67.56,0.542,-0.312,9.671,-2.462,-3.99,-0.554,58.14,50.12,16.91,2.98,-62.42,50.03
2026-01-02 11:11:00,R01,Navigation,Zone_D,42.57,50.86,25.89,3.81,1.667,3.99,1151.3,50.81,0,224,7.85,103.25,87.9,-0.045,-0.123,10.034,-0.445,-2.258,-0.317,70.35,51.32,7.67,33.57,-46.14,51.07
2026-01-02 11:12:00,R01,Navigation,Zone_A,41.83,38.81,23.28,7.19,0.735,11.46,1881.5,62.31,1,248.8,2.61,102.04,219.6,-0.204,0.001,9.904,1.134,0.506,-0.865,59.34,51.16,22.21,45.62,-49.29,70.73
2026-01-02 11:13:00,R06,Pick-and-Place,Zone_D,39.6,62.14,24.55,9.02,0.106,6.21,1432.1,49.2,2,236.5,1.5,99.79,182.29,-0.154,0.222,9.771,-0.303,-0.075,2.258,65.69,52.98,4.66,39.52,-47.18,108.35
2026-01-02 11:14:00,R03,Navigation,Zone_D,39.18,35.99,23.01,1.09,0.036,7.92,1355,51.5,4,95.6,1.87,97.43,166.25,0.229,0.095,9.823,-0.112,2.379,0.93,76.33,42.99,7.01,46.55,-69.86,163.99
2026-01-02 11:15:00,R03,Inspection,Zone_A,43.51,56.4,25.52,2.82,1.355,4.33,1399.1,52.1,2,397.3,0.37,106.62,64.79,0.199,-0.133,9.499,-0.926,-1.169,1.65,58.17,40.04,18.81,1.76,-48.74,85.93
2026-01-02 11:16:00,R05,Idle,Zone_D,42.77,57.99,22.98,2.33,1.05,8.95,1582.8,60.44,4,154.3,2.05,101.25,90.41,0.16,-0.111,10.154,0.509,-0.61,-0.61,74.35,43.89,27.23,20.78,-44.26,62.64
2026-01-02 11:17:00,R08,Navigation,Zone_C,40.35,,25.15,3.27,0.669,6.33,1580.4,43.62,4,386,7.87,96.98,65.39,-0.116,0.132,9.938,0.063,-0.299,1.35,71.43,52.74,9.75,65.65,-50.8,90.4
2026-01-02 11:18:00,R05,Navigation,Zone_D,43.74,69.05,23.31,4.31,2.986,1.72,1379.6,45.84,3,397.7,0.51,100.21,195.17,-0.361,0.003,9.928,-1.245,-1.302,-0.058,78.64,50.7,6.44,24.52,-48.25,175.52
2026-01-02 11:19:00,R06,Navigation,Zone_D,39.07,53.85,23.14,6.3,0.049,4.1,1791.1,60.38,3,140.7,1.4,100.71,47.76,-0.061,-0.277,10.012,-1.128,1.226,2.395,59.47,45.55,4.45,1.73,-54.58,76.26
2026-01-02 11:20:00,R07,Charging,Zone_C,37.45,60.99,23.36,4.44,1.221,12.52,1546.8,59.08,4,67.8,0.71,102.55,47.81,0.178,0.447,10.241,0.001,0.676,1.881,72.89,46.4,12.75,25.05,-56.4,63.1
2026-01-02 11:21:00,R01,Charging,Zone_B,45.12,51.8,23.51,5.52,0.319,14.91,1619.7,50.58,2,217.9,3.32,103.54,103.48,0.248,-0.061,9.464,-0.562,1.73,-2.052,66.32,41.25,12.31,80.78,-51.95,75.94
2026-01-02 11:22:00,R03,Navigation,Zone_A,39.63,56.93,23.16,3.46,0.788,11.45,1469.5,42.36,4,121.5,2.69,98.91,155.94,0.038,0.08,9.992,0.024,-0.368,-1.802,67.91,51.57,7.92,12.84,-64.74,68.08
2026-01-02 11:23:00,R07,Navigation,Zone_C,37.49,49.94,23.15,1.9,0.479,7.46,1363,53.63,4,356.5,7.77,99.62,60.2,-0.162,0.02,9.811,0.35,0.556,-1.318,59.36,43.62,24.26,40.73,-48.91,97.29
2026-01-02 11:24:00,R04,Pick-and-Place,Zone_A,36.95,56.86,25.18,2.69,0.092,4.89,1656.4,48,6,96.1,0.39,100.74,250.84,-0.173,0.433,10.036,2.133,-4.586,2.338,57.83,57.45,3.86,28.09,-73.88,182.74
2026-01-02 11:25:00,R01,Pick-and-Place,Zone_C,41.63,55.44,23.55,3.26,0.166,4.88,1262.6,48.19,4,34.6,0.82,104.97,52.51,0.336,0.005,9.545,1.813,-3.739,-0.754,58.68,45.79,6.57,7.06,-52.17,82.9
2026-01-02 11:26:00,R02,Charging,Zone_C,41.39,65.9,22.93,4.69,0.08,5.4,1207.9,50.06,5,340.2,0.64,100.54,89.85,-0.055,-0.033,9.723,3.382,2.046,0.093,72.4,43.81,8.19,7.09,-55.14,54.98
2026-01-02 11:27:00,R02,Inspection,Zone_D,40.98,49.39,25.01,3.34,0.961,2.42,1376.7,53.67,1,262.7,1.49,98.75,76.95,0.015,0.128,9.258,-1.564,2.177,-0.246,61.6,51.99,7.29,17.87,-70.08,254.83
2026-01-02 11:28:00,R03,Navigation,Zone_C,36.47,51.82,25.96,1.84,0.228,11.71,1565.9,59.61,3,34.6,0.74,97.42,133,-0.126,-0.314,9.981,-1.924,0.377,-0.909,70.24,47.03,6.49,13.87,-58.17,133.95
2026-01-02 11:29:00,R06,Inspection,Zone_A,42.95,47.5,23.12,3.52,1.815,7.01,1261.4,49.8,2,210.4,0.42,103,95.38,0.185,0.352,9.878,-0.598,0.373,-0.314,67.18,45.81,5.03,20.37,-53.84,259.47
2026-01-02 11:30:00,R06,Idle,Zone_C,37.45,51.59,22.58,4.64,1.461,7.89,1779.9,50.77,2,240.4,3.94,100.54,61.29,-0.188,-0.294,10.281,2.916,0.05,-0.072,81.96,47.74,13.56,31.19,-47.6,71.8
2026-01-02 11:31:00,R07,Inspection,Zone_C,39.16,53.62,23.45,7.94,0.983,11.59,1471.2,48.03,1,313.1,0.78,103.84,57.74,0.229,0.009,9.847,5.286,1.003,-0.335,63.1,56.88,4.68,37.3,-58.22,66.05
2026-01-02 11:32:00,R08,Inspection,Zone_A,34.24,57.69,24.19,2.19,0.147,4.05,1646.7,50.52,5,127.5,1.1,100.4,81.35,0.233,-0.318,9.487,0.178,1.424,0.784,62.66,49.31,20.62,154.49,-60.35,121.13
2026-01-02 11:33:00,R08,Navigation,Zone_A,43.38,74.2,24.3,2.8,0.723,5.9,1245,47.63,2,190.1,1.27,96.77,53.96,0.497,-0.1,9.661,0.307,1.668,2.794,62.53,43.29,6.09,42.51,-46.92,124.84
2026-01-02 11:34:00,R08,Navigation,Zone_A,44.11,62.12,22.73,1.16,1.621,8.91,1222.2,42.59,3,225.9,3.28,103.15,66.33,-0.091,-0.233,9.801,3.11,1.892,-0.098,67.6,42.53,20.41,5.3,-49.83,93.59
2026-01-02 11:35:00,R02,Navigation,Zone_A,38.8,62.22,23.95,1.5,0.129,3.4,1470.6,61.12,3,140.6,0.13,99.26,80.85,0.325,0.604,10.202,2.968,2.481,1.325,78.95,42.6,15.11,6.02,-56.3,110.43
2026-01-02 11:36:00,R03,Pick-and-Place,Zone_D,40.88,52.77,22.17,1.82,1.408,11.52,1487.3,48.66,3,114.3,9.96,102.48,352.88,0.279,0.28,9.944,3.989,1.176,-1.95,77.08,48.28,4.09,54.65,-48.19,171.69
2026-01-02 11:37:00,R03,Charging,Zone_A,39.25,51.03,25.42,1.75,0.473,3.29,1358,58.35,4,144.4,1.9,101,52.72,0.118,0.527,9.32,0.636,0.995,3.609,57.28,46.28,4.2,9.09,-39.49,63.53
2026-01-02 11:38:00,R02,Pick-and-Place,Zone_D,40.68,57.54,23.88,5.47,0.546,9.1,1560.3,53.65,3,243.1,0.84,100.98,39.22,0.235,0.425,9.938,-1.449,0.551,0.972,69.21,42.96,22,18.37,-58.35,81.23
2026-01-02 11:39:00,R03,Navigation,Zone_B,37.87,60.91,23.78,6.37,0.053,9.64,1378.6,56.21,4,152.2,3.46,100.51,66.77,-0.05,-0.458,9.275,-0.359,-0.769,-1.653,67.38,53.6,14.27,7.43,-52.71,97.71
2026-01-02 11:40:00,R07,Inspection,Zone_C,46.37,33.86,22.65,6.54,0.234,6.44,1256.2,47.72,2,255.4,1.55,100.86,124.35,0.317,0.085,9.209,0.665,-2.183,-4.247,68.68,45.83,3.97,3.01,-47.14,91.85
2026-01-02 11:41:00,R04,Navigation,Zone_C,36.53,52.31,22.67,3.45,0.468,2.14,1453.4,49.66,3,262.5,1.96,99.74,98.01,0.053,0.052,9.717,0.938,0.779,1.094,66.95,43.07,5.03,44.65,-56.98,71.12
2026-01-02 11:42:00,R07,Navigation,Zone_C,41.18,58.35,25.8,3.62,0.494,4.73,1667.4,55.74,5,301.4,0.17,100.11,153.68,0.306,0.235,9.556,-2.34,-1.91,-0.692,59.86,44.72,16.95,127.07,-65.3,55.05
2026-01-02 11:43:00,R08,Pick-and-Place,Zone_C,42.17,55.75,24.72,3.33,0.23,1.06,1280.7,48.89,3,189.5,0.27,99.1,70.23,-0.259,-0.359,9.538,4.915,-1.09,-2.136,69.86,45.95,16.66,18.99,-55.1,92.46
2026-01-02 11:44:00,R01,Inspection,Zone_C,41.88,46.52,24.95,4.46,0.307,2.83,1449,53.34,2,313.5,4.14,98.58,201.63,0.3,-0.36,9.369,-2.034,-0.099,0.951,61.35,54.87,8.96,34.03,-54.83,96.46
2026-01-02 11:45:00,R04,Inspection,Zone_B,38.79,51.55,24.13,4.93,0.474,2.06,1405.5,48.64,2,218.3,1.58,100.38,88.31,-0.324,-0.031,10.107,-1.402,0.805,0.763,66.82,40.34,15.19,26.26,-64.58,112.26
2026-01-02 11:46:00,R05,Navigation,Zone_D,44.54,40.16,22.77,0.7,0.519,7.36,1784.1,49.15,1,241.6,3.26,104.15,100.64,-0.177,-0.278,9.475,1.864,1.871,0.582,65.81,51.27,22.98,9.14,-47.51,166.36
2026-01-02 11:47:00,R06,Inspection,Zone_D,45.27,64.39,22.77,2.68,0.993,3.16,1597.5,84.59,5,171.3,2.73,104.42,68.61,-0.148,0.174,9.656,-0.883,-2.382,0.972,69.63,48.98,2.35,15.42,-61.76,110.02
2026-01-02 11:48:00,R07,Navigation,Zone_C,38.25,72.78,24.41,9.13,0.043,6.48,1444.3,57.81,1,130.8,1.11,102.83,76.43,0.332,-0.222,9.524,-0.137,2.49,5.594,68.65,46.12,4.96,22.1,-51.31,106.16
2026-01-02 11:49:00,R04,Charging,Zone_A,40.34,49.44,21.99,3.12,0.394,5.5,1434.6,54.35,3,173,0.56,102.01,128.32,0.104,-0.071,9.787,-1.234,-0.224,3.482,59.52,48.04,7.79,28.87,-50.18,157.82
2026-01-02 11:50:00,R03,Idle,Zone_B,44.92,46.16,23.17,5.3,0.656,5.55,1235,52.55,2,323.5,0.48,102.83,66.56,-0.143,-0.044,9.943,-0.115,-0.614,0.697,67.93,50.39,7.09,1.79,-57.92,155.44
2026-01-02 11:51:00,R01,Pick-and-Place,Zone_C,43.81,52.76,22.17,1.97,0.048,9.08,1175.7,52.2,4,369,9.38,104.98,291.03,0.119,0.06,9.59,-0.234,-2.503,-3.117,72.12,56.45,8.11,10.84,-43.89,169.8
2026-01-02 11:52:00,R05,Navigation,Zone_D,40.14,53.11,25.36,1.83,0.636,8.64,1350.9,68.12,5,90,0.53,100.37,59.32,0.287,0.053,9.311,-2.637,-0.674,3.206,64.73,57.23,3.49,17.82,-65.96,132.05
2026-01-02 11:53:00,R04,Charging,Zone_B,40.28,67.77,24.84,4.56,0.852,17.88,1517.4,49.84,3,370.3,2.12,101.73,131.48,0.128,-0.108,9.274,0.939,-0.629,1.845,68.98,41.59,18.03,30.24,-51.81,106.97
2026-01-02 11:54:00,R06,Inspection,Zone_D,44.31,45.62,22.39,5.38,1.056,5.62,1739.8,53.42,2,190.5,0.35,100.83,57.73,-0.113,-0.068,9.283,-1.398,0.645,-0.789,69.06,46.44,8.95,22.56,-53.76,89.28
2026-01-02 11:55:00,R07,Charging,Zone_B,41.42,63.47,24.76,5.16,0.213,4.66,1495.5,48.65,1,160.8,3.24,103.33,59.08,-0.114,-0.029,10.127,-1.059,0.018,-2.05,62.75,51.47,6.22,27.6,-60.41,69.47
2026-01-02 11:56:00,R01,Inspection,Zone_A,41.81,68.15,25.2,2.97,1.804,4.92,1486.2,46.15,1,312.3,0.71,99.87,79.26,0.189,-0.329,10.094,-1.929,0.541,-1.7,71.4,47.4,8.83,2.59,-47.75,119.57
2026-01-02 11:57:00,R01,Navigation,Zone_C,45.93,55.91,23.61,8.27,1.735,5.92,1437.5,47.57,0,298.2,2.17,102.35,122.78,-0.376,-0.18,9.269,-1.747,0.833,1.722,70.66,52.65,6.98,27.91,-46.64,77.7
2026-01-02 11:58:00,R02,Pick-and-Place,Zone_A,44.27,58.79,23.59,2.9,0.379,4.36,1430.8,56.92,1,10.8,2.01,102.27,225.03,-0.194,0.063,9.857,1.597,-0.315,-1.445,76.6,48.43,10.44,0.44,-66.15,140.56
2026-01-02 11:59:00,R08,Pick-and-Place,Zone_A,40.48,56.8,24.38,1.66,0.354,5.04,1515,49.05,1,388.5,0.26,102.51,99.96,0.3,-0.129,10.506,1.865,0.099,0.999,56.31,52.18,33.81,6.25,-57.43,141.59
2026-01-02 12:00:00,R06,Navigation,Zone_A,39.34,55.67,24.49,4.32,0.035,4.56,909.3,47.1,2,82.7,4.87,100.69,119.04,-0.082,0.203,9.609,0.533,1.761,-1.205,70.91,48.72,8.19,5.42,-49.75,105.57
2026-01-02 12:01:00,R07,Pick-and-Place,Zone_C,35.96,50.64,22.2,3.59,1.078,4.54,1304,55.99,5,353.3,0.09,99.28,154.1,0.205,-0.3,10.284,2.27,0.445,-1.475,79.6,46.63,5.97,14.93,-55.17,93.28
2026-01-02 12:02:00,R08,Pick-and-Place,Zone_A,40.84,49.65,23.85,2.46,0.112,5.8,1458.6,56.32,0,87.1,0.21,101.19,62.88,0.364,-0.256,9.238,-0.336,1.944,0.463,76.72,42.48,2.9,56.9,-44.33,89.89
2026-01-02 12:03:00,R06,Navigation,Zone_C,36.96,45.15,25.81,8.1,0.957,11.23,1573.7,53.32,3,155,1.64,102.85,69.34,0.186,0.3,9.9,-0.405,-2.227,3.689,69.09,45.36,11.7,9.63,-60.66,97.74
2026-01-02 12:04:00,R05,Navigation,Zone_A,41.7,56.3,22.53,5.6,0.541,9.35,1328.4,57.42,3,285.9,9.68,98.96,52.3,0.291,0.225,9.63,-0.723,-0.325,-0.421,64.2,48.75,7.57,17.02,-46.46,54.54
2026-01-02 12:05:00,R06,Inspection,Zone_C,40.39,56.39,22.73,1.81,1.368,10.19,1634.9,53.4,5,97.6,0.08,104.24,143.57,-0.172,-0.221,9.428,0.053,2.375,-1.541,74.6,44.98,20.61,2.32,-50.82,88.04
2026-01-02 12:06:00,R01,Inspection,Zone_A,37.97,51.67,22.37,4.4,0.67,12.6,1810.9,52.66,4,152.3,8.65,105.83,81.45,-0.315,0.107,9.801,1.201,-2.387,1.137,59.5,46.37,8.95,32.29,-59.56,86.84
2026-01-02 12:07:00,R03,Navigation,Zone_C,39.66,60.73,23.32,1.77,0.048,6.77,1353,54.87,2,160.4,10.18,101.66,108.99,0.014,0.422,10.113,-0.608,1.477,0.553,79.75,46.24,5.55,34.77,-66.67,93.03
2026-01-02 12:08:00,R08,Navigation,Zone_B,46.35,53.45,23.19,3.81,0.673,3.13,1452.8,52.82,5,66.5,2.72,100.45,97.13,-0.427,0.383,10.02,4.157,1.035,1.241,85.87,48.53,16.95,21.95,-53.02,77.78
2026-01-02 12:09:00,R01,Navigation,Zone_C,34.86,37.68,22.4,3.18,0.029,10.88,1383.9,49.4,1,237.7,6.34,105.54,54.47,0.094,-0.014,9.471,-3.615,0.952,2.34,72.14,40.75,12.35,22.71,-57.14,85.42
2026-01-02 12:10:00,R05,Navigation,Zone_A,36.52,64,25.85,4.4,0.532,8.37,1550.8,55.4,5,62.4,4.39,99.97,144.43,0.092,0.068,9.48,0.953,-2.469,1.228,74.17,37.31,5.6,57.14,-57.92,121.53
2026-01-02 12:11:00,R03,Pick-and-Place,Zone_A,29.78,53.73,22.05,1.29,0.193,11.04,1439.9,66.47,1,292.9,0.09,100.55,18.63,0.089,0.018,10.088,0.409,-3.101,1.041,74.75,47.42,6.96,1.94,-50.8,160.73
2026-01-02 12:12:00,R01,Pick-and-Place,Zone_A,43.28,54.81,22.68,5.9,0.625,5.14,1379.4,44.34,2,260.9,0.51,98.47,39.03,-0.212,-0.216,9.609,2.556,-0.714,1.754,66.7,40.01,12.78,10.01,-56.82,137.53
2026-01-02 12:13:00,R05,Idle,Zone_B,41.9,61.14,24.25,5.12,0.532,3.98,1632.8,51.03,2,194.3,5.45,103.12,63.27,-0.244,0.03,9.27,1.442,-0.207,0.152,65.87,47.74,9.93,16.65,-44.76,108.36
2026-01-02 12:14:00,R02,Pick-and-Place,Zone_D,38.93,54.67,25.66,7.22,0.352,4.66,1202.8,54.57,3,232.3,6.86,102.49,157.35,0.043,-0.264,9.756,1.702,2.103,-1.181,72.08,46.72,12.06,7.31,-61.99,66.13
2026-01-02 12:15:00,R06,Navigation,Zone_B,45.2,67.61,23.32,5.55,1.206,17.76,989.3,52.7,3,250.7,0.17,99.73,63.56,-0.241,0.283,9.653,-0.203,1.105,-0.312,71.92,45.43,17.4,99.51,-55.57,111.22
2026-01-02 12:16:00,R05,Navigation,Zone_B,40.08,53.49,24.67,1.82,0.051,8.68,1129.1,50.14,5,45.3,4.25,101.6,185.4,0.233,-0.64,9.872,-0.472,-2.887,-1.912,61.48,55.49,9.53,54.67,-56.35,89.58
2026-01-02 12:17:00,R08,Pick-and-Place,Zone_A,37.5,49.63,22.65,3.1,0.578,3.27,1642.6,55.74,4,387.9,4.23,98.31,34.78,0.421,-0.108,10.161,-2.483,0.174,-3.235,70.57,54.27,17.77,0.18,-46.65,77.62
2026-01-02 12:18:00,R04,Idle,Zone_D,36.9,64.72,24.7,2.29,0.443,7.9,1354,46.28,3,190.7,3.89,99.87,151.2,-0.295,-0.04,9.84,-2.093,-2.845,-2.049,63.39,50.15,7.34,43.61,-67.85,92.55
2026-01-02 12:19:00,R04,Navigation,Zone_A,40.99,35.91,24.81,5.38,1.896,10.37,1170.8,51.4,3,146.7,6.03,104.39,129.8,-0.02,-0.483,9.549,-0.756,1.054,-0.182,65.2,43.14,25.88,56.74,-60.68,139.71
2026-01-02 12:20:00,R07,Inspection,Zone_A,40.43,54.68,24.46,2.52,0.706,4.88,1671,50.47,4,398.2,2.12,101.97,114.63,0.078,0.135,9.783,0.793,1.768,-0.023,69.51,43.82,24.2,48.33,-64.11,67.11
2026-01-02 12:21:00,R08,Navigation,Zone_D,39.2,47.66,23.05,1.88,0.993,4.42,1632.5,49.08,1,105.2,2.91,104.25,82.67,-0.074,0.106,9.943,0.292,-2.621,0.887,66.99,45.24,13.79,24.22,-56.57,78.37
2026-01-02 12:22:00,R07,Inspection,Zone_C,45.74,60.72,23.9,4.5,2.227,6.36,1613,48.82,4,282.5,0.43,102.33,292.85,-0.106,0.083,9.272,-0.561,0.507,0.01,72.67,43.2,9.76,10.24,-56.79,77.51
2026-01-02 12:23:00,R05,Navigation,Zone_B,38.26,47.51,25.23,6.52,0.473,5.83,1547.1,48.29,4,191.6,2.62,105.64,70.78,0.021,0.258,10.039,1.169,0.362,-1.123,71.52,51.28,19.42,25.04,-46.6,48.63
2026-01-02 12:24:00,R01,Pick-and-Place,Zone_A,46.67,53.32,25.78,5.68,0.395,7.98,1180.8,47.64,2,170,3.51,102.33,65.18,-0.155,-0.048,9.49,-2.928,-3.639,-0.47,65.7,44.49,11.04,28.45,-51.51,136.39
2026-01-02 12:25:00,R01,Charging,Zone_A,45.41,51.61,24.4,2.51,0.726,4.39,1196.2,55.5,4,362.5,0.17,100.11,40.08,-0.671,-0.148,9.877,0.316,-1.192,-1.665,71.09,51.85,1.73,3.15,-53.15,64.93
2026-01-02 12:26:00,R06,Navigation,Zone_A,42.39,50.69,23.01,5.36,0.257,2.42,1394.3,59.3,1,190.6,0.26,99.31,38.46,-0.277,0.224,9.55,1.49,2.622,0.228,62.17,49.3,7.88,67.92,-55.95,70.09
2026-01-02 12:27:00,R01,Charging,Zone_D,36.33,46.48,24.02,5.19,0.083,2.83,1386.8,48.44,1,177.3,0.4,99.58,48.44,0.288,0.313,9.798,1.053,1.166,-2.581,68.02,55.57,13.31,33.45,-66.53,93.97
2026-01-02 12:28:00,R01,Pick-and-Place,Zone_C,37.55,55.3,24.83,5.41,3.641,12.89,1676.1,56.63,1,33.8,1.79,96.45,50.15,-0.215,-0.059,10.257,0.458,-0.543,-3.722,63.69,45.57,12.95,30.13,-52.97,122.48
2026-01-02 12:29:00,R03,Pick-and-Place,Zone_B,37.93,43.43,25.11,10.31,0.601,2.45,1535.1,55.94,5,111.3,3.64,96.06,147.38,-0.283,0.453,10.264,-0.935,2.75,1.501,59.76,51.42,10.46,8.78,-50.91,170.54
2026-01-02 12:30:00,R08,Navigation,Zone_D,37.62,52.5,23.12,1.64,0.766,2.56,1421.1,52.13,3,272.6,0.32,102.07,49,-0.006,-0.125,9.724,-4.678,-0.35,-0.093,68.13,46.81,23.52,5.06,-47.02,203.12
2026-01-02 12:31:00,R06,Inspection,Zone_A,41.61,54.93,22.57,5.98,0.069,5.51,1661.1,54.73,4,117.7,4.1,102.71,111.57,-0.197,0.41,9.74,1.794,0.966,-1.898,72.46,42.17,34.4,6.79,-41.3,75.05
2026-01-02 12:32:00,R07,Charging,Zone_C,34.04,62.04,22.95,4.98,0.194,4.76,1175.9,50.1,4,313.7,0.16,103.19,113.99,-0.256,0.376,9.911,0.501,-5.083,-1.408,61.36,37.38,21.06,10.82,-58.46,73.41
2026-01-02 12:33:00,R07,Pick-and-Place,Zone_B,42.79,50.24,22.61,3.62,0.672,5.56,1548.1,55.94,1,93.9,1.03,99.65,242.56,-0.003,-0.215,10.082,1.171,-1.681,-2.209,59.87,48.26,4.42,4.8,-42.57,58.88
2026-01-02 12:34:00,R04,Pick-and-Place,Zone_B,38.01,77,24.18,7.2,0.446,1.88,1454,47.34,1,326,1.31,100.61,68.3,0.423,0.049,9.463,-0.337,0.503,-3.814,72.57,47.41,13.65,19.22,-48.03,117.24
2026-01-02 12:35:00,R01,Idle,Zone_C,37.23,50.12,24.7,2.17,0.133,7.32,1424.3,51.81,1,160.9,0.8,101.35,60.48,0.114,0.153,9.943,0.224,-5.584,0.763,80.07,51.16,8.77,0.6,-57.92,119.85
2026-01-02 12:36:00,R01,Inspection,Zone_C,42.13,55.51,25.24,5.27,1.368,14.96,1726.7,51.68,4,354.2,11.41,103.01,239.72,-0.326,-0.05,9.884,0.008,-2.294,-1.401,66.65,42.94,18.78,31.18,-50.95,87.66
2026-01-02 12:37:00,R07,Pick-and-Place,Zone_D,37.65,45.87,25.93,4.14,0.127,4.92,1166.8,50.82,1,186.2,0.47,98.93,118.36,0.013,-0.364,10.279,-3.203,-4.419,3.703,63.29,52,3.09,41.4,-42.09,180.46
2026-01-02 12:38:00,R02,Inspection,Zone_A,41.29,60.11,22.07,3.88,0.658,6.66,1567.4,53.85,5,102.7,1.07,96.67,77.57,-0.144,0.057,9.716,1.485,2.449,-1.85,63.17,51.22,4.86,4.11,-53.97,158.45
2026-01-02 12:39:00,R02,Pick-and-Place,Zone_D,41.51,56.55,23.41,2.32,0.295,10.47,1436.2,53.59,3,258.8,3.08,95.89,91.85,-0.172,0.107,9.532,-2.473,-1.452,1.246,61.96,57.16,25.9,40.5,-56.1,103.79
2026-01-02 12:40:00,R06,Pick-and-Place,Zone_A,40.48,44.11,24.13,6.1,0.149,2.3,1380.6,50.79,5,317.6,0.97,101.33,136.71,0.482,0.049,9.91,-3.398,-0.613,1.063,69.29,43.34,3.06,53.97,-56.29,65.44
2026-01-02 12:41:00,R06,Pick-and-Place,Zone_C,41.9,57.39,24.79,6.51,0.211,8.68,1478.7,50.28,3,326.2,6.52,105.47,71.55,0.281,0.679,9.673,5.204,2.592,2.688,65.67,39,8.76,36.9,-63.42,79.77
2026-01-02 12:42:00,R08,Pick-and-Place,Zone_C,39.21,51.89,24.34,4.28,0.373,4.92,1111.1,55.41,2,223.6,5.25,102.01,149.05,0.167,0.131,9.486,1.47,0.721,0.98,66.91,43.55,17.12,1.01,-51.95,132.55
2026-01-02 12:43:00,R07,Navigation,Zone_B,44.61,51.5,23.27,4.67,0.419,3.56,1228.2,50.49,4,216.8,0.24,100.52,116.3,0.013,0.59,9.681,0.59,2.208,1.492,73.68,46.8,14.17,23.68,-68.85,102.29
2026-01-02 12:44:00,R01,Navigation,Zone_A,39.63,60.74,22.81,8.41,0.026,11.96,1426.7,53.99,4,192.4,6.59,102.21,78.44,-0.049,-0.045,9.897,1.364,0.326,2.416,59.14,46.39,1.34,9.77,-46.49,115.29
2026-01-02 12:45:00,R06,Pick-and-Place,Zone_A,44.79,44.53,25.81,3.59,0.284,5.97,1472,53.73,3,14.8,0.25,100.26,122.94,-0.461,-0.418,10.066,1.418,-4.06,1.381,64.46,51.85,26.22,4.23,-48.07,53.81
2026-01-02 12:46:00,R07,Inspection,Zone_D,40.7,53.35,22.57,5.42,0.016,3.89,1448,50.92,4,301.9,1.87,98.29,24.97,0.208,-0.212,10.262,0.233,2.337,-1.285,60.48,41.74,12.43,4.45,-42.54,92.45
2026-01-02 12:47:00,R05,Charging,Zone_D,41.66,49.4,23.6,2.93,1.208,7.2,1374.6,50.59,3,150.1,2.83,102.83,117.81,0.469,0,9.732,-4.168,2.35,-0.686,65.99,47.02,0.72,78.56,-45.6,102.73
2026-01-02 12:48:00,R07,Navigation,Zone_C,41.25,56.35,25.87,4.22,0.05,8.3,1608.5,53.23,2,197.6,2.17,106.25,95.92,-0.173,-0.128,9.647,-3.039,0.396,-2.125,67.19,48.93,15.28,1.1,-60.65,103.48
2026-01-02 12:49:00,R08,Navigation,Zone_A,41.18,61.88,24.05,4.57,0.441,6.49,1560,59.26,2,336.1,0.4,99.15,24.98,0.033,-0.34,9.84,-0.708,-2.514,3.621,63.15,51.73,8.49,57.62,-55.85,62.65
2026-01-02 12:50:00,R03,Navigation,Zone_B,41.25,56.32,23.11,6.79,0.66,5.67,1523.4,55.44,5,200.8,0.96,100.76,108.36,-0.03,0.208,10.084,-3.215,-0.767,1.569,68.74,53.68,2.54,2.97,-50.74,115.83
2026-01-02 12:51:00,R08,Pick-and-Place,Zone_A,38.94,55.83,25.6,2.44,0.313,4.1,1527.5,57.51,6,331.1,1.64,102.45,85.34,0.456,0.076,9.738,0.496,2.837,-3.343,68.19,46.15,2.04,45.74,-53,71.12
2026-01-02 12:52:00,R03,Pick-and-Place,Zone_A,39.06,47.49,23.46,6.71,0.676,6.44,1433.8,55.94,4,323.2,1.1,102.67,74.08,0.106,0.371,9.423,1.75,-0.021,-1.802,61.03,49.93,11.94,0.36,-52.27,96.79
2026-01-02 12:53:00,R01,Idle,Zone_A,43.44,44.03,23.51,4.25,0.117,4.44,1789.9,45.26,4,336.9,7.34,99.95,119.06,-0.145,-0.37,9.705,0.34,6.503,0.021,69.34,51.73,4.46,8.33,-55.6,59.54
2026-01-02 12:54:00,R08,Pick-and-Place,Zone_B,40.11,54.91,24.69,7.04,2.726,7.98,1479.8,56.44,4,257.5,2.54,104.11,174.51,-0.115,-0.568,10.002,-1.151,-0.315,2.409,70.83,41.17,16.93,1.49,-58.23,134.29
2026-01-02 12:55:00,R04,Navigation,Zone_C,44.01,58.26,23.12,3,1.964,2.11,1629.3,50.39,3,64.5,2.02,102.35,52.47,-0.341,-0.417,9.422,1.319,-0.316,1.518,69.39,51.15,12.63,12.86,-59.85,103.27
2026-01-02 12:56:00,R02,Inspection,Zone_A,41.11,60.71,22.8,3.72,1.754,1.84,1385.1,57,3,298.7,2.84,98.47,36.8,0.328,-0.123,9.841,-3.578,1.613,-2.107,70.68,45.5,5.2,92.21,-66.75,80.07
2026-01-02 12:57:00,R04,Inspection,Zone_B,38.15,43.64,23.84,6.33,0.329,4.77,1469.6,52.26,2,200.1,1.06,99.89,81.58,0.122,0.242,10.061,1.415,-3.928,-2.109,69.25,38.67,2.11,,-44.93,146.48
2026-01-02 12:58:00,R08,Inspection,Zone_C,46.87,60.94,25.77,3.62,0.143,3.53,1156.6,42.66,3,285.1,4.06,101.35,41.74,-0.152,0.087,9.417,3.84,0.664,-0.108,73.27,51.96,33.36,7.03,-67.01,79
2026-01-02 12:59:00,R06,Navigation,Zone_D,39.51,56.85,24.15,5,0.503,10.01,1346,54.36,3,202.6,5.81,101.93,158.05,0.093,0.084,9.322,2.786,2.941,-3.427,69.37,50.76,29.46,62.15,-57.1,101.75
2026-01-02 13:00:00,R04,Pick-and-Place,Zone_A,38.15,49.74,23.31,4.63,0.008,7.4,1354.6,46.81,4,54.9,3.35,103.02,170.4,-0.205,0.007,9.403,0.056,-1.999,-0.425,68.7,45.37,9.59,59.61,-43.99,65.8
2026-01-02 13:01:00,R08,Navigation,Zone_A,45.03,62.43,24.33,1.87,1.129,14.59,1087.2,45.86,4,364.4,2.4,104.67,107.68,0.073,-0.604,9.314,-0.173,1.15,1.057,73.19,42.91,13.73,53.26,-56.07,120.24
2026-01-02 13:02:00,R05,Inspection,Zone_C,37.43,62.62,23.56,1.06,0.125,6.15,1601.2,57.03,2,228.4,0.45,101.96,40.16,0.103,-0.33,9.774,0.416,2.946,-1.505,59.51,43.89,4.2,20.13,-49.75,100.99
2026-01-02 13:03:00,R05,Navigation,Zone_B,39.05,56.49,22.6,3.89,1.396,,1435.6,52.19,4,320.1,1.54,97.79,174.84,0.035,0.168,9.922,-1.171,2.038,2.888,66.98,49.41,18.78,1.93,-59.58,61.07
2026-01-02 13:04:00,R07,Pick-and-Place,Zone_B,38.74,50.49,23.38,1,1.673,10.27,1189.4,63.41,7,39.3,0.22,104.03,83.38,0.268,-0.201,9.946,-1.995,0.658,-0.502,66.58,49.51,8.61,3.96,-47.07,110.43
2026-01-02 13:05:00,R07,Navigation,Zone_B,40.71,53.76,22.56,6.23,0.553,6.07,1686.5,53.57,2,213.8,1.46,99.65,91.12,0.107,0.317,10.153,3.887,4.371,0.716,80,44.11,1.3,5.56,-42.32,56.53
2026-01-02 13:06:00,R06,Pick-and-Place,Zone_D,46.23,59.38,22.47,5.21,0.171,7.23,1537.7,50.13,4,298.6,0.4,106.19,21.88,-0.009,0.006,9.489,-1.607,-0.877,2.294,61.1,42.04,8.34,9.34,-56.91,234.11
2026-01-02 13:07:00,R04,Charging,Zone_D,39.93,59.85,25.16,1.23,4.129,10.77,1697.5,57.18,0,302.9,0.05,101.33,100.78,-0.053,-0.102,9.581,-2.065,-1.773,0.476,69.49,45.9,13.91,33.97,-42.58,43.74
2026-01-02 13:08:00,R07,Charging,Zone_B,37.86,52.84,25.54,4.96,0.237,5.66,1199.7,55.65,3,136.8,3.84,103.18,74.53,-0.148,-0.232,10.08,1.944,3.431,-1.396,63.38,46.4,3.25,10.2,-52.98,138.69
2026-01-02 13:09:00,R07,Pick-and-Place,Zone_D,40.43,58.57,24.86,6.24,0.361,7.04,1608.7,53.03,2,21.7,2.17,101.71,73.82,-0.288,0.284,9.614,-1.594,0.933,0.248,63.22,49,28.21,8.78,-38.27,89.38
2026-01-02 13:10:00,R05,Navigation,Zone_A,42.5,60.93,23.38,1.81,4.844,4.89,1288.1,50.54,1,195.1,0.9,105.42,89.95,-0.174,0.113,9.732,2.152,-3.363,-1.266,67.37,45.56,4.63,3.1,-58.41,157
2026-01-02 13:11:00,R07,Inspection,Zone_B,42.65,58.52,24.51,7.14,1.019,10.44,1420.8,50.92,1,149,0.51,103.8,100.4,-0.176,-0.136,10.001,0.557,0.982,-2.937,68.35,51.01,6.53,5.18,-57.92,111.89
2026-01-02 13:12:00,R07,Navigation,Zone_B,40,57.05,23.11,4.87,1.437,10.1,1495.5,51.45,2,239,6.43,99.22,41.9,0.292,0.254,9.727,-1.396,-0.222,-1.55,58.38,43.86,9.09,19.72,-64.58,143.22
2026-01-02 13:13:00,R05,Navigation,Zone_B,45.26,59.29,25.19,16.59,0.199,2.88,1623.6,56.92,5,242.6,1.61,102.62,83.06,0.34,-0.129,9.82,1.104,0.787,0.352,64.55,42.26,15.83,9.59,-60.54,111.65
2026-01-02 13:14:00,R03,Navigation,Zone_D,44.28,48.98,23,6.09,1.185,7.03,1725.4,50.59,4,314.7,0.86,100.34,288.75,-0.331,0.164,10.103,-0.515,2.192,-0.539,64.05,53.16,8.82,56.08,-54.68,132.65
2026-01-02 13:15:00,R04,Inspection,Zone_C,42.84,43.36,24.91,3.52,0.926,6.18,1394.3,48,4,290.7,0.01,101.6,52.42,-0.03,-0.337,9.58,-2.048,1.183,-1.484,58.52,43.55,3.08,24.1,-45.74,106.68
2026-01-02 13:16:00,R06,Pick-and-Place,Zone_A,42.31,59.31,25.53,1.92,0.917,6.21,1712.7,54.96,5,222.8,0.23,99.95,49.98,0.104,-0.362,9.829,-1.45,3.225,-2.998,70.26,48.79,16.89,44.03,-54.7,132.25
2026-01-02 13:17:00,R08,Inspection,Zone_A,42.82,54.07,23.75,6.62,0.546,10.6,1423.5,45.21,4,33.7,2.83,105.76,311.5,-0.267,0.003,10.045,-1.346,-4.085,0.156,62.31,57.54,7.14,0.25,-50.44,141.39
2026-01-02 13:18:00,R04,Pick-and-Place,Zone_C,36.29,64.02,25.29,2.8,0.435,9.85,1854.5,63.3,1,367.7,1.93,103.98,190.2,0.595,-0.093,9.772,5.418,0.947,-0.692,65.43,49.66,12.8,8.92,-45.09,263.54
2026-01-02 13:19:00,R01,Pick-and-Place,Zone_A,39.45,65.05,22.92,4.53,1.148,13.44,1533.5,50.95,5,72.8,4.61,102.09,92.24,0.675,0.23,9.638,-2.064,-2.323,-0.183,71.11,51.43,13.04,4.48,-50.72,52.47
2026-01-02 13:20:00,R06,Idle,Zone_B,39.95,65.43,23.83,7.82,0.52,13.03,1865.1,42.47,2,343.6,1.71,106.96,203.29,-0.006,-0.231,9.532,1.267,-2.958,-4.323,77.12,38.2,7.82,0.19,-52.47,97.03
2026-01-02 13:21:00,R04,Idle,Zone_D,36.9,,24.44,2.74,1.78,8.23,1550.3,59.65,4,300,1.18,106,70.18,0.079,-0.127,9.591,2.417,3.17,-1.372,65.92,41.57,24.38,1.29,-61.08,111.54
2026-01-02 13:22:00,R08,Inspection,Zone_C,44.6,62.62,25.08,2.94,0.15,4.57,1224.5,48.57,3,141.4,0.49,103.47,217.56,0.04,0.163,10.188,-1.601,-0.062,3.245,68.24,51.17,3.58,24.29,-72.86,77.38
2026-01-02 13:23:00,R07,Pick-and-Place,Zone_D,34.39,49.35,22.22,5.15,0.632,16.13,1216.5,52.51,2,340.4,4.99,101.49,244.26,0.145,-0.067,10.049,-1.263,-0.139,-1.621,68.56,48.38,8.47,31.37,-44.02,99.54
2026-01-02 13:24:00,R04,Pick-and-Place,Zone_C,41.1,47.86,23.77,4.19,0.495,3.2,1152.9,50.03,4,236.7,1.96,104.89,119.19,0.146,0.412,9.735,-2.864,-4.027,3.019,65.97,41.28,28.26,17.46,-63.72,62.97
2026-01-02 13:25:00,R08,Pick-and-Place,Zone_B,41.43,48.71,23.78,3.77,0.445,10.41,1300.6,44.47,4,302.3,1.01,95.39,123.54,-0.021,0.011,9.535,0.95,-1.826,1.961,68.98,47.5,14.91,7.99,-55.85,170.72
2026-01-02 13:26:00,R05,Pick-and-Place,Zone_C,40.57,51.3,22.2,7.5,0.236,5.01,1603.7,54.83,5,146.7,1.78,98.88,52.57,-0.168,-0.039,10.016,1.766,-1.402,-2.323,65.44,50.72,6.17,12.53,-50.2,95.06
2026-01-02 13:27:00,R03,Pick-and-Place,Zone_D,40.27,51.65,23.09,3.8,0.014,3.99,1423.1,52.62,3,275.9,6.18,104.77,122.87,0.464,-0.128,10.141,-5.68,-0.816,1.148,66.52,55.86,21.98,3.99,-59.17,156.91
2026-01-02 13:28:00,R02,Pick-and-Place,Zone_C,35.89,51.85,23.21,4.51,0.422,11.27,1211.1,62.51,0,60.3,1.62,103.19,69.98,0.245,-0.014,9.59,-0.027,-3,-2.73,62.88,42.13,2.93,9.19,-59.18,153.02
2026-01-02 13:29:00,R02,Navigation,Zone_B,39.82,50.83,24.47,8.31,0.259,12.03,1436.9,60.32,1,280.7,7.14,100.37,51.57,0.056,0.266,10.43,-5.863,1.856,-2.251,67.01,53.34,16.49,55.22,-67.39,91.21
2026-01-02 13:30:00,R08,Pick-and-Place,Zone_B,37.79,54.95,24.69,4.64,2.276,5.5,1668.6,57.84,4,313.3,0.29,102.09,68.05,0.075,0.093,10.038,-1.168,-1.455,0.326,67.87,45.19,16.52,48.17,-48.16,118.73
2026-01-02 13:31:00,R05,Charging,Zone_A,39.42,65.13,25.44,2.09,0.698,2.92,1537.3,50.9,2,382.3,2.55,102.16,141.01,-0.391,0.123,9.976,-0.276,1.528,1.126,69.52,44.93,8.54,26.95,-51.28,85.5
2026-01-02 13:32:00,R05,Inspection,Zone_B,36.7,59.32,25.14,2.25,0.025,8.01,1391.4,59.97,4,225.7,1.89,104.43,87.88,0.021,0.208,9.455,-0.315,0.676,0.896,71.76,54.64,14.77,44.5,-47.36,140.92
2026-01-02 13:33:00,R01,Navigation,Zone_B,39.98,55.72,25.19,2.96,1.201,4.46,1349.1,49.34,3,381.9,0.55,98.51,221.65,-0.441,-0.201,9.912,-2.835,-0.075,2.483,60.04,53.67,10.75,30.53,-62.11,104.48
2026-01-02 13:34:00,R03,Idle,Zone_B,44.5,56.39,22.66,3.88,0.978,3.46,1553.1,56.15,4,191.3,7.13,103.1,142.37,0.184,-0.041,10.062,0.697,-1.72,-0.971,70.96,41.2,15.48,3.61,-58.2,61.51
2026-01-02 13:35:00,R02,Inspection,Zone_D,36.24,40.4,24.67,2.97,0.304,5.71,1810.8,66.52,2,257.9,1.52,101.64,202.76,-0.016,-0.125,10.219,1.378,-2.577,1.804,70.04,45.83,7.14,61.4,-53.71,75.47
2026-01-02 13:36:00,R06,Pick-and-Place,Zone_B,39.71,55.8,23.65,4.42,0.962,3.03,1471.9,56.95,6,307.7,2.17,103.81,35.22,0.241,-0.153,10.158,0.054,0.935,2.761,70.81,48.52,7.73,136.93,-52.9,94.23
2026-01-02 13:37:00,R03,Pick-and-Place,Zone_D,39.81,62.2,24.11,8.85,0.161,13.61,1304.5,58.64,4,160.5,1.45,101.88,71.72,0.322,-0.334,9.979,1.908,1.951,2.835,68.12,51.41,9.48,9.52,-36.16,69.3
2026-01-02 13:38:00,R02,Navigation,Zone_A,36.88,67.73,22.53,6.86,1.281,2.33,1412,51.56,7,391.9,1.01,102.91,126.92,-0.297,-0.355,9.598,-0.777,-3.389,-1.13,77.43,51.45,5.88,75.43,-53.03,116.19
2026-01-02 13:39:00,R05,Pick-and-Place,Zone_B,39.26,62.75,25.37,3.26,0.06,12.27,1208.7,48.54,6,192.9,2.47,100.43,70.83,-0.242,-0.546,9.753,1.677,0.472,2.109,59.89,52.73,9.03,14.84,-61.52,130.43
2026-01-02 13:40:00,R02,Charging,Zone_B,38.2,49.09,24.7,4.89,1.053,4.14,1280.3,62.42,1,333.9,2.4,102.23,32.32,-0.4,0.573,9.678,2.517,1.512,0.903,61.91,49.12,13.91,24.46,-55.54,57.43
2026-01-02 13:41:00,R04,Navigation,Zone_C,37.73,52.62,23.83,7.57,0.008,12.01,1285.9,47.74,2,92.7,0.02,100.28,127.91,-0.817,0.347,10.235,0.346,0.227,4.517,35,54.21,23.62,25.19,-61.73,186.75
2026-01-02 13:42:00,R06,Pick-and-Place,Zone_B,37.31,54.04,23.94,4.11,0.389,9.29,1363.4,53.21,3,204.7,0.26,99.69,81.21,-0.333,-0.206,10.052,-0.802,0.483,1.825,65.26,50.79,2.06,5.68,-49.74,215.34
2026-01-02 13:43:00,R04,Inspection,Zone_B,39.72,39.51,22.02,3.62,0.647,10.66,1752.2,55.08,5,126,0.2,100.34,65.01,0.282,-0.224,9.974,0.289,-1.365,0.922,68.23,47.73,17.31,22.56,-78.37,162.94
2026-01-02 13:44:00,R04,Pick-and-Place,Zone_B,40.46,53.84,22.68,4.68,3.544,3.92,1402.6,55.34,2,256.8,5.38,108,102.74,-0.043,0.366,9.872,1.111,-0.265,3.518,79.72,41.92,3.5,9.81,-69.57,178.56
2026-01-02 13:45:00,R05,Navigation,Zone_C,43.17,54.69,24.07,3.68,2.62,10.02,1104.6,57.38,4,267,0.13,100.68,57.78,0.389,-0.494,9.353,1.204,0.006,0.162,68.19,50.91,0.61,9.22,-57.8,74.94
2026-01-02 13:46:00,R02,Charging,Zone_B,35.51,50.99,24.24,3.32,1.967,12.38,1616.4,51.95,4,265.8,6.09,101.88,35.53,-0.289,-0.3,9.863,-1.13,2.28,-0.189,71.78,36.94,0.57,11.32,-55.55,126.52
2026-01-02 13:47:00,R05,Charging,Zone_D,34.12,72.41,21.95,9.5,0.36,12.68,1376.8,49.2,3,359.1,2.54,99.86,140.63,-0.069,0.078,9.814,0.233,-2.366,-0.08,67.87,54.02,4.04,42.15,-70.33,127.26
2026-01-02 13:48:00,R08,Pick-and-Place,Zone_D,36.68,53,24.47,3.78,0.619,3.55,1402.5,56.08,7,314.5,1.89,101.01,101.24,0.302,0.211,9.706,-0.281,-0.312,0.968,62.09,36.27,8.13,56.48,-62.27,147.92
2026-01-02 13:49:00,R06,Inspection,Zone_D,38.45,45.66,23.38,6.64,2.671,6.64,1747.1,55,1,120.2,3.86,98.51,204.96,-0.187,0.235,9.704,3.748,2.69,1.895,58.5,45.52,9.37,43.79,-47.61,170.24
2026-01-02 13:50:00,R02,Idle,Zone_C,41.86,68.43,23.12,1.06,0.223,9.74,1264.5,57.43,2,197.7,0.65,101.73,59.87,0.187,0.187,9.772,-1.626,-3.056,-0.662,57.27,46.82,12.49,30.37,-39.13,111.23
2026-01-02 13:51:00,R08,Inspection,Zone_D,38.5,49.13,22.86,8.06,0.186,6.69,1384.9,48.11,3,13.6,1.98,99.67,69.7,0.036,-0.055,10.076,-1.961,-0.091,1.987,67.37,53.48,5.5,1.59,-63.4,163.11
2026-01-02 13:52:00,R03,Navigation,Zone_D,36.13,45.43,23.43,4.97,1.352,12.08,1301.6,45.95,1,96.3,4.4,103.33,81.4,0.279,0.124,10.023,1.458,2.068,3.758,71.95,51.23,3.66,7.19,-47.54,79.05
2026-01-02 13:53:00,R05,Idle,Zone_B,31.39,60.88,22.52,4.9,1.612,8.42,1373,55.33,1,115.8,1.22,103.37,59.88,0.001,0.364,9.585,-0.258,-1.07,-0.7,78.62,47.43,14.18,3.44,-59.73,114.47
2026-01-02 13:54:00,R04,Navigation,Zone_D,39.92,50.77,23.16,4.63,0.048,4.02,1243.6,52.32,2,209.2,0.69,99.97,66.11,-0.201,0.396,9.893,0.301,-3.387,0.859,76.54,47.51,20.63,27.55,-44.9,132.45
2026-01-02 13:55:00,R01,Pick-and-Place,Zone_A,31.06,63.31,25,7.63,0.787,6.73,1318.4,50.2,3,322.8,1.59,99.37,156.83,0.179,-0.346,9.608,3.033,0.284,2.705,61.28,51.78,9.09,10.11,-68.45,143.75
2026-01-02 13:56:00,R05,Navigation,Zone_C,43.46,63.68,24.52,5.55,1.086,9.25,1459.2,53.48,2,374.6,3.87,99.02,31.11,-0.215,-0.042,9.9,-1.355,2.128,-0.501,74.02,47.29,6.25,5.37,-60.73,140.11
2026-01-02 13:57:00,R03,Navigation,Zone_B,41.63,63.97,24.45,2.62,1.094,7.32,1195.1,52.46,6,125,2.82,99.54,89.51,0.404,0.091,9.526,1.011,-1.195,-0.065,61,43.2,24.57,1.68,-50.2,118.54
2026-01-02 13:58:00,R02,Pick-and-Place,Zone_C,41.6,55.49,22.29,4.63,0.655,13,1601.4,54.73,3,307.5,4.37,99.63,35.14,-0.087,0.088,9.771,0.889,-2.721,1.602,62.68,51.37,5.36,23.33,-67.73,125.13
2026-01-02 13:59:00,R04,Navigation,Zone_B,41.91,40.39,22.34,4.49,0.491,2.77,1504.9,45.32,2,356.7,0.3,100.68,87.02,0.119,0.023,9.707,2.187,-0.036,3.733,75.35,46.66,1.59,12.97,-66.25,153.49
2026-01-02 14:00:00,R08,Navigation,Zone_D,43.07,55.56,25.88,2.79,2.339,3.94,1828.5,55.2,5,315.1,0.68,101.31,134.38,0.093,-0.231,9.829,-0.208,1.469,2.375,72.83,50.16,18.1,66.43,-44.72,153.72
2026-01-02 14:01:00,R08,Navigation,Zone_B,35.98,57.88,25.37,2.42,1.088,6.09,1421.5,52.97,0,357.2,4.11,99.97,173.53,-0.379,0.152,9.341,1.609,0.942,3.76,70.11,49.51,6.72,7.85,-58.12,124.42
2026-01-02 14:02:00,R01,Navigation,Zone_D,37.5,42.54,25.42,5,2.703,5.31,1575.8,56.17,1,364.7,0.25,99.84,36,-0.275,0.243,10.309,0.596,0.305,-0.669,66.73,49.37,11.26,16.45,-67.31,140.99
2026-01-02 14:03:00,R01,Navigation,Zone_C,41.26,45.52,24.22,9.37,0.313,8.66,1312.5,41.99,1,81.3,2.14,101.13,83.33,0.176,-0.141,9.634,0.227,-1.702,3.583,64.56,49.16,2.34,31.51,-48.02,91.75
2026-01-02 14:04:00,R03,Navigation,Zone_B,41.21,50.71,22.42,0.8,0.082,3.4,1679.6,53.05,1,70.5,0.94,101.36,91.59,-0.295,0.003,10.523,3.631,-1.759,-1.93,60.26,51.91,6.79,3.49,-32.56,64.26
2026-01-02 14:05:00,R06,Navigation,Zone_C,38.11,57.55,23.81,4.01,0.583,2.32,1413.5,57.21,5,355.4,3.97,101.35,64.13,-0.29,-0.456,9.656,-1.133,0.245,2.243,60.04,50.57,0.1,43.97,-49.26,119.57
2026-01-02 14:06:00,R08,Inspection,Zone_C,44.49,61.37,23.99,4.59,1.107,2.97,1466,51.63,1,183.3,0.75,101.34,72.82,-0.027,-0.301,10.022,4.082,1.68,-0.573,82.09,57.22,3.5,24.89,-52.19,67.8
2026-01-02 14:07:00,R01,Navigation,Zone_C,41.29,60.54,25.93,4.65,1.481,3.41,1642.3,49.11,3,280.8,4.96,102.56,33.7,0.29,-0.111,9.784,-1.682,-1.756,0.712,62.03,41.28,15.5,48.3,-58.41,92.41
2026-01-02 14:08:00,R01,Inspection,Zone_D,37.37,72.9,22.68,2.78,0.291,2.09,1518.5,52.68,1,205.3,3.25,100.77,84.4,0.177,-0.222,10.047,5.163,3.896,-0.751,80.59,55.27,12.03,12.19,-53.75,156.51
2026-01-02 14:09:00,R08,Pick-and-Place,Zone_B,38,51,25.11,2.31,0.134,5.8,1373.8,55.2,2,259.3,1.74,101.17,184.99,0.059,0.191,9.642,-0.472,0.139,-2.052,71.81,38.59,18,116.73,-57.07,123.05
2026-01-02 14:10:00,R07,Pick-and-Place,Zone_A,48.92,61.86,22.42,6.84,1.483,2.25,1736.3,53.77,1,240.3,1.25,100.64,43.42,-0.063,-0.375,9.548,0.67,1.459,1.955,61.33,49.03,18.71,4.36,-53.91,84.56
2026-01-02 14:11:00,R08,Inspection,Zone_C,41.97,53.2,25.76,3.87,0.552,12.18,1106.8,53.47,1,94.9,0.47,102.09,122.35,0.408,0.205,9.379,-0.802,-0.497,0.549,61.18,51.98,12.33,23.13,-53.93,75.14
2026-01-02 14:12:00,R04,Pick-and-Place,Zone_D,39.78,53.79,21.99,1.99,1.689,6.77,1647.4,45.82,1,180.1,3.55,102.8,25.6,0.013,-0.127,10.168,0.17,-0.162,-2.992,70.81,43.68,14.15,23.18,-56.53,91.86
2026-01-02 14:13:00,R01,Navigation,Zone_D,35.37,67.68,24.56,7.87,0.117,15.07,1282.1,46.8,2,94.5,4.26,99.18,119.05,-0.296,0.202,9.776,-0.73,1.498,1.307,59.5,49.95,8.03,17.95,-57.18,100.96
2026-01-02 14:14:00,R01,Charging,Zone_D,37.47,49.51,22.58,1.96,0.471,8.72,1260.6,60.7,1,228.9,2.2,99.48,69.52,-0.448,-0.485,10.059,-1.116,0.171,0.569,56.14,48.84,11.3,3.53,-52.03,62.05
2026-01-02 14:15:00,R04,Pick-and-Place,Zone_D,40.5,52.98,22.7,0.95,0.723,15.31,1419.2,50.06,4,207.1,0.44,99.78,56.48,0.017,0.188,9.268,0.442,-0.742,0.207,71.69,42.87,5.04,51.86,-64.38,138.02
2026-01-02 14:16:00,R06,Pick-and-Place,Zone_B,34.47,55.95,22.39,4.28,0.951,12.61,1461.5,43.72,5,75.5,1.73,101.91,40.04,-0.249,-0.017,9.937,-1.16,-3.34,0.186,56.04,47.99,8.39,41.79,-56.29,140.79
2026-01-02 14:17:00,R03,Pick-and-Place,Zone_D,41.11,47.08,22.4,4.75,0.304,5.9,1309.6,49.22,6,115.1,5.05,99.53,57.65,-0.301,-0.327,9.77,-1.003,1.548,-1.455,61.47,44.93,15.3,7.43,-58.29,123.07
2026-01-02 14:18:00,R01,Navigation,Zone_B,36.37,58.58,25.1,5.23,0.186,9.05,1620.4,50.2,3,85.8,0.59,99,122.05,0.518,0.31,9.587,-4.758,3.578,-2.007,68.29,48.94,12.11,28.99,-60.83,174.03
2026-01-02 14:19:00,R05,Charging,Zone_C,40.76,50.94,25.81,3.8,0.24,6.32,1356.6,53.07,2,399.5,0.23,102.56,195.11,0.092,-0.421,9.506,-1.694,2.692,-0.662,60.95,43.65,28.48,14.54,-65.74,138.76
2026-01-02 14:20:00,R06,Pick-and-Place,Zone_B,42.56,52.3,21.95,3.52,0.049,3.42,1426.3,50.44,3,388.7,3.26,102.02,129.24,0.05,0.517,9.654,3.625,-0.413,-1.16,63.04,51.49,3.36,23.19,-62.68,204.46
2026-01-02 14:21:00,R04,Pick-and-Place,Zone_B,40.12,45.4,23.84,4.61,0.034,11.39,1460.4,52.38,4,326,2.82,99.89,68.59,-0.053,-0.093,9.57,2.435,-0.484,2.998,67.17,50.78,3.46,0.88,-62.69,131.56
2026-01-02 14:22:00,R02,Pick-and-Place,Zone_B,36.64,48.91,24.61,5.76,0.004,13.12,1329.7,50.3,3,371.3,1.2,100.84,44.57,0.295,0.365,10.107,-1.523,1.549,-0.994,66.23,42.03,15.16,4.94,-56.14,99.67
2026-01-02 14:23:00,R05,Idle,Zone_D,38.29,48.86,24.51,4.29,0.038,3.87,1282.4,44.09,5,391.3,7.5,102.73,243.09,-0.256,-0.102,9.934,2.275,1.893,-1.523,70.75,41.46,4.19,2.72,-50.96,197.11
2026-01-02 14:24:00,R02,Pick-and-Place,Zone_C,40.08,51,23.72,1.49,0.098,14.21,1328.9,57.8,1,391.9,0.02,101.05,74.75,-0.172,-0.2,10.022,2.179,2.688,-3.661,62.68,45.06,10.72,6.77,-58.15,165.73
2026-01-02 14:25:00,R08,Inspection,Zone_A,40.74,58.03,24.41,6.47,0.219,3.92,1225.5,52.9,3,49.6,1.62,99.89,242.16,0.054,0.393,9.878,2.665,0.499,-1.339,77.19,42.1,8.78,32.77,-51.02,79.04
2026-01-02 14:26:00,R03,Pick-and-Place,Zone_D,40.58,64.31,22.97,6.03,0.775,10.7,1677.2,57.83,3,365.1,2.25,99.56,147.48,-0.12,-0.042,9.249,-2.566,0.465,-3.378,71.08,48.22,8.8,8.52,-40.92,63.15
2026-01-02 14:27:00,R06,Pick-and-Place,Zone_A,37.45,59.56,24.69,5.28,0.852,15.47,1635.1,56.66,6,173.6,2.53,102.34,72.64,0.043,-0.098,9.772,1.463,4.181,0.593,61.15,49.55,10.9,0.33,-52.32,100.65
2026-01-02 14:28:00,R03,Navigation,Zone_A,36.15,51.66,25.95,3.07,0.284,5.99,1255.2,53.23,0,275.7,5.23,99.56,136.44,-0.185,0.032,9.798,-2.194,-2.211,-1.918,68.92,55.73,11.64,1.12,-61,104.58
2026-01-02 14:29:00,R01,Inspection,Zone_A,45.2,56.63,24.11,3.48,2.087,9.3,1529.5,60.07,3,375.6,1.02,100.78,54.7,0.089,-0.061,10.295,-2.318,2.209,-1.907,71.45,45.22,2.04,39.68,-63.67,49.7
2026-01-02 14:30:00,R01,Inspection,Zone_B,39.65,55.74,22.62,3.12,1.197,6.43,1382.4,43.68,3,168.3,4.52,103.2,91.74,-0.138,0.198,9.876,1.305,-1.327,-1.43,63.81,50.35,18.4,26.4,-47.04,92.92
2026-01-02 14:31:00,R04,Pick-and-Place,Zone_B,35.61,53.5,22.81,5.81,0.607,6.87,1249.6,54.08,1,128.2,2.21,102.34,90.67,0.19,0.135,9.464,1.12,-1.89,0.92,64.31,46.79,3.02,17.99,-53.16,159.14
2026-01-02 14:32:00,R06,Idle,Zone_C,36.98,61.24,23.79,3.61,0.301,9.74,1257,46.1,3,143.9,0.51,101.49,66.07,0.284,-0.037,10.035,0.064,-3.182,0.589,61.13,44.51,3.06,7.06,-59.61,126.25
2026-01-02 14:33:00,R05,Navigation,Zone_B,36.75,68.25,22.36,0.76,1.492,11.32,1739.3,53.58,2,156.7,0.58,104.11,41.79,0.066,-0.347,9.949,-2.142,1.037,0.119,68.97,48.47,2.09,20.43,-62.15,123.54
2026-01-02 14:34:00,R08,Pick-and-Place,Zone_C,40.52,57.38,21.97,4.31,0.279,8.17,1419.4,50.53,8,286.6,0.92,100.76,61.56,0.017,-0.385,9.524,-2.624,0.822,0.959,65.53,50.41,3.56,7.86,-59.33,96.82
2026-01-02 14:35:00,R06,Charging,Zone_A,38.79,59.39,23.61,3.1,1.517,4.73,1486.7,43.74,2,,1.92,103.08,56.77,0.089,-0.115,9.495,1.947,5.316,-0.483,69.42,48.62,6.77,26.81,-52.19,154.49
2026-01-02 14:36:00,R02,Pick-and-Place,Zone_C,42.14,49.78,22.19,3.13,0.777,10.39,1439.7,56.76,6,187.6,0.9,102.73,32.65,0.352,-0.193,9.77,-5.214,-0.869,0.718,68.45,47.78,3.41,14.62,-51.9,101.55
2026-01-02 14:37:00,R08,Navigation,Zone_A,43.98,50.6,24.18,6.54,1.972,11.9,1218.3,40.29,2,304.2,6.84,100.44,89.25,-0.256,-0.18,9.821,-2.251,1.4,-2.398,49.28,43.28,4.22,14.73,-49.53,128.2
2026-01-02 14:38:00,R05,Pick-and-Place,Zone_B,36.91,75.09,25.29,1.18,0.565,6.6,1393.4,50.5,1,178,0.22,100.43,36.01,0.274,-0.162,9.662,-0.089,-0.166,3.686,70.78,46,1.69,17.52,-64.41,64.58
2026-01-02 14:39:00,R06,Pick-and-Place,Zone_A,39.22,60.86,25.23,3.4,0.76,9.17,1800.7,49.65,3,354.5,3.11,98.34,143.57,0.225,0.145,9.86,1.315,0.126,0.61,67.62,41.97,1.12,30.25,-59.87,166.89
2026-01-02 14:40:00,R01,Pick-and-Place,Zone_D,35.52,62.75,25.1,3.03,0.468,14.85,1535.1,54.51,2,200.4,3.32,99.97,105.55,-0.534,0.108,9.635,0.662,-1.35,0.75,76.59,51.34,19.72,41.79,-62.12,73.67
2026-01-02 14:41:00,R05,Pick-and-Place,Zone_D,40.4,44.22,24.21,2.42,1.128,9.98,1656.9,53.15,5,246.1,4.46,97.07,160.99,0.208,-0.067,9.911,-2.13,0.619,3.47,55.42,50.53,8.6,28.44,-50.12,118.53
2026-01-02 14:42:00,R08,Inspection,Zone_D,40.74,58.51,25.92,2.95,0.467,6.97,1125.4,49.47,4,191.4,2.59,100.98,161.97,0.004,0.19,10.055,-2.246,1.619,-1.798,66.04,46.86,1.92,42.37,-66.3,96.39
2026-01-02 14:43:00,R03,Charging,Zone_A,44.6,46.35,23.15,4.12,0.204,4.84,1370,50.74,0,191.1,3.33,104.27,211.39,0.065,-0.2,10.46,-2.703,5.332,-1.967,79.15,48.77,7.26,51.52,-47.29,102.21
2026-01-02 14:44:00,R08,Navigation,Zone_D,34.87,54.13,24.92,2.81,0.297,4.18,1538.8,51.19,4,296.8,3.47,104.57,135.64,0.327,-0.098,9.439,0.281,0.435,0.506,60.77,55.31,13.47,46.19,-50.22,151.45
2026-01-02 14:45:00,R06,Navigation,Zone_C,41.77,38.28,24.49,3.38,0.096,11.21,1232.3,55.25,0,20,0.65,101.82,121.72,-0.092,-0.024,9.268,-1.094,-0.066,-4.056,69.46,48.71,13.46,36.42,-50.05,235.74
2026-01-02 14:46:00,R02,Inspection,Zone_B,37.77,39.84,23.13,2.15,2.844,2.84,1699.2,50.93,4,315,0.49,103.79,97.24,0.232,0.299,9.767,-2.004,-0.379,-2.976,70.58,48.13,24.98,18.61,-51.62,70.62
2026-01-02 14:47:00,R02,Navigation,Zone_D,42.4,47.35,24.68,2.46,0.141,6.78,1771,52.89,7,82.1,8.04,102.19,249.66,-0.486,-0.195,10.043,-3.441,2.242,1.05,62.37,56.95,26.88,78.26,-54.1,113.24
2026-01-02 14:48:00,R08,Pick-and-Place,Zone_C,42.02,50,23.46,2.42,1.276,11.98,1543.2,58.5,1,72.1,7.09,99.58,323.38,-0.497,0.093,9.515,-2.479,1.441,0.887,74.14,53.61,15.69,24.82,-59.43,85.11
2026-01-02 14:49:00,R02,Charging,Zone_A,39.97,48.38,22.59,5.76,1.116,8.11,1479,56.86,4,119.7,1.55,95.13,37.93,-0.202,-0.246,9.927,-3.254,1.463,1.679,70.05,48.68,24.8,50.1,-52.76,77.47
2026-01-02 14:50:00,R03,Inspection,Zone_D,38.67,55.85,22.07,1.75,0.081,15.81,1748,50.13,3,55.7,2.53,99.57,52.44,-0.29,0.135,9.678,0.249,0.423,-2.36,79.07,48.9,29.01,29.39,-50.77,64.7
2026-01-02 14:51:00,R04,Pick-and-Place,Zone_A,41.62,66.46,22.87,5.61,1.854,2.95,1557.4,56.02,2,249.5,0.13,99.08,57.37,0.058,0.002,9.825,-3.646,0.305,-0.473,59.5,50.15,7.21,11.82,-51.07,56.45
2026-01-02 14:52:00,R01,Navigation,Zone_C,41.21,58.28,22.63,4.48,0.642,14.94,1398.9,59.7,3,268.9,8.36,98.04,64.81,0.063,0.056,10.038,2.194,-1.598,2.397,67.11,42.11,0.92,12.61,-55.01,144.16
2026-01-02 14:53:00,R04,Navigation,Zone_B,41.82,51.21,23.82,2.25,0.399,9.74,1457.3,52.97,6,235,0.46,100.98,92.46,-0.031,0.351,9.339,-3.07,0.433,-2.535,65.96,49.63,2.39,6.65,-49.09,71.69
2026-01-02 14:54:00,R04,Inspection,Zone_C,40.61,58.71,25.13,4.14,0.189,3.68,1659.7,53.55,1,146,1.14,102.01,38.58,-0.072,-0.027,9.852,-4.128,-0.287,-1.354,57.61,51.16,17.6,15.81,-58.44,180.95
2026-01-02 14:55:00,R04,Charging,Zone_D,37.21,60.04,23.41,3.96,0.365,10.07,1466.5,51.31,2,243.6,2.65,100.42,117.46,0.099,-0.058,10.419,0.184,1.474,-2.772,71.63,47.02,15.07,19.21,-57.31,201.3
2026-01-02 14:56:00,R06,Navigation,Zone_D,45.24,62.87,23.34,3.79,0.394,5.8,1525.5,52.07,3,66.9,1.18,105.04,57.61,-0.371,-0.327,9.933,-3.031,-0.536,-0.776,64.59,44.85,11.85,39.29,-59.39,82.68
2026-01-02 14:57:00,R08,Navigation,Zone_B,37.81,41.82,22.18,6.91,0.872,7.77,1197,49.47,3,383.5,1.59,99.84,117.53,-0.416,-0.063,9.791,0.602,-4.658,0.166,59.41,48.06,17.22,19.45,-42.92,65.92
2026-01-02 14:58:00,R07,Navigation,Zone_A,41.65,56.86,24.3,8.4,1.458,15.44,1146.9,51.96,6,234.9,2.06,103.68,147.29,0.326,0.249,9.395,2.089,1.361,1.19,72.08,49.62,26.62,3.22,-52.26,141.73
2026-01-02 14:59:00,R03,Pick-and-Place,Zone_A,42.12,56.36,22.84,3.28,2.142,8.63,1596.6,54.98,7,306.8,1.6,98.86,44.82,-0.03,0.107,10.046,-1.776,0.681,0.675,49.73,52.39,3.56,31.36,-50.9,131.74
2026-01-02 15:00:00,R05,Inspection,Zone_C,41.46,55.34,25.51,6.51,0.012,2.61,1320.9,46.72,1,181.8,4.15,103.16,103.8,0.226,0.291,10.397,0.187,1.303,-0.253,67.54,50.08,8.89,81.99,-59.99,110.43
2026-01-02 15:01:00,R01,Charging,Zone_D,36.77,56.85,23.06,2.49,8.855,8.65,1541.4,40.85,3,49.2,4.53,102.83,47.92,0.034,0.287,10.094,0.049,0.436,2.686,79.21,50.32,10.2,25.28,-56.52,134.69
2026-01-02 15:02:00,R06,Inspection,Zone_C,42.72,54.44,24.14,3.12,0.013,4.1,1555.5,56.42,2,303.5,1.87,99.04,178.6,0.068,-0.002,9.959,0.246,3.231,4.76,69.82,43.75,19.65,12.18,-48.41,168.64
2026-01-02 15:03:00,R05,Navigation,Zone_D,43.49,63.38,22.2,4.34,0.532,6.2,1634.6,51.39,3,207.9,2.53,99.06,91.72,0.384,-0.184,9.523,1.324,1.523,0.216,53.05,42.86,21.53,22.54,-49.22,64.41
2026-01-02 15:04:00,R06,Pick-and-Place,Zone_C,41.74,63.99,23.14,3.55,1.738,2.84,1382.4,51.92,5,109.8,1.28,100.64,91.07,-0.147,0.075,9.962,-0.815,-0.341,0.866,55.59,43.86,2.09,2.69,-42.82,73.39
2026-01-02 15:05:00,R07,Pick-and-Place,Zone_C,51.5,43.16,25.77,5.45,1.559,6.57,1384.4,52.41,3,221.4,2.08,102.39,183.06,0.484,-0.059,10.316,1.993,1.205,0.153,58.37,47.66,6.48,2.82,-52.95,103.92
2026-01-02 15:06:00,R01,Inspection,Zone_D,42.84,50.69,24.86,2.01,1.053,6.74,1363.6,51.65,3,221.3,3.11,100.76,70.61,-0.276,-0.196,9.715,-2.273,2.411,-1.42,60.03,41.16,4.47,12.38,-56.17,127.97
2026-01-02 15:07:00,R07,Inspection,Zone_A,37.65,73.83,22.26,4.8,4.602,5.31,1653.5,54.39,2,297.4,0.72,100.34,154.38,-0.238,0.086,9.871,-0.947,-3.444,1.653,67.81,46.84,4.39,5.65,-70.98,103.64
2026-01-02 15:08:00,R01,Idle,Zone_A,36.06,51.03,22.55,7.37,0.696,4.01,1246.9,48.67,5,220.4,0.98,103.18,42.97,-0.182,-0.623,10.049,2.195,3.51,2.787,68.09,44.06,6.26,66.27,-61.8,114.81
2026-01-02 15:09:00,R07,Inspection,Zone_C,40.16,62.83,25.26,5.75,0.485,8.66,1832.5,51.34,3,143.7,1.25,98.11,86.82,-0.428,0.28,10.046,-0.203,0.74,0.093,81.49,47.3,6.36,0.12,-37.98,64.1
2026-01-02 15:10:00,R03,Pick-and-Place,Zone_A,,58.45,23.82,7,0.178,2.01,1550.7,48.93,1,160.7,0.47,100.79,193.32,-0.268,0.271,9.67,2.179,0.175,-0.225,69.56,47.62,8.15,19.09,-56.2,91.62
2026-01-02 15:11:00,R07,Idle,Zone_D,40.68,58.04,24.88,4.6,0.142,5.53,1149.3,53.14,2,112.5,0.5,98.98,104.18,-0.207,-0.124,9.376,2.608,-1.604,0.156,69.63,49.29,21.21,32.68,-54.93,80.02
2026-01-02 15:12:00,R05,Navigation,Zone_B,40.63,57.82,25.22,3.36,0.868,4.9,1404.4,66.61,2,291,0.13,98.3,65.55,0.422,0.2,10.299,0.041,0.038,-2.352,65.66,47.65,10.38,18.84,-45.82,106.84
2026-01-02 15:13:00,R03,Charging,Zone_A,39.25,58.9,25.87,4.98,0.111,4.48,1546.8,59.98,5,179.7,1.05,105.29,92.1,-0.204,0.039,9.866,-2.926,-1.634,-0.909,66.4,53.33,12.94,35.82,-52.51,74.75
2026-01-02 15:14:00,R01,Charging,Zone_C,39.61,65.84,24.88,2.44,0.457,5.03,1033.4,51.29,1,364.3,0.47,104.29,129.57,-0.151,0.085,9.831,-0.538,-2.335,1.118,57.27,41.54,0.73,27.78,-52.28,134.72
2026-01-02 15:15:00,R08,Inspection,Zone_B,41.53,56.71,22.53,5.01,0.763,5.95,1586.6,61.01,3,195.9,0.17,100.76,370.6,-0.044,-0.186,9.265,2.844,-0.947,-0.353,60.74,47.67,12.38,14.17,-50.39,95.79
2026-01-02 15:16:00,R05,Charging,Zone_D,37.64,57.77,24.99,2.41,0.177,8.25,1347.7,51.99,4,135.4,0.75,103.79,179.92,0.227,0.321,9.706,-2.332,-3.336,0.52,58.76,55.2,6.31,56.69,-44.91,129.22
2026-01-02 15:17:00,R05,Pick-and-Place,Zone_C,32.5,45.93,22.96,6.88,2.109,6.66,1697.5,54.34,0,397.4,4.78,99.8,57,0.225,0.025,9.782,3.559,-1.131,-0.856,72.13,45.27,20.26,38.44,-52.93,119.31
2026-01-02 15:18:00,R04,Pick-and-Place,Zone_D,42.48,74.39,22.33,5.97,0.804,8.47,1270,42.32,4,164.3,1.37,103.14,24.48,-0.192,-0.003,9.72,-0.558,0.44,-2.334,72.07,43.66,13.44,0.18,-53.06,80.79
2026-01-02 15:19:00,R01,Navigation,Zone_D,38.63,52.3,23.33,6.36,0.163,6.07,1632.5,57.6,3,281.2,4.78,100.19,54.17,0.245,0.052,9.515,-1.894,-1.611,-0.518,56.36,49.89,2.05,8.77,-59.48,206.08
2026-01-02 15:20:00,R08,Pick-and-Place,Zone_B,37.99,66.33,25.63,4.56,0.965,8.96,1548.4,58.1,8,96.1,0.1,102.06,146.69,0.363,-0.073,10.484,0.289,-0.317,4.149,69.76,52.27,9.62,48.67,-44.04,67.02
2026-01-02 15:21:00,R06,Navigation,Zone_D,41.54,60.2,24.13,4.74,0.318,8.26,1472.5,53.31,4,181,0.38,102.74,112.55,-0.509,-0.322,9.854,-0.806,-0.08,-3.144,65.89,48.16,5.85,4.6,-58.73,90.42
2026-01-02 15:22:00,R02,Inspection,Zone_D,38.66,54.62,24.64,3.07,0.465,7.43,1521.2,49.79,2,161.8,0.45,102.85,198.71,-0.301,-0.074,9.618,4.758,-2.89,-1.066,66.64,45.6,23.03,19.93,-49.02,235
2026-01-02 15:23:00,R07,Inspection,Zone_A,40.28,43.46,25.52,4.5,4.621,12.57,1342.8,49.19,5,172.7,0.36,103.45,117.66,-0.075,-0.123,10.171,0.07,-2.41,1.646,74.37,46.67,13.91,40.34,-53.93,172.55
2026-01-02 15:24:00,R05,Inspection,Zone_A,42.55,49.07,25.6,3.32,0.776,7.89,1652.7,43.94,3,132.4,1.76,99.57,81.1,0.37,-0.253,9.971,-0.839,1.072,3.225,66.37,50.99,8.51,99.6,-63.14,57.29
2026-01-02 15:25:00,R04,Navigation,Zone_D,35.76,62.39,25.83,2.04,0.434,2.2,1545.3,58.06,8,160.6,0.14,100.8,57.17,0.01,-0.115,10.027,-0.24,-1.045,2.005,66.97,55.54,8.55,1.15,-57.03,188.06
2026-01-02 15:26:00,R08,Navigation,Zone_A,42.99,69.96,23.86,1.23,0.157,3,1853.6,54.59,2,120.3,0.57,101.31,219.81,-0.25,-0.039,9.618,-2.586,-1.029,0.328,64.9,36.05,15.75,25.47,-46.68,123.21
2026-01-02 15:27:00,R01,Navigation,Zone_B,38.59,52.35,24.91,3.6,0.146,12.7,1346.1,55.9,1,209.4,0.15,104.67,108.02,0.079,-0.362,9.757,0.625,0.398,2.126,66.75,49.73,3.43,14.42,-54.47,97.78
2026-01-02 15:28:00,R02,Inspection,Zone_D,38.02,47.19,25.02,4.04,0.924,12.22,1541.2,48.55,2,231,5.91,101.98,81.65,0.066,0.309,9.947,-1.188,0.976,-1.197,62.7,50.09,12.66,23.57,-58.13,70.91
2026-01-02 15:29:00,R01,Idle,Zone_D,36.37,55.96,23.78,3.25,0.424,4.23,1198.6,53.36,2,112.8,1.95,102.73,44.18,-0.053,-0.04,10.197,-0.388,-2.448,-3.438,67.21,48.59,19.91,4.31,-45.72,230.07
2026-01-02 15:30:00,R01,Navigation,Zone_D,44.19,67.65,25.21,3.41,0.081,4.01,1660.1,49.84,4,256.1,2.59,99.26,123.74,-0.411,-0.136,9.893,-2.47,0.091,0.201,64.15,45.78,10.42,8.25,-38.54,147.74
2026-01-02 15:31:00,R04,Navigation,Zone_A,43.51,47.8,23.07,1.82,0.262,6.96,1549.1,55.51,2,169.8,0.02,104.37,56.48,0.118,-0.042,10.132,1.149,0.082,0.67,63.65,54.81,21.38,101.56,-53.03,152.62
2026-01-02 15:32:00,R08,Pick-and-Place,Zone_D,38.68,59.68,23,2.73,0.64,13.7,1396.1,43.28,5,198.4,1.89,102.11,87.39,-0.056,-0.243,9.67,-2.459,-2.549,-2.826,66.74,43.69,3.51,11.24,-51.48,138.23
2026-01-02 15:33:00,R01,Pick-and-Place,Zone_C,41.47,71.18,24.58,4.07,0.385,5.09,1509,53.19,2,29.6,2.25,101.62,76.47,0.122,-0.229,9.59,-2.653,-0.393,3.606,71.49,48.83,13.2,22.96,-51.45,67.14
2026-01-02 15:34:00,R01,Pick-and-Place,Zone_A,42.38,58.69,22.72,1.94,1.456,4.96,1462.3,55.19,1,240.6,5.83,103.27,113.61,0.231,0.108,9.735,-0.364,-0.668,-0.16,49.82,46.17,18.47,41.19,-51.7,65.91
2026-01-02 15:35:00,R02,Pick-and-Place,Zone_C,34.78,62.68,24.88,1.79,0.474,9.29,1404.1,60.04,8,179.1,0.3,98.65,378.24,-0.377,-0.013,10.114,-2.536,2.56,-0.831,54.57,49.59,3.33,14.94,-49.66,132.88
2026-01-02 15:36:00,R01,Pick-and-Place,Zone_D,43.45,58.23,24.99,3.04,1.227,7.74,1645.1,52.53,2,334.8,2.03,99.47,109.31,-0.311,0.244,10.14,-2.566,3.475,0.972,50.48,50.16,18.05,32.23,-53.73,53.57
2026-01-02 15:37:00,R04,Navigation,Zone_A,44.27,47.19,25.92,0.96,0.766,2.52,1726,41.72,4,244.5,1.44,101.39,58.62,-0.175,0.282,9.879,1.681,-1.387,4.3,59.56,45.2,23.12,16.52,-44.08,81.58
2026-01-02 15:38:00,R07,Pick-and-Place,Zone_D,40.82,63.15,22.09,1.76,0.081,3.44,1411.2,55.68,2,61,7.42,101.87,71.42,-0.124,0.125,10.134,-2.673,0.654,-1.029,59.54,44.01,16.63,25.95,-48.41,180.65
2026-01-02 15:39:00,R02,Pick-and-Place,Zone_C,41.36,41.37,23.81,1.52,0.156,7.67,1618.9,65.32,1,349.2,1.58,103.31,309.5,-0.478,0.3,10.11,4.874,-2.621,2.434,61.34,44.61,3.1,44.19,-47.5,86.01
2026-01-02 15:40:00,R05,Navigation,Zone_C,39.45,55.89,22.91,1.66,0.206,11.45,1242.3,49.45,4,94.3,0.94,103.66,54.04,-0.183,0.178,9.863,-1.168,0.05,0.802,72.67,49.87,5.58,37.13,-60.55,113.8
2026-01-02 15:41:00,R06,Inspection,Zone_D,38.18,53.34,22.87,3.52,0.811,6.63,1483.9,52.57,1,129.1,0.47,103.25,72.63,0.097,-0.132,9.43,-3.519,-3.371,-1.195,73.41,44.16,9.74,0.45,-40.78,116.91
2026-01-02 15:42:00,R07,Navigation,Zone_B,41.11,56.8,25.9,4.75,1.271,10.6,1188.2,55.24,8,356,4.71,105,64.41,0.146,0.25,9.842,-2.088,3.235,-1.739,70.36,54.76,7.59,8.25,-50.55,146.25
2026-01-02 15:43:00,R05,Idle,Zone_B,38.93,51.02,25.76,2.25,0.321,1.08,1619.5,50.07,7,361.3,2.16,100.64,96.42,0.604,0.432,9.654,0.659,4.271,-2.033,68.89,52.43,3.81,12.17,-57.42,147.06
2026-01-02 15:44:00,R07,Idle,Zone_D,44.51,62.48,24.68,3.58,0.253,1.68,1467.6,55.4,2,310.5,4.15,103.45,145.5,0.082,0.281,9.932,-0.232,1.994,2.674,62.74,47.23,2.94,0.12,-48.92,87.78
2026-01-02 15:45:00,R08,Navigation,Zone_B,41.72,51.25,22.3,3.55,1.63,13.04,1300.5,47.69,2,316.7,0.76,104.49,226.55,-0.204,-0.28,9.73,-0.806,0.057,-2.195,64.82,49.2,18.56,3.15,-52.24,108.13
2026-01-02 15:46:00,R02,Navigation,Zone_C,48.76,63.75,22.42,5.54,1.779,6.33,1747.5,51.18,2,229.9,6.9,103.66,124.03,-0.353,-0.437,9.832,1.479,-0.157,0.015,69.77,55.99,3.73,21.37,-68.29,147.8
2026-01-02 15:47:00,R01,Inspection,Zone_B,41.09,52.13,22.59,9.14,0.194,17.22,1699.7,53.77,1,120.3,2.64,100.29,202.53,0.071,0.08,9.393,0.966,0.997,2.513,65.83,57.41,15.11,32.39,-56.73,115
2026-01-02 15:48:00,R01,Navigation,Zone_C,41.03,51.78,23.81,2.31,0.592,6.96,1560.1,55.54,2,91.5,0.7,102.18,45.91,-0.184,0.092,9.68,-0.942,-1.076,0.062,47.63,44.15,7.7,1.25,-43.58,101.71
2026-01-02 15:49:00,R06,Pick-and-Place,Zone_D,38.75,58.9,25.12,7.8,1.064,9.63,1669.6,57.12,6,256.9,0.6,99.99,74.59,-0.365,0.368,9.821,1.436,-2.129,2.171,61.89,42.88,20.65,31.35,-57.04,93.03
2026-01-02 15:50:00,R08,Idle,Zone_D,44.96,59.06,24.49,0.06,0.627,3.93,1213.2,50.68,2,88.3,1.72,103.99,258.04,0.031,-0.144,9.636,-3.194,0.945,-1.75,63.44,53.85,20.27,20.35,-61.04,96.48
2026-01-02 15:51:00,R07,Navigation,Zone_A,45.33,58.92,23.3,7.36,0.079,8.19,1484.8,57.71,1,363.8,1.15,99.4,91.51,0.352,0.023,9.827,2.448,-0.019,0.476,60.54,54.17,7.05,7.51,-46.06,129.64
2026-01-02 15:52:00,R06,Pick-and-Place,Zone_A,39.37,48.94,22.47,4.18,0.047,6.27,1608.2,53.49,3,313.7,0.09,101.26,62.81,-0.132,0.298,9.745,-0.513,1.484,1.64,66.56,53.31,6.75,23.84,-63.67,117.2
2026-01-02 15:53:00,R05,Pick-and-Place,Zone_B,42.76,59.87,23.73,4.02,1.144,3.07,1424.2,51.7,1,60.5,7.75,99.61,98.08,-0.303,0.461,9.734,-0.076,-2.084,1.519,75.86,49.42,14.65,2.93,-51.92,85.27
2026-01-02 15:54:00,R05,Pick-and-Place,Zone_C,39.95,44.37,22.97,0.94,0.605,10.92,1510.7,54.87,5,103.4,2.22,101.61,270.59,-0.281,-0.047,9.696,-1.111,-1.881,0.803,68.14,46.7,14.53,13.96,-60.88,84.39
2026-01-02 15:55:00,R06,Pick-and-Place,Zone_C,39.96,57.5,22.82,4.56,0.327,6.25,1564.1,53.34,3,186.8,6.55,100.17,122.3,0.253,0.604,9.767,1.361,-0.304,0.961,62.68,51.55,5.28,83.69,-62.86,134.27
2026-01-02 15:56:00,R07,Navigation,Zone_B,39.26,56.87,24.27,8.1,1.099,11.56,1463.5,58.61,2,270.3,5.49,99.3,128.95,-0.1,-0.219,9.611,1.2,-0.181,1.425,72.27,52.32,12.9,114.22,-49.53,62.83
2026-01-02 15:57:00,R01,Inspection,Zone_A,42.46,42.4,24.94,4.07,0.445,8.27,1416.4,53.02,2,128.1,1.78,105.16,70.47,-0.083,-0.317,9.923,1.534,-2.532,1.129,74.12,49.97,8.55,32.37,-61.53,140.76
2026-01-02 15:58:00,R01,Navigation,Zone_C,41.95,48.68,25.32,2.28,0.143,8.07,1627.4,58.16,2,121.7,5.4,99.4,142.53,-0.151,0.046,9.826,-0.434,0.157,-1.456,69.89,39.7,4.83,26.15,-60.98,128.16
2026-01-02 15:59:00,R06,Pick-and-Place,Zone_B,31.66,49.42,24.86,2.51,,1.35,1577.4,49.99,7,58.7,2.76,99.7,95.07,0.39,0.227,9.546,-0.664,0.417,-0.443,63.57,49.76,28.36,11.24,-65.25,112.27
2026-01-02 16:00:00,R01,Charging,Zone_B,36.97,53.62,23.5,2.6,1.062,5.65,1250.9,54.73,2,263.2,3.68,100.49,48.72,-0.543,0.076,9.622,2.258,-1.377,0.358,67.13,33.46,16.5,9.38,-46.78,43.96
2026-01-02 16:01:00,R06,Navigation,Zone_C,36.62,67.08,22.23,2.87,1.534,3.55,1731,55.9,0,193.5,0.26,102.23,221.7,-0.009,0.127,10.096,-0.849,0.869,-0.074,80.49,50.56,3.19,21.03,-54.27,105.53
2026-01-02 16:02:00,R08,Inspection,Zone_A,41.17,59.65,23.84,3.06,0.041,3.94,1550.4,58.29,2,14.7,1.59,101.26,67.46,-0.007,-0.049,10.166,-2.576,-2.298,-2.095,63.95,51.62,17.58,17.41,-48.4,130.04
2026-01-02 16:03:00,R01,Pick-and-Place,Zone_C,44.61,57.1,23.24,2.68,0.389,6.13,1675.8,48.18,2,227,1.17,101.07,106.66,-0.043,0.015,10.063,1.949,-1.041,-4.18,79.51,48.23,2.15,6.49,-53.64,112.14
2026-01-02 16:04:00,R04,Pick-and-Place,Zone_C,34.98,51.47,24.27,1.61,1.221,3.21,1178.1,44.03,1,318.9,0.53,98.83,79.63,0.065,0.355,10.033,4.002,1.108,0.206,76.38,41.63,11.93,4.32,-59.02,104.06
2026-01-02 16:05:00,R01,Pick-and-Place,Zone_D,43.49,60.49,22.16,11.04,1.109,5.2,1388.5,60.58,6,393.9,2.31,100.34,121.34,0.322,-0.026,9.617,0.381,0.174,-0.248,79.32,48.99,2.35,132.42,-52.36,129.01
2026-01-02 16:06:00,R04,Inspection,Zone_B,37.22,46.97,22.66,5.6,0.725,6.19,1047.1,54.98,4,306.6,4.01,97.92,207.44,0.225,-0.089,9.897,-2.052,-2.932,0.126,57.17,39.5,34.15,11.54,-52.46,63.72
2026-01-02 16:07:00,R06,Pick-and-Place,Zone_B,38.94,62.54,22.64,4.05,0.298,4.65,1495.9,50.09,1,310.4,8.29,101.76,83.4,-0.091,-0.021,10.067,2.471,-1.102,0.914,68.4,52.16,10.3,0.36,-79.62,90.35
2026-01-02 16:08:00,R01,Navigation,Zone_A,42.46,55.34,22.22,6.19,1.691,3.42,1289.6,46.63,0,316.8,5.99,98.57,64.17,0.216,0.189,9.715,-2.972,-0.495,2.369,65.12,41.98,13.39,31.83,-54.29,130.38
2026-01-02 16:09:00,R05,Navigation,Zone_C,39.02,54.82,24.52,2.09,0.757,11.54,1652.5,50.74,2,365.4,1.21,99.13,40.61,-0.203,-0.19,10.253,0.165,-2.7,0.904,69.52,58.18,1.54,35.12,-55.17,92.83
2026-01-02 16:10:00,R02,Navigation,Zone_C,35.77,55.37,22.5,5.52,1.829,5.39,1017.1,61.03,7,119.6,2.92,98.75,29.67,0.4,-0.645,9.88,1.959,0.318,-2.63,59.11,51.56,7.96,2.64,-67.26,73.84
2026-01-02 16:11:00,R07,Charging,Zone_A,39.24,35.32,25.66,4.42,2.879,4.14,1550.5,56.08,3,135.9,2.58,99.86,32.21,0.223,0.398,9.885,0.451,-5.048,-4.027,62.64,44.83,26.88,3.28,-40.53,79.35
2026-01-02 16:12:00,R06,Inspection,Zone_B,37.86,57.2,24.17,5.91,0.131,6.01,1820.2,49.14,1,61.3,1.48,102.65,145.21,0.206,0.246,9.385,1.234,-0.779,3.335,65.4,46.14,4.5,89.39,-47.64,105.91
2026-01-02 16:13:00,R07,Navigation,Zone_A,42.33,58.04,23.71,2.47,2.56,13.1,1373,54.34,6,91,0.04,101.72,49.66,-0.291,0.094,9.507,-0.593,1.648,-2.185,64,56.42,7.01,7.9,-46.35,67.51
2026-01-02 16:14:00,R06,Navigation,Zone_A,44.08,45.55,22.79,2.28,1.422,5.57,1444.5,54.58,3,193,8.94,102.27,143.31,0.265,-0.133,9.601,0.828,-5.402,0.168,78.79,48.01,20.44,13.33,-51.36,121.73
2026-01-02 16:15:00,R02,Navigation,Zone_D,39.34,56.74,22.46,3.39,0.328,5.45,1390.3,56.57,0,114.3,7.11,98.11,197.93,-0.369,-0.203,9.984,2.59,-0.537,-0.973,66.51,47.72,15.43,0.45,-53.93,99.39
2026-01-02 16:16:00,R01,Charging,Zone_D,41.64,56.89,23.47,1.88,1.113,4.45,1562.7,53.58,3,393.7,1.82,98.18,60.26,-0.017,0.108,10.215,-0.968,1.692,0.454,66.79,45,12.38,7.78,-55.87,181.26
2026-01-02 16:17:00,R07,Charging,Zone_C,46.19,54.08,22.82,1.8,1.31,5.7,1355.2,47.16,2,386.4,5.98,101.97,95.6,-0.265,0.032,9.748,0.589,-2.57,1.096,61.84,48.38,7.88,4.91,-55.73,78.66
2026-01-02 16:18:00,R04,Pick-and-Place,Zone_B,38.86,57.05,25.59,1.69,0.977,9.95,1223.5,55.99,1,176.2,4.48,101.29,70.84,0.219,-0.236,9.487,0.014,0.155,-0.968,72.38,50.99,25.12,21.17,-63.19,146.78
2026-01-02 16:19:00,R03,Navigation,Zone_B,46.66,61.55,22.71,2.81,1.286,2.07,1685.3,54.54,5,223.8,0.8,104.66,94.47,0.349,0.054,9.629,-2.644,1.091,-2.746,64.27,52.72,2.27,29.4,-60.93,113.52
2026-01-02 16:20:00,R08,Navigation,Zone_A,34.38,70.72,25.25,4.7,0.347,4.85,1223,52.13,0,103.3,1.2,100.97,178.07,0.364,0.04,9.216,1.865,0.584,-0.269,64.11,43.41,15.52,52.15,-74.04,117.36
2026-01-02 16:21:00,R02,Navigation,Zone_C,35.25,53.64,24.29,6.97,0.813,9.28,1436.8,49.84,3,75.2,0.77,102.28,113.5,-0.071,-0.119,9.546,-0.446,0.908,2.999,67.04,41.35,11.21,23.88,-46.34,120.31
2026-01-02 16:22:00,R05,Navigation,Zone_D,37.03,36.91,25.53,2.77,2.682,6.23,1272.5,55.17,2,156.3,2.87,101.5,95.06,-0.088,0.158,10.085,3.279,1.007,-1.354,75.67,49.27,15.57,40.92,-46.09,93.95
2026-01-02 16:23:00,R06,Inspection,Zone_D,39.68,52.22,23.98,3.12,0.337,9.72,1507.7,57.73,5,290,1.43,102.23,116.37,-0.009,0.289,9.655,1.287,-6.365,1.962,71.88,43.67,7.11,1.27,-74.4,165.1
2026-01-02 16:24:00,R04,Charging,Zone_B,41,62.67,25.72,1.68,0.941,3.05,1879,52.58,2,246.7,1.45,96.21,126.83,0.222,-0.276,9.613,1.96,0.401,-0.872,70.34,52.3,14.63,7.23,-58.54,208.46
2026-01-02 16:25:00,R06,Navigation,Zone_D,38.72,54.71,23.07,1.32,0.782,5.02,1395.1,48.07,1,380.9,7.14,101.98,406.74,-0.319,-0.039,9.721,1.9,-2.238,1.337,61.11,46.9,18.63,47.88,-52.23,121.84
2026-01-02 16:26:00,R06,Pick-and-Place,Zone_A,43.38,62.8,23.22,2.04,0.134,4.46,1594.6,50.41,3,22.3,0.89,104.32,76.36,-0.232,0.04,9.757,-4.458,3.878,4.005,64.31,45.98,13.32,39.84,-57.67,86.87
2026-01-02 16:27:00,R03,Inspection,Zone_C,44.37,58.42,23.65,2.67,1.762,8.21,1677.7,53.09,1,180.5,0.89,102.25,51.75,-0.172,0.261,10.079,1.377,0.45,1.473,68.65,44.62,10.03,18.96,-58.84,115.16
2026-01-02 16:28:00,R03,Idle,Zone_B,37.47,59.68,22.31,4.51,0.056,5.61,1748,58.4,5,79.9,3.53,98.65,252.73,-0.434,-0.237,9.468,-0.393,0.219,0.077,73.08,41.66,5.61,43.96,-54.7,161.9
2026-01-02 16:29:00,R01,Navigation,Zone_C,41.64,51.26,23.44,4.47,1.309,8.53,1611.7,56.04,3,236.7,6.57,100.71,86.36,0.392,-0.253,10.183,-1.481,3.445,-0.592,77.8,47.38,8.56,100.2,-61.04,121.61
2026-01-02 16:30:00,R03,Inspection,Zone_B,47.12,51.07,22.8,3.1,0.196,5.53,1330.1,49.4,5,168.9,1.17,103.16,94.79,0.057,0.172,9.645,0.039,-0.919,-2.552,67.04,50.76,13.23,1.43,-48.84,139.21
2026-01-02 16:31:00,R05,Pick-and-Place,Zone_D,44.88,54.7,23.74,5.65,3.547,7.1,1457,47.17,3,394.9,0.48,103.92,118.86,0.147,-0.073,9.42,-1.649,-3.794,3.356,56.83,50.35,2.37,49.34,-56.84,166.19
2026-01-02 16:32:00,R03,Idle,Zone_B,34.84,47.07,25.52,2.18,0.208,9.47,1311.6,46.45,3,310.4,1.39,100.65,44.23,-0.317,0.284,9.66,3.892,-2.852,-0.456,64.75,40.23,8.57,33.29,-39.03,147.18
2026-01-02 16:33:00,R03,Charging,Zone_B,42.7,55.18,24.25,4.91,0.802,4.64,1566.4,56.36,3,36.6,5.15,99.51,64.46,0.17,0.095,9.589,-2.514,0.852,0.773,63.08,44.35,9.58,4.9,-45.89,137.39
2026-01-02 16:34:00,R04,Inspection,Zone_B,35.44,47.82,22.32,6.63,1.705,12.18,1782.2,62.53,5,257.8,6.29,100.38,65.84,0.338,-0.18,9.998,-2.874,3.52,-0.26,62.45,49.26,10.56,7.18,-40.06,109.12
2026-01-02 16:35:00,R02,Pick-and-Place,Zone_A,42.78,35.91,25.1,2.08,0.182,5.26,1411.3,50.32,4,295.4,1.15,101.31,40.52,-0.081,0.245,9.831,0.654,0.599,0.733,63.22,53.19,11.07,3.12,-44.14,134
2026-01-02 16:36:00,R03,Navigation,Zone_A,40.38,33.92,25.27,2.59,0.457,7.3,1516.6,47.45,2,380.2,1.67,102.81,171.4,-0.129,0.115,9.778,-1.011,1.065,3.975,54.07,47.24,10.63,10.32,-50.82,162.56
2026-01-02 16:37:00,R04,Inspection,Zone_B,40.34,55.06,25.84,3.73,0.566,13.46,1432.3,64.25,1,159.1,5.16,97.53,51.36,-0.11,0.087,9.532,-1.837,3.788,1.717,66.22,53.43,10.88,28.2,-56.81,97.18
2026-01-02 16:38:00,R08,Navigation,Zone_A,39.21,54.85,25.07,3.13,0.063,9.06,1591.5,52.48,1,288.1,4.63,102.07,24.28,-0.375,-0.282,9.408,-0.336,1.071,-1.103,58.99,41.1,17.8,25.96,-45.96,77.14
2026-01-02 16:39:00,R06,Pick-and-Place,Zone_C,40.65,59.36,24.39,3.48,0.556,10.46,1256.2,52.57,3,385,3.67,101.92,177.64,0.119,-0.094,9.846,2.21,0.533,-3.986,75.82,50.1,7.32,1.05,-62.04,141.48
2026-01-02 16:40:00,R08,Inspection,Zone_C,33.57,53.62,22.09,4.27,0.043,2.67,1485.1,57.11,5,318.1,1.47,101.55,172.52,-0.066,-0.327,9.733,-2.465,-0.841,0.407,62.2,51.82,11.71,1.18,-50.72,85.59
2026-01-02 16:41:00,R08,Pick-and-Place,Zone_C,41.88,68.07,25.8,4.53,0.349,5.53,1322,56.35,0,220.6,1.41,100.89,148.21,-0.7,0.084,9.633,-0.553,-2.367,-1.262,65.34,43.92,24.57,30.27,-60.74,103.72
2026-01-02 16:42:00,R08,Idle,Zone_B,34.24,56.28,25.02,2.77,1.205,6.01,1476.2,50.63,1,240.9,0.32,103.95,40.13,-0.059,0.099,9.745,0.021,2.997,1.83,69.97,44.78,29.03,6.9,-58.25,75.58
2026-01-02 16:43:00,R01,Idle,Zone_D,42.35,55.16,25.11,9.92,0.251,11,1374.3,59.32,1,233.6,0.54,100.04,71.78,0.084,-0.06,9.972,0.779,-1.394,0.37,65.26,53.42,9.92,7.96,-52.85,99.99
2026-01-02 16:44:00,R08,Navigation,Zone_B,43.23,60.52,25.3,6.5,0.366,11.1,1616.8,49.62,0,228,0.19,96.4,150.81,0.03,-0.187,10.052,-4.738,1.979,-3.463,83.86,43.24,9.12,6.76,-46.45,65.08
2026-01-02 16:45:00,R01,Inspection,Zone_A,40.37,63.26,24.48,2.78,0.234,14.94,1417.5,52.69,2,274,4.04,101.01,122.54,0.056,0.658,9.465,-1.542,1.512,-0.111,66.97,56.23,16.49,10.77,-43.79,92.74
2026-01-02 16:46:00,R03,Pick-and-Place,Zone_A,44.28,61.9,22.19,2.1,1.072,17.93,1223.3,50.3,4,239.2,12.04,103.43,235.95,0.349,0.068,9.831,1.153,2.458,3.567,71.12,49.39,2.81,7.39,-44.9,36.62
2026-01-02 16:47:00,R01,Charging,Zone_B,37.58,49.03,22,7.96,0.108,6.97,1234,57.35,2,127,3.86,100.17,135.55,0.435,-0.267,9.645,-1.8,-2.945,3.886,74.5,54.11,7.7,12.73,-57.04,132.93
2026-01-02 16:48:00,R03,Inspection,Zone_D,37.64,67.2,25.46,5.97,1.166,7.36,1500.8,54.38,6,18.9,2.11,100.05,64.32,-0.004,-0.173,9.852,-1.881,1.644,-2.16,53.32,47.7,4.75,15.61,-66.97,171.53
2026-01-02 16:49:00,R06,Inspection,Zone_B,40.72,59.05,25.15,1.74,0.73,11.41,1274.1,45.92,1,187.8,2.65,103.57,123.54,0.263,-0.218,10.09,-2.69,-1.479,2.536,73.59,51,8.04,20.11,-60.5,75.58
2026-01-02 16:50:00,R08,Charging,Zone_D,36.81,49.63,24.04,1.01,0.384,9.44,1903,45.58,3,130.8,3.32,99.42,134.17,-0.146,0.007,10.336,0.809,1.626,-1.937,72.18,49.09,14.82,10.13,-56.91,126.12
2026-01-02 16:51:00,R07,Navigation,Zone_B,40.41,48.92,23.34,8.49,0.512,10.7,1544.2,54.9,4,342.4,5.69,100.29,81.16,0.147,-0.262,10.546,-0.78,-2.657,1.537,62.64,53.98,1.74,73.14,-62.05,96.59
2026-01-02 16:52:00,R07,Pick-and-Place,Zone_C,42.37,39.35,24.04,3.93,1.699,3.56,1367.6,48.64,5,334.8,2.5,99.86,71.85,0.312,-0.135,10.186,-2.13,0.058,-1.235,64.63,49.59,25.33,4.18,-57.44,157.07
2026-01-02 16:53:00,R06,Pick-and-Place,Zone_D,44.63,54.27,22.86,3.1,1.603,1.28,972.1,54.7,2,36.6,0.16,101.7,121.42,-0.225,0.016,9.642,-1.828,1.94,2.576,76.13,44.85,7.38,8.54,-57.85,124.75
2026-01-02 16:54:00,R07,Idle,Zone_C,41.16,57.46,24.52,5.54,0.512,8.55,1664.7,54.44,1,97.3,2.05,100.21,69.51,-0.118,0.102,10.154,-3.717,1.236,0.527,65.07,51.37,6.56,27.9,-54.98,120.34
2026-01-02 16:55:00,R05,Navigation,Zone_A,38.73,56.47,25.58,3.19,0.383,9.56,1562.9,56.47,2,295.8,2.64,102.73,211.24,0.635,-0.104,9.899,-0.679,0.142,1.163,51.81,40.68,15.84,44.23,-54.31,115.51
2026-01-02 16:56:00,R04,Pick-and-Place,Zone_B,38.6,59.25,22.11,4.48,1.161,2.53,1373.1,49.36,3,68.4,4.39,101.37,57.55,0.199,0.18,9.493,0.47,0.437,0.473,67.65,52.06,16.99,10.47,-47.79,205.65
2026-01-02 16:57:00,R04,Idle,Zone_B,35.06,48.95,25.81,3.44,0.082,5.87,1301.2,53.09,2,364.7,6.17,99.26,191.92,-0.401,-0.067,10.229,0.356,-0.262,-1.279,62.65,41.3,12.84,9.18,-56.43,58.78
2026-01-02 16:58:00,R04,Navigation,Zone_A,36.43,42.24,22.49,3.79,0.383,2.21,1134.2,54.62,1,380.8,7.79,97.28,91.35,-0.456,0.381,9.707,-1.334,-0.084,-2.866,63.36,50.78,11.7,50.52,-52.49,142.41
2026-01-02 16:59:00,R07,Charging,Zone_C,31,65.73,23.98,2.7,0.786,4.07,1383.4,49.69,2,290.6,0.52,100.65,38.65,-0.084,0.022,9.934,1.977,-0.049,-2.207,67.65,53.41,3.79,131.66,-55.74,86.17
2026-01-02 17:00:00,R05,Inspection,Zone_A,34.84,57.34,22.75,1.68,0.528,4,1509.6,55.92,1,213.4,0.16,102.79,116.08,-0.248,0.106,9.815,-2.061,-1.977,0.724,67.28,44.22,11.39,14.68,-55.18,111.04
2026-01-02 17:01:00,R01,Pick-and-Place,Zone_A,45.25,52.66,23.16,10.47,0.392,2.36,1181,52.16,4,147.1,0.44,102.7,114.94,-0.113,-0.307,9.922,-0.076,2.112,0.869,64.9,33.59,11.24,21.54,-59.34,117.42
2026-01-02 17:02:00,R02,Inspection,Zone_A,36.18,56.52,24.76,8.1,1.916,18.82,1231.5,51.59,1,103.8,0.39,103.02,93.73,-0.475,0.089,9.905,0.399,1.012,0.362,60.31,44.49,7.33,14.65,-55.74,122.45
2026-01-02 17:03:00,R01,Inspection,Zone_A,44.3,58.4,25.92,1.75,1.816,5.1,1356.7,57.82,0,262.2,4.33,104.42,96.87,-0.164,0.109,9.512,1.159,-3.088,-2.776,62.27,47.23,13.7,0.56,-58.32,79.29
2026-01-02 17:04:00,R04,Pick-and-Place,Zone_A,43.76,54.96,22.84,3.15,0.2,12.84,1322.4,57.69,4,40.6,1.53,101.76,63.4,-0.562,-0.175,9.681,0.538,-2.054,-1.034,69.66,50.92,3.56,51.95,-50.79,91.78
2026-01-02 17:05:00,R05,Inspection,Zone_D,38.89,52.07,22.82,1.81,0.414,3.01,1635.9,61.55,4,287.3,1.26,103.16,84.74,0.204,0.014,9.799,-0.646,-0.199,0.964,66.9,49.02,7.72,23.98,-52.12,249.71
2026-01-02 17:06:00,R07,Navigation,Zone_A,43.13,52.78,25.42,4.37,0.925,7.97,1496.4,47.48,1,43,2.09,98.44,57.17,0.077,-0.258,9.888,1.911,1.236,-1.143,68.1,49.63,25.66,27.18,-65.15,108.43
2026-01-02 17:07:00,R02,Inspection,Zone_A,39.9,45.56,24.73,6.3,1.435,8.85,1482.4,42.42,6,358.2,5.32,102.7,67.58,-0.063,0.196,9.577,0.106,1.014,-2.707,68.73,46.89,3.25,26.26,-49.43,78.89
2026-01-02 17:08:00,R05,Pick-and-Place,Zone_D,41.75,64.57,25,3.96,3.893,4.89,1195.3,52.3,2,190.5,2.34,100.14,37.82,-0.167,0.118,9.462,2.646,-1.723,1.624,67.16,45.34,12.53,10.82,-52.69,76.09
2026-01-02 17:09:00,R07,Charging,Zone_A,37.11,53.05,23.7,9.38,0.574,4.33,1673.2,48.71,2,143.3,2.93,101.53,55.27,0.154,-0.042,9.476,1.999,-2.752,1.796,68.81,51.13,3.61,58.4,-57.07,216.44
2026-01-02 17:10:00,R06,Navigation,Zone_A,40.11,43.05,23.78,3.68,0.387,6.37,1712.5,50.91,4,373.3,0.3,103.02,100.39,0.335,-0.338,9.888,1.754,-0.258,-1.799,63.8,51.71,15.07,29.6,-58.22,82.4
2026-01-02 17:11:00,R04,Inspection,Zone_A,44.1,50.34,23.63,6.27,0.985,2.23,1726.8,55.81,3,306.2,5.77,95.65,125.92,0.362,-0.066,9.651,2.184,0.745,0.369,55.59,46.74,51.23,12.47,-59.33,92.83
2026-01-02 17:12:00,R06,Navigation,Zone_B,43.39,57.03,25.7,3.11,0.314,3.93,1684.5,47.35,4,183.2,0.83,102.56,81.08,0.016,-0.397,9.797,0.739,-1.211,-0.73,59.99,45.83,6.51,26.43,-47.52,69.64
2026-01-02 17:13:00,R02,Pick-and-Place,Zone_B,43.37,63.96,22.19,5.44,0.157,3.28,1443,52.19,4,66.1,0.16,104.39,124.11,0.471,0.231,9.605,0.699,-3.028,2.228,51.74,48.64,10.47,125.91,-53.56,76.26
2026-01-02 17:14:00,R05,Pick-and-Place,Zone_C,44.34,67.4,24.81,6.15,0.761,2.65,1761,41.44,7,208.3,1.36,98.45,68.8,-0.054,0.221,10.315,1.267,-1.317,1.545,65.72,48.44,7.43,11.02,-59.16,115.26
2026-01-02 17:15:00,R06,Navigation,Zone_A,46.93,56.35,24.26,5.39,0.161,2.21,1430.4,50.01,6,257.7,0.52,100.62,58.04,-0.397,-0.147,10.191,2.476,2.292,2.769,74.35,46.55,4.33,24.46,-52.22,67.26
2026-01-02 17:16:00,R01,Pick-and-Place,Zone_B,38.56,45.13,23.05,0.79,0.45,5.47,1494.3,56.74,3,186.7,1.23,103.49,62.73,-0.17,0.076,10.135,-2.759,-1.279,2.089,62.69,41.83,10.24,6.38,-55.65,114.34
2026-01-02 17:17:00,R06,Pick-and-Place,Zone_D,40.54,51.52,23.84,4.49,0.735,9.31,1546.1,47.85,2,25.7,0.5,102.62,70.22,-0.656,-0.016,9.646,1.914,0.129,-0.88,74.07,50.07,29.62,33.84,-60.69,134.86
2026-01-02 17:18:00,R02,Navigation,Zone_D,39.37,58.28,25.41,4.69,0.308,14.35,1854.8,54.23,4,260.3,0.96,101.48,106.69,0.116,0.241,9.726,0.13,3.308,-0.473,61.09,48.85,9.91,14.31,-55.22,91.66
2026-01-02 17:19:00,R08,Pick-and-Place,Zone_C,44.92,44.78,22.82,4.58,0.74,5.65,1348.2,48.74,4,337.8,0.64,101.66,84.1,0.125,-0.331,9.792,-2.586,-0.523,0.867,69.23,47.25,14.03,74.67,-52.14,42.87
2026-01-02 17:20:00,R08,Pick-and-Place,Zone_C,36.57,50.69,22.52,5.21,1.513,9.11,1491.3,55.2,4,274,0.45,99.78,100.62,0.047,-0.106,9.685,-2.64,-2.577,1.09,71.18,57.11,19.71,241.81,-42.46,83.41
2026-01-02 17:21:00,R01,Charging,Zone_D,49.33,61.39,23.8,3.06,3.292,3.72,1317.2,53.93,1,124.6,0.99,99.45,55.02,-0.256,0.284,10.383,0.061,-1.998,-2.672,68.84,44.97,9.31,3.77,-56.8,69.91
2026-01-02 17:22:00,R07,Idle,Zone_C,38.58,62.35,24.67,6.07,0.095,5.73,1328.5,45.74,1,60.4,9.31,98.32,80.46,-0.013,0.247,10.159,-0.091,-2.274,0.405,59.37,51.02,29.01,23.02,-74.41,155.23
2026-01-02 17:23:00,R03,Pick-and-Place,Zone_D,41.06,56.05,22.96,4.89,3.444,8.58,1546.2,52.82,2,302.9,4.85,99.36,48.66,-0.131,0.114,9.425,2.027,2.699,0.122,73.47,54.65,5.71,14.63,-54.89,132.82
2026-01-02 17:24:00,R02,Navigation,Zone_B,40.63,53.96,24.98,5.31,0.742,3.15,1146.1,50.79,3,396.9,3.25,103.58,68.17,0.162,0.078,9.733,3.778,-0.471,-0.3,69.42,46.64,20.58,,-55.67,110.99
2026-01-02 17:25:00,R03,Navigation,Zone_B,34.34,59.94,22.88,4.26,1.98,4.06,1417.3,42.53,4,147.5,0.47,99.36,98.72,-0.546,-0.062,9.636,1.589,1.431,-0.58,74.79,46.35,15.29,0.58,-41.31,109.45
2026-01-02 17:26:00,R08,Pick-and-Place,Zone_A,37.41,58.89,22.19,10.78,0.029,4.83,1365.8,50.23,1,194.7,2.65,98.23,39.28,0.438,0.145,10.145,0.324,-0.918,-1.061,70.09,44.16,29.97,9.74,-39.71,78.85
2026-01-02 17:27:00,R01,Navigation,Zone_C,38.42,54.61,23.61,1.97,0.406,9.81,1276.7,55.9,2,210.7,3.37,99.26,81.02,-0.249,0.097,9.143,3.072,1.244,-1.28,60.06,51.75,4.54,54.11,-55.85,151.41
2026-01-02 17:28:00,R08,Pick-and-Place,Zone_A,33.08,68.25,25.07,5.24,0.477,8.44,1488.6,48.09,3,99.3,0.54,101.13,227.65,0.071,-0.038,9.945,-3.366,-2.608,3.888,58.76,50.77,12.47,67.57,-56.5,140.25
2026-01-02 17:29:00,R05,Navigation,Zone_B,44.23,41.73,22.57,7.48,0.486,6.67,1218.1,60.32,5,176.3,3.97,103.22,48.81,0.235,0.336,9.672,1.052,-0.669,2.624,66.64,49.56,0.29,9.78,-64.67,39.04
2026-01-02 17:30:00,R02,Pick-and-Place,Zone_D,38.44,60.85,24.93,4.1,1.161,7.26,1628.3,47.62,3,,3.1,102.57,59.72,0.108,-0.005,9.811,-0.094,-0.473,1.177,75.1,42.02,5.69,44.87,-63,104.12
2026-01-02 17:31:00,R08,Navigation,Zone_A,38.84,50.87,24.03,1.48,0.272,11.81,1482.1,53.09,2,63.9,1.86,101.05,55.19,-0.025,-0.129,9.834,1.483,3.308,0.278,72.85,50.6,10.92,17.44,-52.21,109.69
2026-01-02 17:32:00,R03,Navigation,Zone_A,43.01,41.49,24.04,1.99,0.203,6,1417.9,50.91,9,154.3,0.26,102.87,60.35,-0.049,-0.229,9.638,-0.161,0.312,-0.627,82.16,36.85,23.48,25.6,-49.85,115.72
2026-01-02 17:33:00,R05,Inspection,Zone_C,36.56,53.9,23.22,3.05,0.246,7.67,1429.3,49.72,1,399.4,8.37,101.61,218.15,-0.215,0.242,10.61,-0.627,-0.369,3.476,65.56,54.23,7.26,24.86,-57.57,55.46
2026-01-02 17:34:00,R08,Pick-and-Place,Zone_D,47.04,46.6,22.12,2.04,0.61,10.14,1545.6,43.26,4,320.2,4.84,103.69,167.03,-0.481,0.149,9.865,0.261,-0.074,2.58,70.55,52.18,6.82,2.93,-54,134.46
2026-01-02 17:35:00,R07,Navigation,Zone_C,44.82,52.91,22.54,3.97,1.108,7.99,1336.7,57.09,4,213.8,0.22,103.69,60.29,-0.293,-0.044,9.489,-1.978,1.221,3.946,65.24,45.66,18.39,15.02,-52.72,162.74
2026-01-02 17:36:00,R04,Pick-and-Place,Zone_C,39.82,48.44,25.35,3.04,1.831,3.63,1402.8,42.65,3,102.2,3.57,101.43,49.86,-0.147,0.231,9.533,0.593,0.223,1.79,61.51,49.03,7.97,36.59,-60.53,78.94
2026-01-02 17:37:00,R08,Inspection,Zone_D,38.67,63.83,24.45,1.46,0.204,9.01,1721,50.94,3,10.5,1.68,100.2,55.09,0.025,0.094,10.238,0.635,-0.429,-0.642,69.13,51.29,7.25,21.99,-45,111.47
2026-01-02 17:38:00,R03,Charging,Zone_A,42.24,53.16,25.89,4.84,0.795,10.23,1458,50.95,3,266.7,0.75,105.32,88.09,-0.021,0.549,9.838,0.094,-2.256,-1.558,63.41,47.65,10.25,23.31,-59.96,88.67
2026-01-02 17:39:00,R06,Navigation,Zone_B,36.79,55.5,22.27,2.75,1.327,3.87,1358,56.44,2,202.5,0.44,102.33,85.69,-0.113,-0.339,9.088,1.745,0.868,0.187,55.6,50.66,12.1,54.31,-52.92,165.85
2026-01-02 17:40:00,R06,Idle,Zone_C,37.27,74.42,25.69,2.15,0.29,9.98,1783.5,47.21,3,39.5,1.74,102.82,89.93,-0.258,-0.311,9.52,-1.201,1.884,-1.006,72.53,45.72,9.12,82.13,-50.67,98.02
2026-01-02 17:41:00,R06,Idle,Zone_D,37.25,47.57,25.24,1.98,0.69,2.58,1338.5,55.23,5,205.4,0.64,104.17,290.55,-0.167,0.247,9.147,-0.892,6.33,-0.698,68.61,48.92,35.58,27.05,-55.55,162.7
2026-01-02 17:42:00,R05,Pick-and-Place,Zone_B,43.61,57,22.48,2.73,0.151,6.36,1523.9,55.11,4,252.5,4.92,101.37,44.66,-0.035,0.393,9.73,1.265,1.148,-1.085,58.63,44.8,12.75,1.6,-55.49,103.05
2026-01-02 17:43:00,R03,Pick-and-Place,Zone_A,35.19,56.35,25.52,4.41,0.447,6.47,1546,63.99,1,156.5,1.33,98.93,81.42,0.165,-0.048,10.045,1.336,4.145,-0.027,56.94,54.16,13.14,40.72,-47.99,125.67
2026-01-02 17:44:00,R02,Navigation,Zone_D,42.7,58.98,22.96,3.43,0.095,6.29,1413.8,53.55,3,152.1,2.55,101.66,157.63,0.171,-0.45,9.684,-3.365,3.742,1.879,67.89,42.7,10.13,61.53,-65.5,96.91
2026-01-02 17:45:00,R02,Charging,Zone_D,40.4,61.53,22.94,5.25,0.135,6.54,1285.9,61.89,0,57.2,5.09,103.53,61.03,0.187,-0.106,10.448,1.658,0.821,-4.738,64.38,49.27,23.77,64.43,-50.94,68.21
2026-01-02 17:46:00,R03,Pick-and-Place,Zone_C,45.09,61.95,24.61,3.45,0.796,4.26,1464.2,42.45,2,358.3,0.69,102.9,59.04,-0.273,0.26,9.111,2.59,-3.115,0.343,60.93,52.44,3.18,12.96,-57.57,46.26
2026-01-02 17:47:00,R07,Inspection,Zone_C,42.61,41.26,25.01,3.68,2.945,9.01,1714.8,53.74,3,45,1.74,101.17,81.34,-0.138,0.362,10.106,-3.522,-0.188,-3.301,77.68,56.47,4.22,58.2,-59.3,142.08
2026-01-02 17:48:00,R02,Charging,Zone_B,47.27,47.43,25.74,4.04,0.117,5.74,1534.8,50.96,1,51.6,2.52,105.83,92.3,0.017,0.065,9.81,-2.259,0.106,3.394,60.12,50.22,2.58,23.62,-42.87,94.59
2026-01-02 17:49:00,R05,Idle,Zone_D,36.26,58.87,22.25,4.21,0.358,5.78,1434.4,55.94,2,321.3,2.61,99.79,190.85,0.207,-0.155,9.834,-3.055,-0.873,1.535,71.49,45.67,10.55,68.37,-49.11,73.74
2026-01-02 17:50:00,R07,Navigation,Zone_B,38.21,66.47,25.33,1.85,0.289,8.2,1368.9,49.52,2,267.1,0.14,100.61,56.46,-0.179,-0.068,9.872,-3.117,-2.25,1.936,66.04,52.7,9.03,18.55,-48.87,83.72
2026-01-02 17:51:00,R02,Pick-and-Place,Zone_C,43.17,49.07,24.6,2.37,1.187,4.37,1477.2,54.33,4,255.1,9.63,107.38,44.12,-0.215,-0.059,9.492,2.25,-0.188,-2.512,71.35,40.38,1.59,120.12,-57.86,101.78
2026-01-02 17:52:00,R06,Charging,Zone_B,35.23,62.15,24.57,7.19,1.69,11.48,1454.1,56.39,2,290.3,2.06,99.91,53.93,0.022,-0.297,10.097,-1.552,-0.367,-0.494,82.47,45.34,8.17,5.78,-48.84,95.31
2026-01-02 17:53:00,R03,Pick-and-Place,Zone_C,36.99,55.54,22.12,2.52,0.848,1.94,1229.4,55.64,2,277.1,3.33,104.62,47.58,0.12,0.125,9.852,0.331,2.632,-0.929,71.87,40.5,10.49,18.04,-58.01,187.4
2026-01-02 17:54:00,R03,Inspection,Zone_A,38.61,59.07,22.78,2.2,0.544,8.57,1144.5,56.51,3,147.9,7.86,101.8,129.61,-0.447,-0.066,9.575,2.218,0.276,3.508,69.46,50.36,7.56,4.28,-55.55,79.24
2026-01-02 17:55:00,R03,Navigation,Zone_B,34.62,51.84,21.99,6.79,1.939,7.22,1485.4,56.42,2,372.8,8.5,98.11,80.78,-0.364,-0.204,9.805,1.188,-1.154,-3.298,56.69,44.91,26.17,1.01,-42.35,125.57
2026-01-02 17:56:00,R07,Charging,Zone_D,42.73,44.72,22.82,4.09,0.301,7.72,1756.9,51.55,1,312.6,2.53,100.02,78.75,0.099,0.474,9.317,3.533,0.703,1.901,59.4,54.32,11.93,1.92,-62.38,127.85
2026-01-02 17:57:00,R03,Idle,Zone_A,38.05,53.04,24.05,2.55,0.178,6.96,1517.9,46.91,3,251.9,1.6,103.81,30.78,0.066,0.199,9.778,-1.354,-3.733,0.128,73.63,54.47,7.16,29.31,-64.63,61.84
2026-01-02 17:58:00,R08,Idle,Zone_B,38.06,58.52,24.65,3.6,2.355,7.4,1155.2,56.48,3,97.2,3.02,100.33,125.47,0.57,-0.533,9.226,0.142,-0.014,-0.2,60.69,50.47,23.32,6.39,-54.86,135.05
2026-01-02 17:59:00,R02,Inspection,Zone_D,40.11,46.61,24.67,2.65,1.301,2.67,1461.5,43.3,6,287.3,1.08,101.66,88.49,-0.12,0.273,10.077,0.039,-2.183,-1.969,64.14,44.05,9.4,18.76,-61.59,159.91
2026-01-02 18:00:00,R03,Inspection,Zone_D,34.84,56.47,24.22,1.93,0.698,3.41,1344.3,61.39,1,154,1.6,96.89,69.24,-0.042,0.517,10.488,0.144,-2.152,0.097,69.79,43.73,5.13,21.72,-46.52,74.2
2026-01-02 18:01:00,R05,Inspection,Zone_C,44.27,47.33,24.85,1.93,1.77,3.34,1509.1,52.63,3,131.8,4.97,101.6,84.92,-0.121,0.079,9.698,-2.02,-1.077,-2.65,68.3,45.45,20.63,0.51,-50.28,78.15
2026-01-02 18:02:00,R07,Navigation,Zone_B,40.41,55.69,23.4,6.41,0.549,8.41,1656,53.36,0,317.1,0.81,100.73,33.59,-0.431,0.094,9.818,1.627,0.004,-3.228,75.76,47.91,14.36,5.84,-71.37,71.93
2026-01-02 18:03:00,R07,Navigation,Zone_C,42.16,56.68,21.99,2.55,0.153,17.5,1494.8,55.75,1,108.2,1.19,100.48,86.2,0.119,-0.176,9.253,0.901,0.649,-1.911,71.54,43.36,18.82,13.4,-61.97,164.06
2026-01-02 18:04:00,R04,Navigation,Zone_B,37.46,47.61,22.21,2.17,0.241,8.7,1545.9,52.9,9,389.3,3.98,104.83,126.94,-0.03,0.046,10.03,3.485,-2.057,1.742,57.76,45.93,12.24,24.05,-54.05,96.95
2026-01-02 18:05:00,R04,Navigation,Zone_D,40.8,62.78,25.87,2.01,0.484,4.14,1437.5,50.91,1,171,5.58,99.79,74.68,-0.087,-0.068,9.924,1.212,-0.425,1.366,77.02,50.86,4.83,18.38,-82.18,87.52
2026-01-02 18:06:00,R06,Charging,Zone_A,32.08,50.14,25.25,7.36,1.12,12.7,1290.1,48.11,1,156.2,0.73,103.31,46.2,-0.14,0.001,9.574,-3.092,-6.31,1.614,66,42.93,4.99,54.83,-55.14,89.1
2026-01-02 18:07:00,R05,Charging,Zone_C,44.91,54.27,24.73,2.77,1.424,4.87,1452.1,49.38,5,13.2,4.14,102.32,60.19,0.01,0.037,9.836,-0.43,-1.104,0.301,60.1,44.47,3.21,43.4,-51.43,89.29
2026-01-02 18:08:00,R06,Navigation,Zone_B,41.45,54.45,22.66,4.64,0.044,8.72,1271.1,47.37,0,56.8,0.63,97.65,91.81,-0.05,0.249,10.072,1.179,1.519,-0.769,73.84,52.49,7.9,54.59,-53.2,67.23
2026-01-02 18:09:00,R06,Inspection,Zone_D,26.94,60.93,24.03,7.98,0.049,10.33,913.8,55.65,2,167.3,0.18,105.22,72.6,0.019,0.186,9.58,0.638,-1.398,-0.193,67.81,48,12.17,1.57,-66.17,90.5
2026-01-02 18:10:00,R04,Navigation,Zone_B,42.51,50.88,23.42,4.82,0.404,3.38,1821.4,60.05,4,177.5,2.07,103.56,47.86,0.164,0.003,9.308,1.065,-0.593,0.583,82.06,43.62,6.47,15.68,-60.4,90.25
2026-01-02 18:11:00,R05,Pick-and-Place,Zone_D,42.72,51.24,22.62,4.11,0.544,28.19,1230.4,54.88,5,198.3,0.6,100.02,139.82,-0.196,0.29,8.984,-2.159,-2.227,-1.197,63.78,53.2,14.33,17.05,-54.12,71.74
2026-01-02 18:12:00,R03,Pick-and-Place,Zone_D,42.17,67.93,25.65,3.68,0.56,4.34,1624.8,57.23,3,367.8,4.82,98.09,62.17,0.09,0.19,10.077,3.048,1.603,1.11,59.8,50.74,16.63,68.54,-58.57,45.83
2026-01-02 18:13:00,R03,Navigation,Zone_A,43.22,65.58,25.31,5.58,0.871,7.29,1636.6,56.24,2,53.8,1.28,100.82,67.09,-0.286,0.032,9.841,-1.133,0.875,0.158,69.16,41.19,9.7,12.35,-56.38,66.14
2026-01-02 18:14:00,R02,Navigation,Zone_D,36.12,58.65,23.8,1.18,1.763,7.47,1403.1,51.05,4,231.7,2.09,98.82,64.5,-0.026,-0.325,10.062,1.476,2.428,-0.217,61.79,43.43,11.09,53.47,-77.19,106.85
2026-01-02 18:15:00,R07,Charging,Zone_D,41.39,71.33,24.38,10.32,0.607,4.04,1360.5,54.22,5,219.4,1.46,104.04,111.77,0.029,0.155,9.901,1.08,-3.465,-0.392,60.63,47.31,18.82,41.35,-50.38,104.74
2026-01-02 18:16:00,R06,Pick-and-Place,Zone_A,37.1,39.49,25.03,3.5,0.014,7.99,1523.4,51.84,2,147.3,0.03,102.32,136.23,-0.293,0.097,9.514,0.435,-3.053,-0.32,67.35,48.6,13.29,14.32,-47.17,149.03
2026-01-02 18:17:00,R05,Navigation,Zone_C,41.09,53.15,24.29,3.45,1.259,4.57,1489.8,53.3,4,193.3,2.55,101.42,62.42,0.451,0.513,9.466,5.446,-1.576,-1.796,62.24,48.12,32.36,26.42,-52.18,181.98
2026-01-02 18:18:00,R03,Pick-and-Place,Zone_A,35.05,59.04,23.55,3.75,0.651,12.49,1306.6,53.02,2,38.7,0.75,99.27,101.1,0.161,0.076,9.885,-0.426,0.253,-3.707,74.35,42.6,14.66,23.7,-60.86,195.92
2026-01-02 18:19:00,R08,Pick-and-Place,Zone_D,42.71,70.56,24.25,4.29,0.989,7.07,1534.7,57.22,2,138.3,4.28,102.11,144.25,-0.145,-0.333,9.61,-1.346,-2.869,-1.922,79.38,47.7,3.47,6.47,-36.28,148.72